Rank,Category,Company,Revenue,Country
1, ğŸ’Š Pharmaceuticals,CVS Health,$347.80 B,USA
2, ğŸ’Š Pharmaceuticals,Walgreens Boots Alliance,$139.08 B,USA
3, ğŸ’Š Pharmaceuticals,Johnson & Johnson,$91.32 B,USA
4, ğŸ’Š Pharmaceuticals,Sinopharm,$80.05 B,China
5, ğŸ’Š Pharmaceuticals,Pfizer,$68.53 B,USA
6, ğŸ’Š Pharmaceuticals,Roche,$68.50 B,Switzerland
7, ğŸ’Š Pharmaceuticals,Merck,$59.31 B,USA
8, ğŸ’Š Pharmaceuticals,AbbVie,$55.13 B,USA
9, ğŸ’Š Pharmaceuticals,Novartis,$52.32 B,Switzerland
10, ğŸ’Š Pharmaceuticals,Bayer,$51.47 B,Germany
11, ğŸ’Š Pharmaceuticals,Sanofi,$49.13 B,France
12, ğŸ’Š Pharmaceuticals,AstraZeneca,$44.99 B,UK
13, ğŸ’Š Pharmaceuticals,Bristol-Myers Squibb,$44.93 B,USA
14, ğŸ’Š Pharmaceuticals,GlaxoSmithKline,$36.53 B,UK
15, ğŸ’Š Pharmaceuticals,China Resources Pharmaceutical Group,$32.58 B,Hong Kong
16, ğŸ’Š Pharmaceuticals,Eli Lilly,$32.07 B,USA
17, ğŸ’Š Pharmaceuticals,Novo Nordisk,$30.98 B,Denmark
18, ğŸ’Š Pharmaceuticals,Takeda Pharmaceutical,$29.84 B,Japan
19, ğŸ’Š Pharmaceuticals,Gilead Sciences,$27.39 B,USA
20, ğŸ’Š Pharmaceuticals,Amgen,$26.83 B,USA
21, ğŸ’Š Pharmaceuticals,Rite Aid,$23.47 B,USA
22, ğŸ’Š Pharmaceuticals,Merck KGaA,$23.06 B,Germany
23, ğŸ’Š Pharmaceuticals,Viatris,$15.46 B,USA
24, ğŸ’Š Pharmaceuticals,Teva Pharmaceutical Industries,$15.27 B,Israel
25, ğŸ’Š Pharmaceuticals,Baxter,$14.95 B,USA
26, ğŸ’Š Pharmaceuticals,Otsuka Holdings,$13.97 B,Japan
27, ğŸ’Š Pharmaceuticals,LabCorp,$13.54 B,USA
28, ğŸ’Š Pharmaceuticals,CSL,$13.17 B,Australia
29, ğŸ’Š Pharmaceuticals,Regeneron Pharmaceuticals,$13.09 B,USA
30, ğŸ’Š Pharmaceuticals,Astellas Pharma,$10.94 B,Japan
31, ğŸ’Š Pharmaceuticals,Daiichi SankyÅ,$10.01 B,Japan
32, ğŸ’Š Pharmaceuticals,Biogen,$9.99 B,USA
33, ğŸ’Š Pharmaceuticals,Vertex Pharmaceuticals,$9.65 B,USA
34, ğŸ’Š Pharmaceuticals,Chugai Pharmaceutical,$9.26 B,Japan
35, ğŸ’Š Pharmaceuticals,Moderna,$9.12 B,USA
36, ğŸ’Š Pharmaceuticals,Zoetis,$8.37 B,USA
37, ğŸ’Š Pharmaceuticals,ICON plc,$8.01 B,Ireland
38, ğŸ’Š Pharmaceuticals,Bausch Health,$8.01 B,Canada
39, ğŸ’Š Pharmaceuticals,BioNTech,$7.10 B,Germany
40, ğŸ’Š Pharmaceuticals,Grifols,$6.84 B,Spain
41, ğŸ’Š Pharmaceuticals,Lonza,$6.73 B,Switzerland
42, ğŸ’Š Pharmaceuticals,Organon,$6.15 B,USA
43, ğŸ’Š Pharmaceuticals,UCB,$5.90 B,Belgium
44, ğŸ’Š Pharmaceuticals,WuXi AppTec,$5.74 B,China
45, ğŸ’Š Pharmaceuticals,Sun Pharmaceutical,$5.52 B,India
46, ğŸ’Š Pharmaceuticals,Eisai,$5.46 B,Japan
47, ğŸ’Š Pharmaceuticals,Perrigo,$4.65 B,Ireland
48, ğŸ’Š Pharmaceuticals,Elanco,$4.37 B,USA
49, ğŸ’Š Pharmaceuticals,Galenica,$4.34 B,Switzerland
50, ğŸ’Š Pharmaceuticals,Catalent,$4.23 B,USA
51, ğŸ’Š Pharmaceuticals,Jazz Pharmaceuticals,$3.79 B,Ireland
52, ğŸ’Š Pharmaceuticals,Shionogi,$3.66 B,Japan
53, ğŸ’Š Pharmaceuticals,Horizon Therapeutics,$3.64 B,Ireland
54, ğŸ’Š Pharmaceuticals,Incyte,$3.60 B,USA
55, ğŸ’Š Pharmaceuticals,Ono Pharmaceutical,$3.50 B,Japan
56, ğŸ’Š Pharmaceuticals,Richter Gedeon,$3.43 B,Hungary
57, ğŸ’Š Pharmaceuticals,Sino Biopharmaceutical,$3.43 B,China
58, ğŸ’Š Pharmaceuticals,Ipsen,$3.38 B,France
59, ğŸ’Š Pharmaceuticals,Aurobindo Pharma,$3.23 B,India
60, ğŸ’Š Pharmaceuticals,Dr. Reddy's,$3.23 B,India
61, ğŸ’Š Pharmaceuticals,Jiangsu Hengrui Medicine,$3.17 B,China
62, ğŸ’Š Pharmaceuticals,kyowa Kirin,$3.02 B,Japan
63, ğŸ’Š Pharmaceuticals,West Pharmaceutical,$2.92 B,USA
64, ğŸ’Š Pharmaceuticals,Lundbeck,$2.83 B,Denmark
65, ğŸ’Š Pharmaceuticals,Sumitomo Pharma,$2.83 B,Japan
66, ğŸ’Š Pharmaceuticals,Hikma Pharmaceuticals,$2.51 B,UK
67, ğŸ’Š Pharmaceuticals,Genmab,$2.45 B,Denmark
68, ğŸ’Š Pharmaceuticals,Royalty Pharma,$2.32 B,UK
69, ğŸ’Š Pharmaceuticals,Amneal Pharmaceuticals,$2.31 B,USA
70, ğŸ’Š Pharmaceuticals,BioMarin Pharmaceutical,$2.31 B,USA
71, ğŸ’Š Pharmaceuticals,Seagen,$2.30 B,USA
72, ğŸ’Š Pharmaceuticals,Taisho Pharmaceutical,$2.29 B,Japan
73, ğŸ’Š Pharmaceuticals,Clicks Group,$2.22 B,South Africa
74, ğŸ’Š Pharmaceuticals,Zydus Lifesciences,$2.22 B,India
75, ğŸ’Š Pharmaceuticals,WuXi Biologics,$2.21 B,China
76, ğŸ’Š Pharmaceuticals,Lupin Limited,$2.21 B,India
77, ğŸ’Š Pharmaceuticals,BeiGene,$2.20 B,China
78, ğŸ’Š Pharmaceuticals,United Therapeutics,$2.20 B,USA
79, ğŸ’Š Pharmaceuticals,Aspen Pharmacare,$2.17 B,South Africa
80, ğŸ’Š Pharmaceuticals,Endo International,$2.15 B,Ireland
81, ğŸ’Š Pharmaceuticals,Santen Pharmaceutical,$2.12 B,Japan
82, ğŸ’Š Pharmaceuticals,Recordati,$2.12 B,Italy
83, ğŸ’Š Pharmaceuticals,Swedish Orphan Biovitrum,$2.00 B,Sweden
84, ğŸ’Š Pharmaceuticals,Mallinckrodt Pharmaceuticals,$1.93 B,UK
85, ğŸ’Š Pharmaceuticals,Rohto Pharmaceutical,$1.84 B,Japan
86, ğŸ’Š Pharmaceuticals,Neurocrine Biosciences,$1.78 B,USA
87, ğŸ’Š Pharmaceuticals,Medpace,$1.78 B,USA
88, ğŸ’Š Pharmaceuticals,Exelixis,$1.77 B,USA
89, ğŸ’Š Pharmaceuticals,Medios AG,$1.76 B,Germany
90, ğŸ’Š Pharmaceuticals,Celltrion,$1.75 B,S. Korea
91, ğŸ’Š Pharmaceuticals,Alnylam Pharmaceuticals,$1.72 B,USA
92, ğŸ’Š Pharmaceuticals,Biocon,$1.64 B,India
93, ğŸ’Š Pharmaceuticals,Glenmark Pharmaceuticals,$1.62 B,India
94, ğŸ’Š Pharmaceuticals,Cipla,$1.60 B,India
95, ğŸ’Š Pharmaceuticals,Alkermes,$1.59 B,Ireland
96, ğŸ’Š Pharmaceuticals,Alkem Laboratories,$1.49 B,India
97, ğŸ’Š Pharmaceuticals,Novavax,$1.44 B,USA
98, ğŸ’Š Pharmaceuticals,Yuhan,$1.43 B,S. Korea
99, ğŸ’Š Pharmaceuticals,Hansoh Pharma,$1.36 B,China
100, ğŸ’Š Pharmaceuticals,Siegfried Holding,$1.33 B,Switzerland
101, ğŸ’Š Pharmaceuticals,Virbac SA,$1.30 B,France
102, ğŸ’Š Pharmaceuticals,Orion Corporation,$1.25 B,Finland
103, ğŸ’Š Pharmaceuticals,KOBAYASHI Pharmaceutical,$1.23 B,Japan
104, ğŸ’Š Pharmaceuticals,Torrent Pharmaceuticals,$1.22 B,India
105, ğŸ’Š Pharmaceuticals,Mankind Pharma,$1.19 B,India
106, ğŸ’Š Pharmaceuticals,Bio-Techne,$1.14 B,USA
107, ğŸ’Š Pharmaceuticals,Sarepta Therapeutics,$1.10 B,USA
108, ğŸ’Š Pharmaceuticals,Emergent BioSolutions,$1.07 B,USA
109, ğŸ’Š Pharmaceuticals,Nippon Shinyaku,$1.05 B,Japan
110, ğŸ’Š Pharmaceuticals,Indivior PLC,$1.00 B,USA
111, ğŸ’Š Pharmaceuticals,Argenx,$0.99 B,Netherlands
112, ğŸ’Š Pharmaceuticals,Almirall,$0.99 B,Spain
113, ğŸ’Š Pharmaceuticals,Dechra Pharmaceuticals,$0.96 B,UK
114, ğŸ’Š Pharmaceuticals,Piramal Pharma,$0.91 B,India
115, ğŸ’Š Pharmaceuticals,Laboratorios Farmaceuticos Rovi,$0.90 B,Spain
116, ğŸ’Š Pharmaceuticals,Divis Laboratories,$0.89 B,India
117, ğŸ’Š Pharmaceuticals,Hanmi Pharmaceutical,$0.86 B,S. Korea
118, ğŸ’Š Pharmaceuticals,KYORIN Pharmaceutical,$0.84 B,Japan
119, ğŸ’Š Pharmaceuticals,Evotec,$0.82 B,Germany
120, ğŸ’Š Pharmaceuticals,Ipca Laboratories,$0.80 B,India
121, ğŸ’Š Pharmaceuticals,PTC Therapeutics,$0.79 B,USA
122, ğŸ’Š Pharmaceuticals,Bavarian Nordic,$0.79 B,Denmark
123, ğŸ’Š Pharmaceuticals,Halozyme Therapeutics,$0.78 B,USA
124, ğŸ’Š Pharmaceuticals,Jubilant Pharmova,$0.77 B,India
125, ğŸ’Š Pharmaceuticals,Fagron,$0.73 B,Belgium
126, ğŸ’Š Pharmaceuticals,Alembic Pharmaceuticals,$0.71 B,India
127, ğŸ’Š Pharmaceuticals,Abbott India,$0.68 B,India
128, ğŸ’Š Pharmaceuticals,ALK-AbellÃ³,$0.68 B,Denmark
129, ğŸ’Š Pharmaceuticals,Hualan Biological Engineering,$0.68 B,China
130, ğŸ’Š Pharmaceuticals,Tilray,$0.65 B,Canada
131, ğŸ’Š Pharmaceuticals,Laurus Labs,$0.64 B,India
132, ğŸ’Š Pharmaceuticals,Supernus Pharmaceuticals,$0.63 B,USA
133, ğŸ’Š Pharmaceuticals,ACADIA Pharmaceuticals,$0.63 B,USA
134, ğŸ’Š Pharmaceuticals,Ionis Pharmaceuticals,$0.61 B,USA
135, ğŸ’Š Pharmaceuticals,Galapagos NV,$0.59 B,Belgium
136, ğŸ’Š Pharmaceuticals,Taro Pharmaceutical,$0.58 B,Israel
137, ğŸ’Š Pharmaceuticals,Inotiv,$0.58 B,USA
138, ğŸ’Š Pharmaceuticals,Bachem,$0.57 B,Switzerland
139, ğŸ’Š Pharmaceuticals,Biotest,$0.57 B,Germany
140, ğŸ’Š Pharmaceuticals,Granules India,$0.54 B,India
141, ğŸ’Š Pharmaceuticals,Maravai LifeSciences,$0.54 B,USA
142, ğŸ’Š Pharmaceuticals,Harmony Biosciences,$0.54 B,USA
143, ğŸ’Š Pharmaceuticals,Amphastar Pharmaceuticals,$0.54 B,USA
144, ğŸ’Š Pharmaceuticals,Collegium Pharmaceutical,$0.53 B,USA
145, ğŸ’Š Pharmaceuticals,Gland Pharma,$0.48 B,India
146, ğŸ’Š Pharmaceuticals,Faes Farma,$0.46 B,Spain
147, ğŸ’Š Pharmaceuticals,Dynavax Technologies,$0.45 B,USA
148, ğŸ’Š Pharmaceuticals,Strides Pharma,$0.45 B,India
149, ğŸ’Š Pharmaceuticals,Corcept Therapeutics,$0.45 B,USA
150, ğŸ’Š Pharmaceuticals,Zymeworks,$0.44 B,Canada
151, ğŸ’Š Pharmaceuticals,Ironwood Pharmaceuticals,$0.42 B,USA
152, ğŸ’Š Pharmaceuticals,Intra-Cellular Therapies,$0.41 B,USA
153, ğŸ’Š Pharmaceuticals,Ultragenyx,$0.41 B,USA
154, ğŸ’Š Pharmaceuticals,Procaps Group,$0.40 B,Luxembourg
155, ğŸ’Š Pharmaceuticals,ANI Pharmaceuticals,$0.40 B,USA
156, ğŸ’Š Pharmaceuticals,Amicus Therapeutics,$0.37 B,USA
157, ğŸ’Š Pharmaceuticals,Natco Pharma,$0.36 B,India
158, ğŸ’Š Pharmaceuticals,Valneva SE,$0.35 B,France
159, ğŸ’Š Pharmaceuticals,Sanofi India Limited,$0.34 B,India
160, ğŸ’Š Pharmaceuticals,Aarti Drugs,$0.32 B,India
161, ğŸ’Š Pharmaceuticals,Amarin Corporation,$0.32 B,Ireland
162, ğŸ’Š Pharmaceuticals,BioCryst Pharmaceuticals,$0.31 B,USA
163, ğŸ’Š Pharmaceuticals,Ginkgo Bioworks,$0.31 B,USA
164, ğŸ’Š Pharmaceuticals,Morphosys,$0.30 B,Germany
165, ğŸ’Š Pharmaceuticals,Intercept Pharmaceuticals,$0.30 B,USA
166, ğŸ’Š Pharmaceuticals,Glaukos,$0.30 B,USA
167, ğŸ’Š Pharmaceuticals,Catalyst Pharmaceuticals,$0.30 B,USA
168, ğŸ’Š Pharmaceuticals,PolyPeptide Group,$0.30 B,Switzerland
169, ğŸ’Š Pharmaceuticals,Innoviva,$0.29 B,USA
170, ğŸ’Š Pharmaceuticals,ImmunoGen,$0.28 B,USA
171, ğŸ’Š Pharmaceuticals,HUTCHMED,$0.26 B,Hong Kong
172, ğŸ’Š Pharmaceuticals,Arcturus Therapeutics,$0.26 B,USA
173, ğŸ’Š Pharmaceuticals,Eagle Pharmaceuticals,$0.25 B,USA
174, ğŸ’Š Pharmaceuticals,Arrowhead Pharmaceuticals,$0.25 B,USA
175, ğŸ’Š Pharmaceuticals,Zai Lab,$0.25 B,China
176, ğŸ’Š Pharmaceuticals,Kiniksa Pharmaceuticals,$0.24 B,Bermuda
177, ğŸ’Š Pharmaceuticals,Hikal,$0.24 B,India
178, ğŸ’Š Pharmaceuticals,POINT Biopharma,$0.24 B,USA
179, ğŸ’Š Pharmaceuticals,I-Mab Biopharma,$0.23 B,China
180, ğŸ’Š Pharmaceuticals,Vanda Pharmaceuticals,$0.23 B,USA
181, ğŸ’Š Pharmaceuticals,Marksans Pharma,$0.23 B,India
182, ğŸ’Š Pharmaceuticals,PeptiDream,$0.23 B,Japan
183, ğŸ’Š Pharmaceuticals,Puma Biotechnology,$0.23 B,USA
184, ğŸ’Š Pharmaceuticals,Travere Therapeutics,$0.22 B,USA
185, ğŸ’Š Pharmaceuticals,FDC India,$0.22 B,India
186, ğŸ’Š Pharmaceuticals,Immunocore,$0.21 B,UK
187, ğŸ’Š Pharmaceuticals,Pharming Group,$0.21 B,Netherlands
188, ğŸ’Š Pharmaceuticals,Blueprint Medicines,$0.21 B,USA
189, ğŸ’Š Pharmaceuticals,Indoco Remedies,$0.20 B,India
190, ğŸ’Š Pharmaceuticals,ADMA Biologics,$0.20 B,USA
191, ğŸ’Š Pharmaceuticals,Sangamo Therapeutics,$0.20 B,USA
192, ğŸ’Š Pharmaceuticals,Akebia Therapeutics,$0.20 B,USA
193, ğŸ’Š Pharmaceuticals,Voyager Therapeutics,$0.19 B,USA
194, ğŸ’Š Pharmaceuticals,Amylyx Pharmaceuticals,$0.19 B,USA
195, ğŸ’Š Pharmaceuticals,TG Therapeutics,$0.18 B,USA
196, ğŸ’Š Pharmaceuticals,Adaptive Biotechnologies,$0.18 B,USA
197, ğŸ’Š Pharmaceuticals,Pharma Mar,$0.18 B,Spain
198, ğŸ’Š Pharmaceuticals,Nectar Lifesciences,$0.18 B,India
199, ğŸ’Š Pharmaceuticals,ADC Therapeutics,$0.18 B,Switzerland
200, ğŸ’Š Pharmaceuticals,Axsome Therapeutics,$0.18 B,USA
201, ğŸ’Š Pharmaceuticals,Coherus BioSciences,$0.18 B,USA
202, ğŸ’Š Pharmaceuticals,Vericel,$0.17 B,USA
203, ğŸ’Š Pharmaceuticals,Sequent Scientific,$0.17 B,India
204, ğŸ’Š Pharmaceuticals,CRISPR Therapeutics,$0.17 B,Switzerland
205, ğŸ’Š Pharmaceuticals,Evolus,$0.16 B,USA
206, ğŸ’Š Pharmaceuticals,Assertio Therapeutics,$0.16 B,USA
207, ğŸ’Š Pharmaceuticals,Repare Therapeutics,$0.16 B,Canada
208, ğŸ’Š Pharmaceuticals,Ascendis Pharma,$0.16 B,Denmark
209, ğŸ’Š Pharmaceuticals,Legend Biotech,$0.16 B,USA
210, ğŸ’Š Pharmaceuticals,Neuland Laboratories,$0.16 B,India
211, ğŸ’Š Pharmaceuticals,Shinpoong Pharm,$0.16 B,S. Korea
212, ğŸ’Š Pharmaceuticals,Olink Holding,$0.15 B,Sweden
213, ğŸ’Š Pharmaceuticals,Aurinia Pharmaceuticals,$0.15 B,Canada
214, ğŸ’Š Pharmaceuticals,MannKind Corp,$0.15 B,USA
215, ğŸ’Š Pharmaceuticals,Poseida Therapeutics,$0.15 B,USA
216, ğŸ’Š Pharmaceuticals,Arvinas,$0.15 B,USA
217, ğŸ’Š Pharmaceuticals,Avid Bioservices,$0.15 B,USA
218, ğŸ’Š Pharmaceuticals,MacroGenics,$0.15 B,USA
219, ğŸ’Š Pharmaceuticals,2seventy bio,$0.14 B,USA
220, ğŸ’Š Pharmaceuticals,Karyopharm Therapeutics,$0.14 B,USA
221, ğŸ’Š Pharmaceuticals,Kamada,$0.14 B,Israel
222, ğŸ’Š Pharmaceuticals,AbCellera,$0.14 B,Canada
223, ğŸ’Š Pharmaceuticals,Lifecore Biomedical,$0.14 B,USA
224, ğŸ’Š Pharmaceuticals,Idorsia,$0.13 B,Switzerland
225, ğŸ’Š Pharmaceuticals,SCYNEXIS,$0.13 B,USA
226, ğŸ’Š Pharmaceuticals,Ardelyx,$0.13 B,USA
227, ğŸ’Š Pharmaceuticals,Xeris Pharmaceuticals,$0.13 B,USA
228, ğŸ’Š Pharmaceuticals,FibroGen,$0.13 B,USA
229, ğŸ’Š Pharmaceuticals,Seres Therapeutics,$0.12 B,USA
230, ğŸ’Š Pharmaceuticals,Rigel Pharmaceuticals,$0.12 B,USA
231, ğŸ’Š Pharmaceuticals,Akeso,$0.12 B,China
232, ğŸ’Š Pharmaceuticals,Fate Therapeutics,$0.11 B,USA
233, ğŸ’Š Pharmaceuticals,Heron Therapeutics,$0.11 B,USA
234, ğŸ’Š Pharmaceuticals,Acorda Therapeutics,$0.11 B,USA
235, ğŸ’Š Pharmaceuticals,Mirum Pharmaceuticals,$0.11 B,USA
236, ğŸ’Š Pharmaceuticals,InterCure,$0.11 B,Israel
237, ğŸ’Š Pharmaceuticals,Xencor,$0.11 B,USA
238, ğŸ’Š Pharmaceuticals,uniQure,$0.11 B,Netherlands
239, ğŸ’Š Pharmaceuticals,Cosmo Pharmaceuticals,$0.10 B,Ireland
240, ğŸ’Š Pharmaceuticals,Aytu BioScience,$0.10 B,USA
241, ğŸ’Š Pharmaceuticals,Telix Pharmaceuticals,$0.10 B,Australia
242, ğŸ’Š Pharmaceuticals,NewAmsterdam Pharma Company,$0.10 B,Netherlands
243, ğŸ’Š Pharmaceuticals,Roivant Sciences,$0.10 B,UK
244, ğŸ’Š Pharmaceuticals,Harrow Health,$0.10 B,USA
245, ğŸ’Š Pharmaceuticals,Alector,$0.10 B,USA
246, ğŸ’Š Pharmaceuticals,Agenus,$99.35 M,USA
247, ğŸ’Š Pharmaceuticals,Codexis,$99.15 M,USA
248, ğŸ’Š Pharmaceuticals,SIGA Technologies,$97.77 M,USA
249, ğŸ’Š Pharmaceuticals,REGENXBIO,$96.97 M,USA
250, ğŸ’Š Pharmaceuticals,Calliditas Therapeutics,$95.68 M,Sweden
251, ğŸ’Š Pharmaceuticals,Immatics,$90.09 M,Germany
252, ğŸ’Š Pharmaceuticals,Societal CDMO,$89.19 M,USA
253, ğŸ’Š Pharmaceuticals,Bliss GVS Pharma,$87.96 M,India
254, ğŸ’Š Pharmaceuticals,Esperion Therapeutics,$87.91 M,USA
255, ğŸ’Š Pharmaceuticals,Nektar Therapeutics,$87.74 M,USA
256, ğŸ’Š Pharmaceuticals,iTeos Therapeutics,$85.98 M,USA
257, ğŸ’Š Pharmaceuticals,Y-mAbs Therapeutics,$84.98 M,USA
258, ğŸ’Š Pharmaceuticals,ChromaDex,$80.93 M,USA
259, ğŸ’Š Pharmaceuticals,Enanta Pharmaceuticals,$80.58 M,USA
260, ğŸ’Š Pharmaceuticals,Beam Therapeutics,$80.16 M,USA
261, ğŸ’Š Pharmaceuticals,Theratechnologies,$79.73 M,Canada
262, ğŸ’Š Pharmaceuticals,G1 Therapeutics,$77.88 M,USA
263, ğŸ’Š Pharmaceuticals,Rockwell Medical,$75.75 M,USA
264, ğŸ’Š Pharmaceuticals,UroGen Pharma,$72.52 M,USA
265, ğŸ’Š Pharmaceuticals,OptiNose,$72.23 M,USA
266, ğŸ’Š Pharmaceuticals,Turnstone Biologics,$71.93 M,USA
267, ğŸ’Š Pharmaceuticals,Adaptimmune Therapeutics,$70.76 M,UK
268, ğŸ’Š Pharmaceuticals,Nurix Therapeutics,$68.61 M,USA
269, ğŸ’Š Pharmaceuticals,Protalix BioTherapeutics,$67.46 M,Israel
270, ğŸ’Š Pharmaceuticals,CytomX Therapeutics,$66.08 M,USA
271, ğŸ’Š Pharmaceuticals,RPG Life Sciences,$65.25 M,India
272, ğŸ’Š Pharmaceuticals,Sorrento Therapeutics,$64.27 M,USA
273, ğŸ’Š Pharmaceuticals,Alvotech,$63.16 M,Iceland
274, ğŸ’Š Pharmaceuticals,Fortress Biotech,$62.74 M,USA
275, ğŸ’Š Pharmaceuticals,Journey Medical,$61.46 M,USA
276, ğŸ’Š Pharmaceuticals,OmniAb,$59.21 M,USA
277, ğŸ’Š Pharmaceuticals,Prothena,$57.62 M,Ireland
278, ğŸ’Š Pharmaceuticals,Sutro Biopharma,$56.86 M,USA
279, ğŸ’Š Pharmaceuticals,Ocular Therapeutix,$54.6 M,USA
280, ğŸ’Š Pharmaceuticals,Innate Pharma,$53.16 M,France
281, ğŸ’Š Pharmaceuticals,Intellia Therapeutics,$53.03 M,USA
282, ğŸ’Š Pharmaceuticals,Theravance Biopharma,$51.26 M,Cayman Islands
283, ğŸ’Š Pharmaceuticals,Recursion Pharmaceuticals,$49.87 M,USA
284, ğŸ’Š Pharmaceuticals,Spero Therapeutics,$48.96 M,USA
285, ğŸ’Š Pharmaceuticals,Selecta Biosciences,$48.69 M,USA
286, ğŸ’Š Pharmaceuticals,Lyell Immunopharma,$48.48 M,USA
287, ğŸ’Š Pharmaceuticals,Kymera Therapeutics,$46.84 M,USA
288, ğŸ’Š Pharmaceuticals,Precision BioSciences,$46.53 M,USA
289, ğŸ’Š Pharmaceuticals,Aquestive Therapeutics,$46.52 M,USA
290, ğŸ’Š Pharmaceuticals,Harpoon Therapeutics,$46.51 M,USA
291, ğŸ’Š Pharmaceuticals,Ocuphire Pharma,$45.27 M,USA
292, ğŸ’Š Pharmaceuticals,IDEAYA Biosciences,$45.14 M,USA
293, ğŸ’Š Pharmaceuticals,Rhythm Pharmaceuticals,$43.76 M,USA
294, ğŸ’Š Pharmaceuticals,Entrada Therapeutics,$43.43 M,USA
295, ğŸ’Š Pharmaceuticals,CASI Pharmaceuticals,$43.1 M,USA
296, ğŸ’Š Pharmaceuticals,EyePoint Pharmaceuticals,$42.52 M,USA
297, ğŸ’Š Pharmaceuticals,Merus,$41.22 M,Netherlands
298, ğŸ’Š Pharmaceuticals,MaxCyte,$40.68 M,USA
299, ğŸ’Š Pharmaceuticals,Curevac,$39.55 M,Germany
300, ğŸ’Š Pharmaceuticals,Mersana Therapeutics,$38.71 M,USA
301, ğŸ’Š Pharmaceuticals,Mirati Therapeutics,$38.19 M,USA
302, ğŸ’Š Pharmaceuticals,Scilex Holding,$37.9 M,USA
303, ğŸ’Š Pharmaceuticals,Hester Biosciences,$36.93 M,India
304, ğŸ’Š Pharmaceuticals,RVL Pharmaceuticals,$36.91 M,USA
305, ğŸ’Š Pharmaceuticals,Wave Life Sciences,$36.55 M,Singapore
306, ğŸ’Š Pharmaceuticals,Redhill Biopharma,$35.74 M,Israel
307, ğŸ’Š Pharmaceuticals,Silence Therapeutics,$35.11 M,UK
308, ğŸ’Š Pharmaceuticals,Tango Therapeutics,$33.69 M,USA
309, ğŸ’Š Pharmaceuticals,Chimerix,$33.65 M,USA
310, ğŸ’Š Pharmaceuticals,Pieris Pharmaceuticals,$33.2 M,USA
311, ğŸ’Š Pharmaceuticals,Affimed,$33.01 M,Germany
312, ğŸ’Š Pharmaceuticals,Arcellx,$32.21 M,USA
313, ğŸ’Š Pharmaceuticals,Aclaris Therapeutics,$31.16 M,USA
314, ğŸ’Š Pharmaceuticals,CymaBay Therapeutics,$31.01 M,USA
315, ğŸ’Š Pharmaceuticals,Cytosorbents,$30.08 M,USA
316, ğŸ’Š Pharmaceuticals,NGM Biopharmaceuticals,$29.76 M,USA
317, ğŸ’Š Pharmaceuticals,Alpine Immune Sciences,$29.12 M,USA
318, ğŸ’Š Pharmaceuticals,Biofrontera,$29.04 M,USA
319, ğŸ’Š Pharmaceuticals,SPARC,$27.46 M,India
320, ğŸ’Š Pharmaceuticals,Cara Therapeutics,$27.17 M,USA
321, ğŸ’Š Pharmaceuticals,MediWound,$25.99 M,Israel
322, ğŸ’Š Pharmaceuticals,Marinus Pharmaceuticals,$25.96 M,USA
323, ğŸ’Š Pharmaceuticals,Exscientia,$25.55 M,UK
324, ğŸ’Š Pharmaceuticals,Werewolf Therapeutics,$24.79 M,USA
325, ğŸ’Š Pharmaceuticals,iCAD,$24.48 M,USA
326, ğŸ’Š Pharmaceuticals,Agios Pharmaceuticals,$24.03 M,USA
327, ğŸ’Š Pharmaceuticals,Arbutus Biopharma,$23.53 M,USA
328, ğŸ’Š Pharmaceuticals,TherapeuticsMD,$22.92 M,USA
329, ğŸ’Š Pharmaceuticals,Bicycle Therapeutics,$22.51 M,UK
330, ğŸ’Š Pharmaceuticals,Zomedica Pharmaceuticals,$22.43 M,USA
331, ğŸ’Š Pharmaceuticals,Precigen,$22.1 M,USA
332, ğŸ’Š Pharmaceuticals,Foghorn Therapeutics,$21.72 M,USA
333, ğŸ’Š Pharmaceuticals,Aadi Bioscience,$21.54 M,USA
334, ğŸ’Š Pharmaceuticals,C4 Therapeutics,$20.34 M,USA
335, ğŸ’Š Pharmaceuticals,JanOne,$19.74 M,USA
336, ğŸ’Š Pharmaceuticals,Editas Medicine,$19.31 M,USA
337, ğŸ’Š Pharmaceuticals,Ikena Oncology,$19.16 M,USA
338, ğŸ’Š Pharmaceuticals,Liquidia Technologies,$17.8 M,USA
339, ğŸ’Š Pharmaceuticals,Cellectis,$16.55 M,France
340, ğŸ’Š Pharmaceuticals,Zevra Therapeutics,$16.54 M,USA
341, ğŸ’Š Pharmaceuticals,Agile Therapeutics,$16.31 M,USA
342, ğŸ’Š Pharmaceuticals,ImmunoPrecise Antibodies,$16.11 M,USA
343, ğŸ’Š Pharmaceuticals,Celularity,$15.13 M,USA
344, ğŸ’Š Pharmaceuticals,Veru,$15.02 M,USA
345, ğŸ’Š Pharmaceuticals,Evofem Biosciences,$14.81 M,USA
346, ğŸ’Š Pharmaceuticals,Vaccitech,$13.42 M,UK
347, ğŸ’Š Pharmaceuticals,AnaptysBio,$12.93 M,USA
348, ğŸ’Š Pharmaceuticals,TScan Therapeutics,$12.75 M,USA
349, ğŸ’Š Pharmaceuticals,Zealand Pharma,$12.73 M,Denmark
350, ğŸ’Š Pharmaceuticals,Sonoma Pharmaceuticals,$12.71 M,USA
351, ğŸ’Š Pharmaceuticals,Tarsus Pharmaceuticals,$12.5 M,USA
352, ğŸ’Š Pharmaceuticals,ASLAN Pharmaceuticals,$12 M,Singapore
353, ğŸ’Š Pharmaceuticals,Avacta Group,$11.69 M,UK
354, ğŸ’Š Pharmaceuticals,Arcutis Biotherapeutics,$11.65 M,USA
355, ğŸ’Š Pharmaceuticals,Nykode Therapeutics,$11.46 M,Norway
356, ğŸ’Š Pharmaceuticals,Genelux,$11.23 M,USA
357, ğŸ’Š Pharmaceuticals,Jaguar Health,$11.05 M,USA
358, ğŸ’Š Pharmaceuticals,electroCore,$10.86 M,USA
359, ğŸ’Š Pharmaceuticals,Lineage Cell Therapeutics,$10.52 M,USA
360, ğŸ’Š Pharmaceuticals,aTyr Pharma,$10.38 M,USA
361, ğŸ’Š Pharmaceuticals,Sage Therapeutics,$10.37 M,USA
362, ğŸ’Š Pharmaceuticals,Carisma Therapeutics,$10.32 M,USA
363, ğŸ’Š Pharmaceuticals,Curis,$10.2 M,USA
364, ğŸ’Š Pharmaceuticals,Avidity Biosciences,$9.8 M,USA
365, ğŸ’Š Pharmaceuticals,Inovio Pharmaceuticals,$9.61 M,USA
366, ğŸ’Š Pharmaceuticals,Taysha Gene Therapies,$9.6 M,USA
367, ğŸ’Š Pharmaceuticals,Molecular Partners,$9.49 M,Switzerland
368, ğŸ’Š Pharmaceuticals,Capricor Therapeutics,$9.45 M,USA
369, ğŸ’Š Pharmaceuticals,BridgeBio Pharma,$9.42 M,USA
370, ğŸ’Š Pharmaceuticals,bluebird bio,$9.4 M,USA
371, ğŸ’Š Pharmaceuticals,Adagene,$9.29 M,China
372, ğŸ’Š Pharmaceuticals,Syros Pharmaceuticals,$8.92 M,USA
373, ğŸ’Š Pharmaceuticals,Morphic Therapeutic,$8.71 M,USA
374, ğŸ’Š Pharmaceuticals,Verrica Pharmaceuticals,$8.6 M,USA
375, ğŸ’Š Pharmaceuticals,Absci,$8.56 M,USA
376, ğŸ’Š Pharmaceuticals,Krystal Biotech,$8.55 M,USA
377, ğŸ’Š Pharmaceuticals,Cytokinetics,$7.81 M,USA
378, ğŸ’Š Pharmaceuticals,Janux Therapeutics,$7.76 M,USA
379, ğŸ’Š Pharmaceuticals,Mesoblast,$7.5 M,Australia
380, ğŸ’Š Pharmaceuticals,Autolus Therapeutics,$7.48 M,UK
381, ğŸ’Š Pharmaceuticals,Pulmatrix,$6.92 M,USA
382, ğŸ’Š Pharmaceuticals,Perspective Therapeutics,$6.88 M,USA
383, ğŸ’Š Pharmaceuticals,Immunome,$6.62 M,USA
384, ğŸ’Š Pharmaceuticals,MeiraGTx,$6.4 M,USA
385, ğŸ’Š Pharmaceuticals,Milestone Pharmaceuticals,$6 M,Canada
386, ğŸ’Š Pharmaceuticals,Karuna Therapeutics,$5.93 M,USA
387, ğŸ’Š Pharmaceuticals,Orchard Therapeutics,$5.64 M,UK
388, ğŸ’Š Pharmaceuticals,Bellerophon Therapeutics,$5.64 M,USA
389, ğŸ’Š Pharmaceuticals,Verve Therapeutics,$5.43 M,USA
390, ğŸ’Š Pharmaceuticals,Adamis Pharmaceuticals,$5.11 M,USA
391, ğŸ’Š Pharmaceuticals,Pliant Therapeutics,$5.02 M,USA
392, ğŸ’Š Pharmaceuticals,Palatin Technologies,$4.85 M,USA
393, ğŸ’Š Pharmaceuticals,Crinetics Pharmaceuticals,$4.83 M,USA
394, ğŸ’Š Pharmaceuticals,Atara Biotherapeutics,$4.54 M,USA
395, ğŸ’Š Pharmaceuticals,Spruce Biosciences,$4.12 M,USA
396, ğŸ’Š Pharmaceuticals,AC Immune,$4.03 M,Switzerland
397, ğŸ’Š Pharmaceuticals,XOMA,$4.03 M,USA
398, ğŸ’Š Pharmaceuticals,Petros Pharmaceuticals,$3.85 M,USA
399, ğŸ’Š Pharmaceuticals,ProQR,$3.84 M,Netherlands
400, ğŸ’Š Pharmaceuticals,Senti Biosciences,$3.79 M,USA
401, ğŸ’Š Pharmaceuticals,scPharmaceuticals,$3.7 M,USA
402, ğŸ’Š Pharmaceuticals,Adverum Biotechnologies,$3.6 M,USA
403, ğŸ’Š Pharmaceuticals,Evoke Pharma,$3.57 M,USA
404, ğŸ’Š Pharmaceuticals,Abeona Therapeutics,$3.56 M,USA
405, ğŸ’Š Pharmaceuticals,Orchestra BioMed,$3.34 M,USA
406, ğŸ’Š Pharmaceuticals,Celldex Therapeutics,$3.25 M,USA
407, ğŸ’Š Pharmaceuticals,Matinas BioPharma,$3.22 M,USA
408, ğŸ’Š Pharmaceuticals,Kronos Bio,$3.08 M,USA
409, ğŸ’Š Pharmaceuticals,Fulcrum Therapeutics,$3.04 M,USA
410, ğŸ’Š Pharmaceuticals,Alaunos Therapeutics,$2.92 M,USA
411, ğŸ’Š Pharmaceuticals,Gritstone bio,$2.7 M,USA
412, ğŸ’Š Pharmaceuticals,Oramed Pharmaceuticals,$2.7 M,USA
413, ğŸ’Š Pharmaceuticals,Omega Therapeutics,$2.6 M,USA
414, ğŸ’Š Pharmaceuticals,Trevena,$2.58 M,USA
415, ğŸ’Š Pharmaceuticals,DBV Technologies,$2.4 M,France
416, ğŸ’Š Pharmaceuticals,4D Molecular Therapeutics,$2.28 M,USA
417, ğŸ’Š Pharmaceuticals,Lumos Pharma,$2.22 M,USA
418, ğŸ’Š Pharmaceuticals,Xenetic Biosciences,$2.15 M,USA
419, ğŸ’Š Pharmaceuticals,PureTech Health,$2.09 M,USA
420, ğŸ’Š Pharmaceuticals,Vaxart,$2.05 M,USA
421, ğŸ’Š Pharmaceuticals,XBiotech,$1.98 M,USA
422, ğŸ’Š Pharmaceuticals,Genocea Biosciences,$1.91 M,USA
423, ğŸ’Š Pharmaceuticals,VBI Vaccines,$1.81 M,USA
424, ğŸ’Š Pharmaceuticals,Sol-Gel Technologies,$1.71 M,Israel
425, ğŸ’Š Pharmaceuticals,Humanigen,$1.69 M,USA
426, ğŸ’Š Pharmaceuticals,IGM Biosciences,$1.67 M,USA
427, ğŸ’Š Pharmaceuticals,Clearside Biomedical,$1.61 M,USA
428, ğŸ’Š Pharmaceuticals,Avadel Pharmaceuticals,$1.49 M,Ireland
429, ğŸ’Š Pharmaceuticals,Viridian Therapeutics,$1.47 M,USA
430, ğŸ’Š Pharmaceuticals,Praxis Precision Medicines,$1.46 M,USA
431, ğŸ’Š Pharmaceuticals,BeyondSpring,$1.35 M,USA
432, ğŸ’Š Pharmaceuticals,Aptorum Group,$1.29 M,Hong Kong
433, ğŸ’Š Pharmaceuticals,Lyra Therapeutics,$1.23 M,USA
434, ğŸ’Š Pharmaceuticals,Avalon GloboCare,$1.21 M,USA
435, ğŸ’Š Pharmaceuticals,BioXcel Therapeutics,$1.03 M,USA
436, ğŸ’Š Pharmaceuticals,Talis Biomedical,$1.02 M,USA
437, ğŸ’Š Pharmaceuticals,AcelRx Pharmaceuticals,$1.01 M,USA
438, ğŸ’Š Pharmaceuticals,Soligenix,$0.99 M,USA
439, ğŸ’Š Pharmaceuticals,Synlogic,$0.99 M,USA
440, ğŸ’Š Pharmaceuticals,Relay Therapeutics,$0.94 M,USA
441, ğŸ’Š Pharmaceuticals,Longeveron,$0.88 M,USA
442, ğŸ’Š Pharmaceuticals,Generation Bio,$0.88 M,USA
443, ğŸ’Š Pharmaceuticals,Shattuck Labs,$0.85 M,USA
444, ğŸ’Š Pharmaceuticals,Seelos Therapeutics,$0.8 M,USA
445, ğŸ’Š Pharmaceuticals,Can Fite Biopharma,$0.79 M,Israel
446, ğŸ’Š Pharmaceuticals,Lexeo Therapeutics,$0.65 M,USA
447, ğŸ’Š Pharmaceuticals,Vaccinex,$0.65 M,USA
448, ğŸ’Š Pharmaceuticals,Inhibrx,$0.59 M,USA
449, ğŸ’Š Pharmaceuticals,Advaxis,$0.59 M,USA
450, ğŸ’Š Pharmaceuticals,ImmunityBio,$0.59 M,USA
451, ğŸ’Š Pharmaceuticals,Baudax Bio,$0.54 M,USA
452, ğŸ’Š Pharmaceuticals,Azitra,$0.49 M,USA
453, ğŸ’Š Pharmaceuticals,Verona Pharma,$0.45 M,UK
454, ğŸ’Š Pharmaceuticals,Organovo,$0.44 M,USA
455, ğŸ’Š Pharmaceuticals,Kala Pharmaceuticals,$0.42 M,USA
456, ğŸ’Š Pharmaceuticals,Lexicon Pharmaceuticals,$0.4 M,USA
457, ğŸ’Š Pharmaceuticals,VYNE Therapeutics,$0.4 M,USA
458, ğŸ’Š Pharmaceuticals,Fusion Pharmaceuticals,$0.36 M,Canada
459, ğŸ’Š Pharmaceuticals,Geron,$0.31 M,USA
460, ğŸ’Š Pharmaceuticals,Rafael Holdings,$0.27 M,USA
461, ğŸ’Š Pharmaceuticals,Atai Life Sciences,$0.27 M,Germany
462, ğŸ’Š Pharmaceuticals,Lipella Pharmaceuticals,$0.26 M,USA
463, ğŸ’Š Pharmaceuticals,Mangoceuticals,$0.25 M,USA
464, ğŸ’Š Pharmaceuticals,Imunon,$0.25 M,USA
465, ğŸ’Š Pharmaceuticals,Iovance Biotherapeutics,$0.23 M,USA
466, ğŸ’Š Pharmaceuticals,Onconova Therapeutics,$0.22 M,USA
467, ğŸ’Š Pharmaceuticals,Summit Therapeutics,$0.22 M,UK
468, ğŸ’Š Pharmaceuticals,Anixa Biosciences,$0.21 M,USA
469, ğŸ’Š Pharmaceuticals,Ovid Therapeutics,$0.19 M,USA
470, ğŸ’Š Pharmaceuticals,Allogene Therapeutics,$0.19 M,USA
471, ğŸ’Š Pharmaceuticals,AIM ImmunoTech,$0.16 M,USA
472, ğŸ’Š Pharmaceuticals,Athersys,$0.14 M,USA
473, ğŸ’Š Pharmaceuticals,Xenon Pharmaceuticals,$0.13 M,Canada
474, ğŸ’Š Pharmaceuticals,Oragenics,$0.13 M,USA
475, ğŸ’Š Pharmaceuticals,Opthea,$0.1 M,Australia
476, ğŸ’Š Pharmaceuticals,Biora Therapeutics,$0.09 M,USA
477, ğŸ’Š Pharmaceuticals,Benitec Biopharma,$0.07 M,USA
478, ğŸ’Š Pharmaceuticals,InflaRx,$0.06 M,Germany
479, ğŸ’Š Pharmaceuticals,Titan Pharmaceuticals,$0.05 M,USA
480, ğŸ’Š Pharmaceuticals,Lipocine,$0.05 M,USA
481, ğŸ’Š Pharmaceuticals,Actinium Pharmaceuticals,$0.04 M,USA
482, ğŸ’Š Pharmaceuticals,Immuneering,$0.03 M,USA
483, ğŸ’Š Pharmaceuticals,Cormedix,$0.03 M,USA
484, ğŸ’Š Pharmaceuticals,AgeX Therapeutics,$0.03 M,USA
485, ğŸ’Š Pharmaceuticals,bioAffinity Technologies,$0.02 M,USA
486, ğŸ’Š Pharmaceuticals,Bionomics,$0.01 M,Australia
487, ğŸ’Š Pharmaceuticals,Bullfrog AI,$0.01 M,USA
488, ğŸ’Š Pharmaceuticals,vTv Therapeutics,$0 M,USA
489, ğŸ’Š Pharmaceuticals,Lucy Scientific Discovery,$0 M,Canada
694, ğŸ’Š Pharmaceuticals,Immutep,-$0.01 M,Australia
695, ğŸ’Š Pharmaceuticals,Altimmune,-$0.09 M,USA
696, ğŸ’Š Pharmaceuticals,VistaGen Therapeutics,-$0.36 M,USA
697, ğŸ’Š Pharmaceuticals,BB Biotech,-$0.84 B,Switzerland
