Rank,Category,Company,Employees,Country
1, ğŸ’Š Pharmaceuticals,Walgreens Boots Alliance,"325,000",USA
2, ğŸ’Š Pharmaceuticals,CVS Health,"219,000",USA
3, ğŸ’Š Pharmaceuticals,Johnson & Johnson,"152,700",USA
4, ğŸ’Š Pharmaceuticals,Sinopharm,"114,766",China
5, ğŸ’Š Pharmaceuticals,Roche,"103,613",Switzerland
6, ğŸ’Š Pharmaceuticals,Bayer,"101,735",Germany
7, ğŸ’Š Pharmaceuticals,Novartis,"101,703",Switzerland
8, ğŸ’Š Pharmaceuticals,Sanofi,"91,573",France
9, ğŸ’Š Pharmaceuticals,AstraZeneca,"83,500",UK
10, ğŸ’Š Pharmaceuticals,Pfizer,"83,000",USA
11, ğŸ’Š Pharmaceuticals,LabCorp,"80,000",USA
12, ğŸ’Š Pharmaceuticals,GlaxoSmithKline,"69,400",UK
13, ğŸ’Š Pharmaceuticals,Merck,"67,000",USA
14, ğŸ’Š Pharmaceuticals,China Resources Pharmaceutical Group,"67,000",Hong Kong
15, ğŸ’Š Pharmaceuticals,Merck KGaA,"64,011",Germany
16, ğŸ’Š Pharmaceuticals,Baxter,"60,000",USA
17, ğŸ’Š Pharmaceuticals,Novo Nordisk,"57,089",Denmark
18, ğŸ’Š Pharmaceuticals,AbbVie,"50,000",USA
19, ğŸ’Š Pharmaceuticals,Takeda Pharmaceutical,"49,095",Japan
20, ğŸ’Š Pharmaceuticals,Rite Aid,"47,000",USA
21, ğŸ’Š Pharmaceuticals,WuXi AppTec,"43,800",China
22, ğŸ’Š Pharmaceuticals,ICON plc,"41,150",Ireland
23, ğŸ’Š Pharmaceuticals,Eli Lilly,"39,000",USA
24, ğŸ’Š Pharmaceuticals,Sun Pharmaceutical,"38,000",India
25, ğŸ’Š Pharmaceuticals,Viatris,"38,000",USA
26, ğŸ’Š Pharmaceuticals,Bristol-Myers Squibb,"34,300",USA
27, ğŸ’Š Pharmaceuticals,Teva Pharmaceutical Industries,"34,004",Israel
28, ğŸ’Š Pharmaceuticals,Otsuka Holdings,"33,482",Japan
29, ğŸ’Š Pharmaceuticals,CSL,"30,000",Australia
30, ğŸ’Š Pharmaceuticals,Sino Biopharmaceutical,"26,272",China
31, ğŸ’Š Pharmaceuticals,Cipla,"25,927",India
32, ğŸ’Š Pharmaceuticals,Dr. Reddy's,"25,863",India
33, ğŸ’Š Pharmaceuticals,Amgen,"25,200",USA
34, ğŸ’Š Pharmaceuticals,Grifols,"24,000",Spain
35, ğŸ’Š Pharmaceuticals,Zydus Lifesciences,"23,000",India
36, ğŸ’Š Pharmaceuticals,Lupin Limited,"20,933",India
37, ğŸ’Š Pharmaceuticals,Jiangsu Hengrui Medicine,"20,636",China
38, ğŸ’Š Pharmaceuticals,Bausch Health,"19,900",Canada
39, ğŸ’Š Pharmaceuticals,Catalent,"19,000",USA
40, ğŸ’Š Pharmaceuticals,Lonza,"17,494",Switzerland
41, ğŸ’Š Pharmaceuticals,Daiichi SankyÅ,"17,435",Japan
42, ğŸ’Š Pharmaceuticals,Gilead Sciences,"17,000",USA
43, ğŸ’Š Pharmaceuticals,Alkem Laboratories,"16,966",India
44, ğŸ’Š Pharmaceuticals,Divis Laboratories,"16,543",India
45, ğŸ’Š Pharmaceuticals,Clicks Group,"16,492",South Africa
46, ğŸ’Š Pharmaceuticals,Ipca Laboratories,"16,167",India
47, ğŸ’Š Pharmaceuticals,Aurobindo Pharma,"15,431",India
48, ğŸ’Š Pharmaceuticals,Glenmark Pharmaceuticals,"15,415",India
49, ğŸ’Š Pharmaceuticals,Biocon,"15,000",India
50, ğŸ’Š Pharmaceuticals,Alembic Pharmaceuticals,"14,593",India
51, ğŸ’Š Pharmaceuticals,Astellas Pharma,"14,484",Japan
52, ğŸ’Š Pharmaceuticals,Zoetis,"13,800",USA
53, ğŸ’Š Pharmaceuticals,Torrent Pharmaceuticals,"13,247",India
54, ğŸ’Š Pharmaceuticals,WuXi Biologics,"12,373",China
55, ğŸ’Š Pharmaceuticals,Richter Gedeon,"12,167",Hungary
56, ğŸ’Š Pharmaceuticals,Regeneron Pharmaceuticals,"12,099",USA
57, ğŸ’Š Pharmaceuticals,Eisai,"11,076",Japan
58, ğŸ’Š Pharmaceuticals,West Pharmaceutical,"10,700",USA
59, ğŸ’Š Pharmaceuticals,Hansoh Pharma,"10,523",China
60, ğŸ’Š Pharmaceuticals,Organon,"10,000",USA
61, ğŸ’Š Pharmaceuticals,BeiGene,"9,400",China
62, ğŸ’Š Pharmaceuticals,Elanco,"9,000",USA
63, ğŸ’Š Pharmaceuticals,Perrigo,"8,900",Ireland
64, ğŸ’Š Pharmaceuticals,Hikma Pharmaceuticals,"8,800",UK
65, ğŸ’Š Pharmaceuticals,Taisho Pharmaceutical,"8,784",Japan
66, ğŸ’Š Pharmaceuticals,Biogen,"8,725",USA
67, ğŸ’Š Pharmaceuticals,Aspen Pharmacare,"8,580",South Africa
68, ğŸ’Š Pharmaceuticals,UCB,"8,108",Belgium
69, ğŸ’Š Pharmaceuticals,Chugai Pharmaceutical,"7,771",Japan
70, ğŸ’Š Pharmaceuticals,Amneal Pharmaceuticals,"7,600",USA
71, ğŸ’Š Pharmaceuticals,Rohto Pharmaceutical,"7,176",Japan
72, ğŸ’Š Pharmaceuticals,FDC India,"6,336",India
73, ğŸ’Š Pharmaceuticals,Piramal Pharma,"6,295",India
74, ğŸ’Š Pharmaceuticals,Sumitomo Pharma,"6,250",Japan
75, ğŸ’Š Pharmaceuticals,Indoco Remedies,"6,000",India
76, ğŸ’Š Pharmaceuticals,Jubilant Pharmova,"6,000",India
77, ğŸ’Š Pharmaceuticals,kyowa Kirin,"5,982",Japan
78, ğŸ’Š Pharmaceuticals,Laurus Labs,"5,753",India
79, ğŸ’Š Pharmaceuticals,Shionogi,"5,680",Japan
80, ğŸ’Š Pharmaceuticals,Lundbeck,"5,500",Denmark
81, ğŸ’Š Pharmaceuticals,Procaps Group,"5,500",Luxembourg
82, ğŸ’Š Pharmaceuticals,Medpace,"5,400",USA
83, ğŸ’Š Pharmaceuticals,Virbac SA,"5,386",France
84, ğŸ’Š Pharmaceuticals,BioNTech,"5,100",Germany
85, ğŸ’Š Pharmaceuticals,Ipsen,"5,072",France
86, ğŸ’Š Pharmaceuticals,Evotec,"4,952",Germany
87, ğŸ’Š Pharmaceuticals,Vertex Pharmaceuticals,"4,800",USA
88, ğŸ’Š Pharmaceuticals,Gland Pharma,"4,752",India
89, ğŸ’Š Pharmaceuticals,Recordati,"4,369",Italy
90, ğŸ’Š Pharmaceuticals,Santen Pharmaceutical,"4,144",Japan
91, ğŸ’Š Pharmaceuticals,Natco Pharma,"4,025",India
92, ğŸ’Š Pharmaceuticals,Moderna,"3,900",USA
93, ğŸ’Š Pharmaceuticals,Ono Pharmaceutical,"3,761",Japan
94, ğŸ’Š Pharmaceuticals,Abbott India,"3,700",India
95, ğŸ’Š Pharmaceuticals,Orion Corporation,"3,527",Finland
96, ğŸ’Š Pharmaceuticals,KOBAYASHI Pharmaceutical,"3,495",Japan
97, ğŸ’Š Pharmaceuticals,Siegfried Holding,"3,411",Switzerland
98, ğŸ’Š Pharmaceuticals,Seagen,"3,256",USA
99, ğŸ’Š Pharmaceuticals,Hualan Biological Engineering,"3,243",China
100, ğŸ’Š Pharmaceuticals,Galenica,"3,241",Switzerland
101, ğŸ’Š Pharmaceuticals,BioMarin Pharmaceutical,"3,082",USA
102, ğŸ’Š Pharmaceuticals,Fagron,"3,035",Belgium
103, ğŸ’Š Pharmaceuticals,Bio-Techne,"3,000",USA
104, ğŸ’Š Pharmaceuticals,Endo International,"2,861",Ireland
105, ğŸ’Š Pharmaceuticals,Jazz Pharmaceuticals,"2,800",Ireland
106, ğŸ’Š Pharmaceuticals,ALK-AbellÃ³,"2,712",Denmark
107, ğŸ’Š Pharmaceuticals,Mallinckrodt Pharmaceuticals,"2,673",UK
108, ğŸ’Š Pharmaceuticals,Sanofi India Limited,"2,651",India
109, ğŸ’Š Pharmaceuticals,Strides Pharma,"2,647",India
110, ğŸ’Š Pharmaceuticals,Emergent BioSolutions,"2,500",USA
111, ğŸ’Š Pharmaceuticals,Akeso,"2,341",China
112, ğŸ’Š Pharmaceuticals,Incyte,"2,324",USA
113, ğŸ’Š Pharmaceuticals,Alkermes,"2,280",Ireland
114, ğŸ’Š Pharmaceuticals,Biotest,"2,228",Germany
115, ğŸ’Š Pharmaceuticals,Nippon Shinyaku,"2,186",Japan
116, ğŸ’Š Pharmaceuticals,Horizon Therapeutics,"2,145",Ireland
117, ğŸ’Š Pharmaceuticals,KYORIN Pharmaceutical,"2,138",Japan
118, ğŸ’Š Pharmaceuticals,Inotiv,"2,099",USA
119, ğŸ’Š Pharmaceuticals,Zai Lab,"2,036",China
120, ğŸ’Š Pharmaceuticals,Alnylam Pharmaceuticals,"2,002",USA
121, ğŸ’Š Pharmaceuticals,Dechra Pharmaceuticals,"1,998",UK
122, ğŸ’Š Pharmaceuticals,Laboratorios Farmaceuticos Rovi,"1,993",Spain
123, ğŸ’Š Pharmaceuticals,Novavax,"1,992",USA
124, ğŸ’Š Pharmaceuticals,Hikal,"1,906",India
125, ğŸ’Š Pharmaceuticals,Genmab,"1,846",Denmark
126, ğŸ’Š Pharmaceuticals,Almirall,"1,814",Spain
127, ğŸ’Š Pharmaceuticals,Bachem,"1,776",Switzerland
128, ğŸ’Š Pharmaceuticals,Sequent Scientific,"1,771",India
129, ğŸ’Š Pharmaceuticals,Tilray,"1,700",Canada
130, ğŸ’Š Pharmaceuticals,Faes Farma,"1,690",Spain
131, ğŸ’Š Pharmaceuticals,Nectar Lifesciences,"1,669",India
132, ğŸ’Š Pharmaceuticals,Amphastar Pharmaceuticals,"1,615",USA
133, ğŸ’Š Pharmaceuticals,Swedish Orphan Biovitrum,"1,554",Sweden
134, ğŸ’Š Pharmaceuticals,Neuland Laboratories,"1,554",India
135, ğŸ’Š Pharmaceuticals,Taro Pharmaceutical,"1,554",Israel
136, ğŸ’Š Pharmaceuticals,Aarti Drugs,"1,450",India
137, ğŸ’Š Pharmaceuticals,Marksans Pharma,"1,412",India
138, ğŸ’Š Pharmaceuticals,PTC Therapeutics,"1,402",USA
139, ğŸ’Š Pharmaceuticals,Legend Biotech,"1,390",USA
140, ğŸ’Š Pharmaceuticals,Galapagos NV,"1,338",Belgium
141, ğŸ’Š Pharmaceuticals,Ultragenyx,"1,311",USA
142, ğŸ’Š Pharmaceuticals,Neurocrine Biosciences,"1,300",USA
143, ğŸ’Š Pharmaceuticals,Ginkgo Bioworks,"1,292",USA
144, ğŸ’Š Pharmaceuticals,HUTCHMED,"1,280",Hong Kong
145, ğŸ’Š Pharmaceuticals,Exelixis,"1,223",USA
146, ğŸ’Š Pharmaceuticals,PolyPeptide Group,"1,219",Switzerland
147, ğŸ’Š Pharmaceuticals,RPG Life Sciences,"1,214",India
148, ğŸ’Š Pharmaceuticals,Sarepta Therapeutics,"1,162",USA
149, ğŸ’Š Pharmaceuticals,Bavarian Nordic,"1,040",Denmark
150, ğŸ’Š Pharmaceuticals,Indivior PLC,"1,000",USA
151, ğŸ’Š Pharmaceuticals,United Therapeutics,985,USA
152, ğŸ’Š Pharmaceuticals,Alvotech,917,Iceland
153, ğŸ’Š Pharmaceuticals,Curevac,904,Germany
154, ğŸ’Š Pharmaceuticals,Roivant Sciences,904,UK
155, ğŸ’Š Pharmaceuticals,Argenx,843,Netherlands
156, ğŸ’Š Pharmaceuticals,Shinpoong Pharm,815,S. Korea
157, ğŸ’Š Pharmaceuticals,Sorrento Therapeutics,799,USA
158, ğŸ’Š Pharmaceuticals,Ascendis Pharma,797,Denmark
159, ğŸ’Š Pharmaceuticals,Ionis Pharmaceuticals,796,USA
160, ğŸ’Š Pharmaceuticals,Adaptive Biotechnologies,790,USA
161, ğŸ’Š Pharmaceuticals,Glaukos,783,USA
162, ğŸ’Š Pharmaceuticals,Bliss GVS Pharma,763,India
163, ğŸ’Š Pharmaceuticals,Valneva SE,719,France
164, ğŸ’Š Pharmaceuticals,ImmunityBio,703,USA
165, ğŸ’Š Pharmaceuticals,Lifecore Biomedical,689,USA
166, ğŸ’Š Pharmaceuticals,Sage Therapeutics,689,USA
167, ğŸ’Š Pharmaceuticals,PeptiDream,670,Japan
168, ğŸ’Š Pharmaceuticals,Blueprint Medicines,651,USA
169, ğŸ’Š Pharmaceuticals,Maravai LifeSciences,650,USA
170, ğŸ’Š Pharmaceuticals,Morphosys,623,Germany
171, ğŸ’Š Pharmaceuticals,ADMA Biologics,617,USA
172, ğŸ’Š Pharmaceuticals,Supernus Pharmaceuticals,612,USA
173, ğŸ’Š Pharmaceuticals,ANI Pharmaceuticals,600,USA
174, ğŸ’Š Pharmaceuticals,Intellia Therapeutics,598,USA
175, ğŸ’Š Pharmaceuticals,FibroGen,592,USA
176, ğŸ’Š Pharmaceuticals,Mirati Therapeutics,587,USA
177, ğŸ’Š Pharmaceuticals,Hester Biosciences,584,India
178, ğŸ’Š Pharmaceuticals,Olink Holding,582,Sweden
179, ğŸ’Š Pharmaceuticals,Intra-Cellular Therapies,561,USA
180, ğŸ’Š Pharmaceuticals,Fate Therapeutics,551,USA
181, ğŸ’Š Pharmaceuticals,Medios AG,546,Germany
182, ğŸ’Š Pharmaceuticals,ACADIA Pharmaceuticals,540,USA
183, ğŸ’Š Pharmaceuticals,Adaptimmune Therapeutics,534,UK
184, ğŸ’Š Pharmaceuticals,Agenus,533,USA
185, ğŸ’Š Pharmaceuticals,BioCryst Pharmaceuticals,531,USA
186, ğŸ’Š Pharmaceuticals,AbCellera,525,Canada
187, ğŸ’Š Pharmaceuticals,Beam Therapeutics,523,USA
188, ğŸ’Š Pharmaceuticals,Pharma Mar,515,Spain
189, ğŸ’Š Pharmaceuticals,Iovance Biotherapeutics,503,USA
190, ğŸ’Š Pharmaceuticals,uniQure,501,Netherlands
191, ğŸ’Š Pharmaceuticals,Recursion Pharmaceuticals,500,USA
192, ğŸ’Š Pharmaceuticals,Amicus Therapeutics,484,USA
193, ğŸ’Š Pharmaceuticals,Exscientia,481,UK
194, ğŸ’Š Pharmaceuticals,Sangamo Therapeutics,478,USA
195, ğŸ’Š Pharmaceuticals,Travere Therapeutics,462,USA
196, ğŸ’Š Pharmaceuticals,CRISPR Therapeutics,458,Switzerland
197, ğŸ’Š Pharmaceuticals,Seres Therapeutics,431,USA
198, ğŸ’Š Pharmaceuticals,2seventy bio,425,USA
199, ğŸ’Š Pharmaceuticals,Sana Biotechnology,424,USA
200, ğŸ’Š Pharmaceuticals,Arvinas,415,USA
201, ğŸ’Š Pharmaceuticals,Cytokinetics,409,USA
202, ğŸ’Š Pharmaceuticals,Immunocore,408,UK
203, ğŸ’Š Pharmaceuticals,SPARC,403,India
204, ğŸ’Š Pharmaceuticals,Immatics,402,Germany
205, ğŸ’Š Pharmaceuticals,REGENXBIO,401,USA
206, ğŸ’Š Pharmaceuticals,Autolus Therapeutics,399,UK
207, ğŸ’Š Pharmaceuticals,Arrowhead Pharmaceuticals,397,USA
208, ğŸ’Š Pharmaceuticals,Axsome Therapeutics,393,USA
209, ğŸ’Š Pharmaceuticals,Halozyme Therapeutics,393,USA
210, ğŸ’Š Pharmaceuticals,BridgeBio Pharma,392,USA
211, ğŸ’Š Pharmaceuticals,MannKind Corp,391,USA
212, ğŸ’Š Pharmaceuticals,Agios Pharmaceuticals,389,USA
213, ğŸ’Š Pharmaceuticals,Karyopharm Therapeutics,385,USA
214, ğŸ’Š Pharmaceuticals,Kamada,380,Israel
215, ğŸ’Š Pharmaceuticals,I-Mab Biopharma,378,China
216, ğŸ’Š Pharmaceuticals,InterCure,370,Israel
217, ğŸ’Š Pharmaceuticals,Avid Bioservices,365,USA
218, ğŸ’Š Pharmaceuticals,Amarin Corporation,365,Ireland
219, ğŸ’Š Pharmaceuticals,EQRx,362,USA
220, ğŸ’Š Pharmaceuticals,Allogene Therapeutics,359,USA
221, ğŸ’Š Pharmaceuticals,MacroGenics,357,USA
222, ğŸ’Š Pharmaceuticals,Xeris Pharmaceuticals,355,USA
223, ğŸ’Š Pharmaceuticals,Dynavax Technologies,351,USA
224, ğŸ’Š Pharmaceuticals,MeiraGTx,343,USA
225, ğŸ’Š Pharmaceuticals,Poseida Therapeutics,343,USA
226, ğŸ’Š Pharmaceuticals,Intercept Pharmaceuticals,341,USA
227, ğŸ’Š Pharmaceuticals,Pharming Group,332,Netherlands
228, ğŸ’Š Pharmaceuticals,Atara Biotherapeutics,330,USA
229, ğŸ’Š Pharmaceuticals,Relay Therapeutics,328,USA
230, ğŸ’Š Pharmaceuticals,bluebird bio,323,USA
231, ğŸ’Š Pharmaceuticals,Cerevel Therapeutics,319,USA
232, ğŸ’Š Pharmaceuticals,ADC Therapeutics,317,Switzerland
233, ğŸ’Š Pharmaceuticals,Gracell Biotechnologies,314,China
234, ğŸ’Š Pharmaceuticals,Coherus BioSciences,307,USA
235, ğŸ’Š Pharmaceuticals,Vericel,305,USA
236, ğŸ’Š Pharmaceuticals,Zymeworks,304,Canada
237, ğŸ’Š Pharmaceuticals,Aurinia Pharmaceuticals,300,Canada
238, ğŸ’Š Pharmaceuticals,Corcept Therapeutics,299,USA
239, ğŸ’Š Pharmaceuticals,Nurix Therapeutics,297,USA
240, ğŸ’Š Pharmaceuticals,Amylyx Pharmaceuticals,296,USA
241, ğŸ’Š Pharmaceuticals,Cosmo Pharmaceuticals,295,Ireland
242, ğŸ’Š Pharmaceuticals,Sutro Biopharma,292,USA
243, ğŸ’Š Pharmaceuticals,Vanda Pharmaceuticals,290,USA
244, ğŸ’Š Pharmaceuticals,Xencor,281,USA
245, ğŸ’Š Pharmaceuticals,IGM Biosciences,280,USA
246, ğŸ’Š Pharmaceuticals,ImmunoGen,277,USA
247, ğŸ’Š Pharmaceuticals,Societal CDMO,275,USA
248, ğŸ’Š Pharmaceuticals,Ocular Therapeutix,274,USA
249, ğŸ’Š Pharmaceuticals,Lyell Immunopharma,274,USA
250, ğŸ’Š Pharmaceuticals,Alector,273,USA
251, ğŸ’Š Pharmaceuticals,Arcutis Biotherapeutics,268,USA
252, ğŸ’Š Pharmaceuticals,Rockwell Medical,253,USA
253, ğŸ’Š Pharmaceuticals,Wave Life Sciences,250,Singapore
254, ğŸ’Š Pharmaceuticals,Codexis,248,USA
255, ğŸ’Š Pharmaceuticals,Adagene,248,China
256, ğŸ’Š Pharmaceuticals,Rocket Pharmaceuticals,240,USA
257, ğŸ’Š Pharmaceuticals,NGM Biopharmaceuticals,239,USA
258, ğŸ’Š Pharmaceuticals,TG Therapeutics,237,USA
259, ğŸ’Š Pharmaceuticals,Bicycle Therapeutics,236,UK
260, ğŸ’Š Pharmaceuticals,Telix Pharmaceuticals,234,Australia
261, ğŸ’Š Pharmaceuticals,Veru,233,USA
262, ğŸ’Š Pharmaceuticals,Gritstone bio,233,USA
263, ğŸ’Š Pharmaceuticals,Cellectis,231,France
264, ğŸ’Š Pharmaceuticals,Mersana Therapeutics,228,USA
265, ğŸ’Š Pharmaceuticals,SpringWorks Therapeutics,227,USA
266, ğŸ’Š Pharmaceuticals,Editas Medicine,226,USA
267, ğŸ’Š Pharmaceuticals,Celularity,225,USA
268, ğŸ’Š Pharmaceuticals,CASI Pharmaceuticals,224,USA
269, ğŸ’Š Pharmaceuticals,Evolus,224,USA
270, ğŸ’Š Pharmaceuticals,Kiniksa Pharmaceuticals,220,Bermuda
271, ğŸ’Š Pharmaceuticals,Zealand Pharma,220,Denmark
272, ğŸ’Š Pharmaceuticals,Ironwood Pharmaceuticals,219,USA
273, ğŸ’Š Pharmaceuticals,Affimed,219,Germany
274, ğŸ’Š Pharmaceuticals,Harrow Health,217,USA
275, ğŸ’Š Pharmaceuticals,Nektar Therapeutics,216,USA
276, ğŸ’Š Pharmaceuticals,Innate Pharma,211,France
277, ğŸ’Š Pharmaceuticals,Karuna Therapeutics,210,USA
278, ğŸ’Š Pharmaceuticals,Krystal Biotech,210,USA
279, ğŸ’Š Pharmaceuticals,Crinetics Pharmaceuticals,210,USA
280, ğŸ’Š Pharmaceuticals,Precigen,209,USA
281, ğŸ’Š Pharmaceuticals,Collegium Pharmaceutical,207,USA
282, ğŸ’Š Pharmaceuticals,Akebia Therapeutics,204,USA
283, ğŸ’Š Pharmaceuticals,Verve Therapeutics,204,USA
284, ğŸ’Š Pharmaceuticals,Xenon Pharmaceuticals,203,Canada
285, ğŸ’Š Pharmaceuticals,Heron Therapeutics,203,USA
286, ğŸ’Š Pharmaceuticals,Harmony Biosciences,200,USA
287, ğŸ’Š Pharmaceuticals,Mirum Pharmaceuticals,200,USA
288, ğŸ’Š Pharmaceuticals,Esperion Therapeutics,199,USA
289, ğŸ’Š Pharmaceuticals,JanOne,199,USA
290, ğŸ’Š Pharmaceuticals,Cytosorbents,198,USA
291, ğŸ’Š Pharmaceuticals,Precision BioSciences,197,USA
292, ğŸ’Š Pharmaceuticals,Omeros Corporation,196,USA
293, ğŸ’Š Pharmaceuticals,UroGen Pharma,194,USA
294, ğŸ’Š Pharmaceuticals,Protalix BioTherapeutics,193,Israel
295, ğŸ’Š Pharmaceuticals,Absci,193,USA
296, ğŸ’Š Pharmaceuticals,Instil Bio,192,USA
297, ğŸ’Š Pharmaceuticals,Puma Biotechnology,192,USA
298, ğŸ’Š Pharmaceuticals,VBI Vaccines,190,USA
299, ğŸ’Š Pharmaceuticals,Fortress Biotech,187,USA
300, ğŸ’Š Pharmaceuticals,Avidity Biosciences,186,USA
301, ğŸ’Š Pharmaceuticals,Inovio Pharmaceuticals,184,USA
302, ğŸ’Š Pharmaceuticals,BioXcel Therapeutics,183,USA
303, ğŸ’Š Pharmaceuticals,Calliditas Therapeutics,181,Sweden
304, ğŸ’Š Pharmaceuticals,Repare Therapeutics,180,Canada
305, ğŸ’Š Pharmaceuticals,Gossamer Bio,178,USA
306, ğŸ’Š Pharmaceuticals,Rhythm Pharmaceuticals,177,USA
307, ğŸ’Š Pharmaceuticals,Molecular Partners,175,Switzerland
308, ğŸ’Š Pharmaceuticals,Prime Medicine,175,USA
309, ğŸ’Š Pharmaceuticals,Kymera Therapeutics,174,USA
310, ğŸ’Š Pharmaceuticals,Arcturus Therapeutics,170,USA
311, ğŸ’Š Pharmaceuticals,G1 Therapeutics,170,USA
312, ğŸ’Š Pharmaceuticals,Orchard Therapeutics,166,UK
313, ğŸ’Š Pharmaceuticals,Nkarta,165,USA
314, ğŸ’Š Pharmaceuticals,Aytu BioScience,164,USA
315, ğŸ’Š Pharmaceuticals,Vaxart,164,USA
316, ğŸ’Š Pharmaceuticals,Merus,164,Netherlands
317, ğŸ’Š Pharmaceuticals,Immunovant,164,USA
318, ğŸ’Š Pharmaceuticals,LianBio,163,USA
319, ğŸ’Š Pharmaceuticals,Rani Therapeutics,163,USA
320, ğŸ’Š Pharmaceuticals,Foghorn Therapeutics,161,USA
321, ğŸ’Š Pharmaceuticals,Enanta Pharmaceuticals,160,USA
322, ğŸ’Š Pharmaceuticals,Nykode Therapeutics,158,Norway
323, ğŸ’Š Pharmaceuticals,Zentalis Pharmaceuticals,156,USA
324, ğŸ’Š Pharmaceuticals,Rigel Pharmaceuticals,155,USA
325, ğŸ’Š Pharmaceuticals,Nautilus Biotechnology,153,USA
326, ğŸ’Š Pharmaceuticals,Marinus Pharmaceuticals,151,USA
327, ğŸ’Š Pharmaceuticals,Generation Bio,150,USA
328, ğŸ’Š Pharmaceuticals,Celldex Therapeutics,148,USA
329, ğŸ’Š Pharmaceuticals,Y-mAbs Therapeutics,147,USA
330, ğŸ’Š Pharmaceuticals,C4 Therapeutics,146,USA
331, ğŸ’Š Pharmaceuticals,EyePoint Pharmaceuticals,144,USA
332, ğŸ’Š Pharmaceuticals,Theratechnologies,144,Canada
333, ğŸ’Š Pharmaceuticals,Gamida Cell,143,Israel
334, ğŸ’Š Pharmaceuticals,OptiNose,141,USA
335, ğŸ’Š Pharmaceuticals,Tenaya Therapeutics,141,USA
336, ğŸ’Š Pharmaceuticals,Cogent Biosciences,138,USA
337, ğŸ’Š Pharmaceuticals,4D Molecular Therapeutics,137,USA
338, ğŸ’Š Pharmaceuticals,Pliant Therapeutics,136,USA
339, ğŸ’Š Pharmaceuticals,TScan Therapeutics,136,USA
340, ğŸ’Š Pharmaceuticals,Lexicon Pharmaceuticals,135,USA
341, ğŸ’Š Pharmaceuticals,Eagle Pharmaceuticals,134,USA
342, ğŸ’Š Pharmaceuticals,Ardelyx,133,USA
343, ğŸ’Š Pharmaceuticals,Atai Life Sciences,133,Germany
344, ğŸ’Š Pharmaceuticals,Vor Biopharma,133,USA
345, ğŸ’Š Pharmaceuticals,Monte Rosa Therapeutics,133,USA
346, ğŸ’Š Pharmaceuticals,Inhibrx,132,USA
347, ğŸ’Š Pharmaceuticals,Adicet Bio,132,USA
348, ğŸ’Š Pharmaceuticals,Kura Oncology,131,USA
349, ğŸ’Š Pharmaceuticals,Aquestive Therapeutics,130,USA
350, ğŸ’Š Pharmaceuticals,ProQR,130,Netherlands
351, ğŸ’Š Pharmaceuticals,Entrada Therapeutics,130,USA
352, ğŸ’Š Pharmaceuticals,Erasca,129,USA
353, ğŸ’Š Pharmaceuticals,POINT Biopharma,129,USA
354, ğŸ’Š Pharmaceuticals,Pieris Pharmaceuticals,127,USA
355, ğŸ’Š Pharmaceuticals,Prothena,127,Ireland
356, ğŸ’Š Pharmaceuticals,AC Immune,126,Switzerland
357, ğŸ’Š Pharmaceuticals,Alpine Immune Sciences,126,USA
358, ğŸ’Š Pharmaceuticals,Voyager Therapeutics,125,USA
359, ğŸ’Š Pharmaceuticals,iTeos Therapeutics,125,USA
360, ğŸ’Š Pharmaceuticals,Day One Biopharmaceuticals,125,USA
361, ğŸ’Š Pharmaceuticals,MaxCyte,125,USA
362, ğŸ’Š Pharmaceuticals,RVL Pharmaceuticals,125,USA
363, ğŸ’Š Pharmaceuticals,Adverum Biotechnologies,123,USA
364, ğŸ’Š Pharmaceuticals,Allakos,123,USA
365, ğŸ’Š Pharmaceuticals,Prelude Therapeutics,122,USA
366, ğŸ’Š Pharmaceuticals,Senti Biosciences,122,USA
367, ğŸ’Š Pharmaceuticals,Silence Therapeutics,122,UK
368, ğŸ’Š Pharmaceuticals,Graphite Bio,120,USA
369, ğŸ’Š Pharmaceuticals,Avacta Group,120,UK
370, ğŸ’Š Pharmaceuticals,Tonix Pharmaceuticals,117,USA
371, ğŸ’Š Pharmaceuticals,Syros Pharmaceuticals,117,USA
372, ğŸ’Š Pharmaceuticals,CytomX Therapeutics,116,USA
373, ğŸ’Š Pharmaceuticals,Omega Therapeutics,116,USA
374, ğŸ’Š Pharmaceuticals,Kodiak Sciences,115,USA
375, ğŸ’Š Pharmaceuticals,Scholar Rock Holding,114,USA
376, ğŸ’Š Pharmaceuticals,Redhill Biopharma,113,Israel
377, ğŸ’Š Pharmaceuticals,ChromaDex,113,USA
378, ğŸ’Š Pharmaceuticals,Phathom Pharmaceuticals,112,USA
379, ğŸ’Š Pharmaceuticals,RAPT Therapeutics,111,USA
380, ğŸ’Š Pharmaceuticals,Acorda Therapeutics,111,USA
381, ğŸ’Š Pharmaceuticals,Theravance Biopharma,111,Cayman Islands
382, ğŸ’Š Pharmaceuticals,PureTech Health,111,USA
383, ğŸ’Š Pharmaceuticals,AlloVir,111,USA
384, ğŸ’Š Pharmaceuticals,Tango Therapeutics,110,USA
385, ğŸ’Š Pharmaceuticals,Praxis Precision Medicines,109,USA
386, ğŸ’Š Pharmaceuticals,iCAD,108,USA
387, ğŸ’Š Pharmaceuticals,Geron,107,USA
388, ğŸ’Š Pharmaceuticals,Syndax Pharmaceuticals,107,USA
389, ğŸ’Š Pharmaceuticals,Morphic Therapeutic,107,USA
390, ğŸ’Š Pharmaceuticals,Keros Therapeutics,107,USA
391, ğŸ’Š Pharmaceuticals,IDEAYA Biosciences,107,USA
392, ğŸ’Š Pharmaceuticals,Cara Therapeutics,106,USA
393, ğŸ’Š Pharmaceuticals,Fusion Pharmaceuticals,106,Canada
394, ğŸ’Š Pharmaceuticals,iBio,105,USA
395, ğŸ’Š Pharmaceuticals,KalVista Pharmaceuticals,105,USA
396, ğŸ’Š Pharmaceuticals,Shattuck Labs,105,USA
397, ğŸ’Š Pharmaceuticals,Protagonist Therapeutics,103,USA
398, ğŸ’Š Pharmaceuticals,Talis Biomedical,102,USA
399, ğŸ’Š Pharmaceuticals,Nanobiotix,102,France
400, ğŸ’Š Pharmaceuticals,Innoviva,101,USA
401, ğŸ’Š Pharmaceuticals,Aclaris Therapeutics,100,USA
402, ğŸ’Š Pharmaceuticals,Scilex Holding,100,USA
403, ğŸ’Š Pharmaceuticals,Arcellx,98,USA
404, ğŸ’Š Pharmaceuticals,IMV,97,Canada
405, ğŸ’Š Pharmaceuticals,Arbutus Biopharma,96,USA
406, ğŸ’Š Pharmaceuticals,AnaptysBio,96,USA
407, ğŸ’Š Pharmaceuticals,scPharmaceuticals,96,USA
408, ğŸ’Š Pharmaceuticals,OmniAb,95,USA
409, ğŸ’Š Pharmaceuticals,Kronos Bio,94,USA
410, ğŸ’Š Pharmaceuticals,Kinnate Biopharma,94,USA
411, ğŸ’Š Pharmaceuticals,Xilio Therapeutics,89,USA
412, ğŸ’Š Pharmaceuticals,Chimerix,89,USA
413, ğŸ’Š Pharmaceuticals,Fulcrum Therapeutics,89,USA
414, ğŸ’Š Pharmaceuticals,ORIC Pharmaceuticals,88,USA
415, ğŸ’Š Pharmaceuticals,DBV Technologies,88,France
416, ğŸ’Š Pharmaceuticals,Solid Biosciences,87,USA
417, ğŸ’Š Pharmaceuticals,Vaxxinity,87,USA
418, ğŸ’Š Pharmaceuticals,ProKidney,87,USA
419, ğŸ’Š Pharmaceuticals,Tarsus Pharmaceuticals,87,USA
420, ğŸ’Š Pharmaceuticals,Viridian Therapeutics,86,USA
421, ğŸ’Š Pharmaceuticals,Zomedica Pharmaceuticals,85,USA
422, ğŸ’Š Pharmaceuticals,ImmunoPrecise Antibodies,85,USA
423, ğŸ’Š Pharmaceuticals,Ocugen,84,USA
424, ğŸ’Š Pharmaceuticals,XBiotech,84,USA
425, ğŸ’Š Pharmaceuticals,Kezar Life Sciences,84,USA
426, ğŸ’Š Pharmaceuticals,Talaris Therapeutics,84,USA
427, ğŸ’Š Pharmaceuticals,Invivyd,84,USA
428, ğŸ’Š Pharmaceuticals,MediWound,83,Israel
429, ğŸ’Š Pharmaceuticals,Centessa Pharmaceuticals,82,UK
430, ğŸ’Š Pharmaceuticals,Catalyst Pharmaceuticals,82,USA
431, ğŸ’Š Pharmaceuticals,Biofrontera,81,USA
432, ğŸ’Š Pharmaceuticals,Aadi Bioscience,80,USA
433, ğŸ’Š Pharmaceuticals,Annexon,80,USA
434, ğŸ’Š Pharmaceuticals,AVROBIO,78,USA
435, ğŸ’Š Pharmaceuticals,Mesoblast,77,Australia
436, ğŸ’Š Pharmaceuticals,Summit Therapeutics,76,UK
437, ğŸ’Š Pharmaceuticals,Ventyx Biosciences,76,USA
438, ğŸ’Š Pharmaceuticals,Capricor Therapeutics,74,USA
439, ğŸ’Š Pharmaceuticals,Genocea Biosciences,74,USA
440, ğŸ’Š Pharmaceuticals,Ikena Oncology,74,USA
441, ğŸ’Š Pharmaceuticals,BeyondSpring,73,USA
442, ğŸ’Š Pharmaceuticals,Immunic,73,USA
443, ğŸ’Š Pharmaceuticals,Atea Pharmaceuticals,73,USA
444, ğŸ’Š Pharmaceuticals,Pyxis Oncology,73,USA
445, ğŸ’Š Pharmaceuticals,Synlogic,72,USA
446, ğŸ’Š Pharmaceuticals,Armata Pharmaceuticals,72,USA
447, ğŸ’Š Pharmaceuticals,Lineage Cell Therapeutics,70,USA
448, ğŸ’Š Pharmaceuticals,Aura Biosciences,70,USA
449, ğŸ’Š Pharmaceuticals,Nuvalent,70,USA
450, ğŸ’Š Pharmaceuticals,Immuneering,68,USA
451, ğŸ’Š Pharmaceuticals,Structure Therapeutics,68,USA
452, ğŸ’Š Pharmaceuticals,Pharvaris,66,Netherlands
453, ğŸ’Š Pharmaceuticals,BioAtla,66,USA
454, ğŸ’Š Pharmaceuticals,Cabaletta Bio,66,USA
455, ğŸ’Š Pharmaceuticals,aTyr Pharma,65,USA
456, ğŸ’Š Pharmaceuticals,ALX Oncology,65,USA
457, ğŸ’Š Pharmaceuticals,Taysha Gene Therapies,65,USA
458, ğŸ’Š Pharmaceuticals,Selecta Biosciences,64,USA
459, ğŸ’Š Pharmaceuticals,Design Therapeutics,64,USA
460, ğŸ’Š Pharmaceuticals,Lyra Therapeutics,64,USA
461, ğŸ’Š Pharmaceuticals,Liquidia Technologies,63,USA
462, ğŸ’Š Pharmaceuticals,Athira Pharma,63,USA
463, ğŸ’Š Pharmaceuticals,Rain Therapeutics,63,USA
464, ğŸ’Š Pharmaceuticals,electroCore,62,USA
465, ğŸ’Š Pharmaceuticals,PMV Pharmaceuticals,62,USA
466, ğŸ’Š Pharmaceuticals,Janux Therapeutics,62,USA
467, ğŸ’Š Pharmaceuticals,HilleVax,62,USA
468, ğŸ’Š Pharmaceuticals,Olema Pharmaceuticals,62,USA
469, ğŸ’Š Pharmaceuticals,CymaBay Therapeutics,60,USA
470, ğŸ’Š Pharmaceuticals,Jaguar Health,60,USA
471, ğŸ’Š Pharmaceuticals,Icosavax,60,USA
472, ğŸ’Š Pharmaceuticals,Vigil Neuroscience,59,USA
473, ğŸ’Š Pharmaceuticals,Verastem Oncology,57,USA
474, ğŸ’Š Pharmaceuticals,Abeona Therapeutics,57,USA
475, ğŸ’Š Pharmaceuticals,IO Biotech,57,Denmark
476, ğŸ’Š Pharmaceuticals,ACELYRIN,56,USA
477, ğŸ’Š Pharmaceuticals,Inozyme Pharma,56,USA
478, ğŸ’Š Pharmaceuticals,Sol-Gel Technologies,55,Israel
479, ğŸ’Š Pharmaceuticals,Biora Therapeutics,54,USA
480, ğŸ’Š Pharmaceuticals,Nuvation Bio,53,USA
481, ğŸ’Š Pharmaceuticals,Altimmune,52,USA
482, ğŸ’Š Pharmaceuticals,Curis,51,USA
483, ğŸ’Š Pharmaceuticals,Disc Medicine,51,USA
484, ğŸ’Š Pharmaceuticals,ESSA Pharma,50,Canada
485, ğŸ’Š Pharmaceuticals,Vivani Medical,50,USA
486, ğŸ’Š Pharmaceuticals,Cybin,50,Canada
487, ğŸ’Š Pharmaceuticals,Actinium Pharmaceuticals,49,USA
488, ğŸ’Š Pharmaceuticals,PepGen,49,USA
489, ğŸ’Š Pharmaceuticals,Mind Medicine,48,USA
490, ğŸ’Š Pharmaceuticals,Reneo Pharmaceuticals,48,USA
491, ğŸ’Š Pharmaceuticals,Frequency Therapeutics,46,USA
492, ğŸ’Š Pharmaceuticals,Ovid Therapeutics,46,USA
493, ğŸ’Š Pharmaceuticals,Vera Therapeutics,46,USA
494, ğŸ’Š Pharmaceuticals,Terns Pharmaceuticals,46,USA
495, ğŸ’Š Pharmaceuticals,Werewolf Therapeutics,46,USA
496, ğŸ’Š Pharmaceuticals,Harpoon Therapeutics,45,USA
497, ğŸ’Š Pharmaceuticals,89bio,45,USA
498, ğŸ’Š Pharmaceuticals,Acrivon Therapeutics,45,USA
499, ğŸ’Š Pharmaceuticals,Leap Therapeutics,44,USA
500, ğŸ’Š Pharmaceuticals,InflaRx,44,Germany
501, ğŸ’Š Pharmaceuticals,Aerovate Therapeutics,43,USA
502, ğŸ’Š Pharmaceuticals,Avadel Pharmaceuticals,41,Ireland
503, ğŸ’Š Pharmaceuticals,BrainStorm Cell Therapeutics,41,USA
504, ğŸ’Š Pharmaceuticals,Akero Therapeutics,41,USA
505, ğŸ’Š Pharmaceuticals,Vincerx Pharma,41,USA
506, ğŸ’Š Pharmaceuticals,Eyenovia,41,USA
507, ğŸ’Š Pharmaceuticals,Cormedix,40,USA
508, ğŸ’Š Pharmaceuticals,X4 Pharmaceuticals,40,USA
509, ğŸ’Š Pharmaceuticals,Milestone Pharmaceuticals,39,Canada
510, ğŸ’Š Pharmaceuticals,SIGA Technologies,39,USA
511, ğŸ’Š Pharmaceuticals,Viracta Therapeutics,39,USA
512, ğŸ’Š Pharmaceuticals,Acumen Pharmaceuticals,39,USA
513, ğŸ’Š Pharmaceuticals,GlycoMimetics,38,USA
514, ğŸ’Š Pharmaceuticals,Anavex Life Sciences,38,USA
515, ğŸ’Š Pharmaceuticals,Vaccinex,38,USA
516, ğŸ’Š Pharmaceuticals,Theseus Pharmaceuticals,38,USA
517, ğŸ’Š Pharmaceuticals,Tyra Biosciences,38,USA
518, ğŸ’Š Pharmaceuticals,MiNK Therapeutics,37,USA
519, ğŸ’Š Pharmaceuticals,Immunome,37,USA
520, ğŸ’Š Pharmaceuticals,SCYNEXIS,36,USA
521, ğŸ’Š Pharmaceuticals,Clearside Biomedical,36,USA
522, ğŸ’Š Pharmaceuticals,Mereo BioPharma Group,36,UK
523, ğŸ’Š Pharmaceuticals,Evofem Biosciences,35,USA
524, ğŸ’Š Pharmaceuticals,Aptose Biosciences,35,Canada
525, ğŸ’Š Pharmaceuticals,Trevena,35,USA
526, ğŸ’Š Pharmaceuticals,AN2 Therapeutics,35,USA
527, ğŸ’Š Pharmaceuticals,Spero Therapeutics,35,USA
528, ğŸ’Š Pharmaceuticals,Verona Pharma,35,UK
529, ğŸ’Š Pharmaceuticals,Jasper Therapeutics,35,USA
530, ğŸ’Š Pharmaceuticals,Matinas BioPharma,34,USA
531, ğŸ’Š Pharmaceuticals,Kala Pharmaceuticals,34,USA
532, ğŸ’Š Pharmaceuticals,Alaunos Therapeutics,34,USA
533, ğŸ’Š Pharmaceuticals,ASLAN Pharmaceuticals,34,Singapore
534, ğŸ’Š Pharmaceuticals,Corbus Pharmaceuticals,33,USA
535, ğŸ’Š Pharmaceuticals,VistaGen Therapeutics,33,USA
536, ğŸ’Š Pharmaceuticals,Lumos Pharma,33,USA
537, ğŸ’Š Pharmaceuticals,Vaccitech,33,UK
538, ğŸ’Š Pharmaceuticals,BiondVax,33,Israel
539, ğŸ’Š Pharmaceuticals,Palatin Technologies,33,USA
540, ğŸ’Š Pharmaceuticals,GH Research,32,Ireland
541, ğŸ’Š Pharmaceuticals,Zevra Therapeutics,32,USA
542, ğŸ’Š Pharmaceuticals,Longboard Pharmaceuticals,32,USA
543, ğŸ’Š Pharmaceuticals,Unity Biotechnology,31,USA
544, ğŸ’Š Pharmaceuticals,Regulus Therapeutics,31,USA
545, ğŸ’Š Pharmaceuticals,Imunon,31,USA
546, ğŸ’Š Pharmaceuticals,Assertio Therapeutics,30,USA
547, ğŸ’Š Pharmaceuticals,Spruce Biosciences,30,USA
548, ğŸ’Š Pharmaceuticals,Oncolytics Biotech,29,Canada
549, ğŸ’Š Pharmaceuticals,Corvus Pharmaceuticals,29,USA
550, ğŸ’Š Pharmaceuticals,Genprex,28,USA
551, ğŸ’Š Pharmaceuticals,Pulmatrix,28,USA
552, ğŸ’Š Pharmaceuticals,NuCana,28,UK
553, ğŸ’Š Pharmaceuticals,Savara Pharmaceuticals,28,USA
554, ğŸ’Š Pharmaceuticals,Third Harmonic Bio,28,USA
555, ğŸ’Š Pharmaceuticals,Oculis Holding AG,28,Switzerland
556, ğŸ’Š Pharmaceuticals,PDS Biotechnology,26,USA
557, ğŸ’Š Pharmaceuticals,Larimar Therapeutics,26,USA
558, ğŸ’Š Pharmaceuticals,Zynerba Pharmaceuticals,25,USA
559, ğŸ’Š Pharmaceuticals,Dare Bioscience,25,USA
560, ğŸ’Š Pharmaceuticals,Hepion Pharmaceuticals,25,USA
561, ğŸ’Š Pharmaceuticals,Athersys,24,USA
562, ğŸ’Š Pharmaceuticals,Petros Pharmaceuticals,24,USA
563, ğŸ’Š Pharmaceuticals,ContraFect,23,USA
564, ğŸ’Š Pharmaceuticals,Agile Therapeutics,22,USA
565, ğŸ’Š Pharmaceuticals,AIM ImmunoTech,22,USA
566, ğŸ’Š Pharmaceuticals,Viking Therapeutics,22,USA
567, ğŸ’Š Pharmaceuticals,Rafael Holdings,22,USA
568, ğŸ’Š Pharmaceuticals,Lantern Pharma,22,USA
569, ğŸ’Š Pharmaceuticals,Verrica Pharmaceuticals,22,USA
570, ğŸ’Š Pharmaceuticals,Trevi Therapeutics,22,USA
571, ğŸ’Š Pharmaceuticals,Quince Therapeutics,21,USA
572, ğŸ’Š Pharmaceuticals,Citius Pharmaceuticals,21,USA
573, ğŸ’Š Pharmaceuticals,Achieve Life Sciences,20,Canada
574, ğŸ’Š Pharmaceuticals,Journey Medical,20,USA
575, ğŸ’Š Pharmaceuticals,MoonLake Immunotherapeutics,20,Switzerland
576, ğŸ’Š Pharmaceuticals,AcelRx Pharmaceuticals,19,USA
577, ğŸ’Š Pharmaceuticals,Tempest Therapeutics,19,USA
578, ğŸ’Š Pharmaceuticals,Longeveron,19,USA
579, ğŸ’Š Pharmaceuticals,Bellerophon Therapeutics,18,USA
580, ğŸ’Š Pharmaceuticals,Aptorum Group,18,Hong Kong
581, ğŸ’Š Pharmaceuticals,MAIA Biotechnology,18,USA
582, ğŸ’Š Pharmaceuticals,Benitec Biopharma,18,USA
583, ğŸ’Š Pharmaceuticals,Lipocine,17,USA
584, ğŸ’Š Pharmaceuticals,Outlook Therapeutics,17,USA
585, ğŸ’Š Pharmaceuticals,Sellas Life Sciences,17,USA
586, ğŸ’Š Pharmaceuticals,NanoViricides,17,USA
587, ğŸ’Š Pharmaceuticals,NewAmsterdam Pharma Company,17,Netherlands
588, ğŸ’Š Pharmaceuticals,Cyclerion Therapeutics,16,USA
589, ğŸ’Š Pharmaceuticals,Adial Pharmaceuticals,16,USA
590, ğŸ’Š Pharmaceuticals,Seelos Therapeutics,16,USA
591, ğŸ’Š Pharmaceuticals,Onconova Therapeutics,16,USA
592, ğŸ’Š Pharmaceuticals,Altamira Therapeutics,16,Bermuda
593, ğŸ’Š Pharmaceuticals,Aldeyra Therapeutics,15,USA
594, ğŸ’Š Pharmaceuticals,Cingulate,15,USA
595, ğŸ’Š Pharmaceuticals,Genelux,15,USA
596, ğŸ’Š Pharmaceuticals,eFFECTOR Therapeutics,15,USA
597, ğŸ’Š Pharmaceuticals,Advaxis,14,USA
598, ğŸ’Š Pharmaceuticals,Iterum Therapeutics,14,Ireland
599, ğŸ’Š Pharmaceuticals,Relmada Therapeutics,14,USA
600, ğŸ’Š Pharmaceuticals,bioAffinity Technologies,14,USA
601, ğŸ’Š Pharmaceuticals,vTv Therapeutics,13,USA
602, ğŸ’Š Pharmaceuticals,Soligenix,13,USA
603, ğŸ’Š Pharmaceuticals,MediciNova,13,USA
604, ğŸ’Š Pharmaceuticals,Regencell Bioscience,13,Hong Kong
605, ğŸ’Š Pharmaceuticals,VYNE Therapeutics,12,USA
606, ğŸ’Š Pharmaceuticals,Galectin Therapeutics,12,USA
607, ğŸ’Š Pharmaceuticals,Allena Pharmaceuticals,12,USA
608, ğŸ’Š Pharmaceuticals,Cocrystal Pharma,12,USA
609, ğŸ’Š Pharmaceuticals,Aptinyx,12,USA
610, ğŸ’Š Pharmaceuticals,Sio Gene Therapies,12,USA
611, ğŸ’Š Pharmaceuticals,Mineralys Therapeutics,12,USA
612, ğŸ’Š Pharmaceuticals,Atossa Therapeutics,11,USA
613, ğŸ’Š Pharmaceuticals,Nuvectis Pharma,11,USA
614, ğŸ’Š Pharmaceuticals,Monopar Therapeutics,11,USA
615, ğŸ’Š Pharmaceuticals,XOMA,11,USA
616, ğŸ’Š Pharmaceuticals,Adamis Pharmaceuticals,11,USA
617, ğŸ’Š Pharmaceuticals,BB Biotech,10,Switzerland
618, ğŸ’Š Pharmaceuticals,Azitra,10,USA
619, ğŸ’Š Pharmaceuticals,Organovo,9,USA
620, ğŸ’Š Pharmaceuticals,Baudax Bio,9,USA
621, ğŸ’Š Pharmaceuticals,Minerva Neurosciences,9,USA
622, ğŸ’Š Pharmaceuticals,Eterna Therapeutics,9,USA
623, ğŸ’Š Pharmaceuticals,Aprea Therapeutics,9,USA
624, ğŸ’Š Pharmaceuticals,Tiziana Life Sciences,9,UK
625, ğŸ’Š Pharmaceuticals,Context Therapeutics,9,USA
626, ğŸ’Š Pharmaceuticals,Phio Pharmaceuticals,9,USA
627, ğŸ’Š Pharmaceuticals,Sonoma Pharmaceuticals,9,USA
628, ğŸ’Š Pharmaceuticals,MyMD Pharmaceuticals,9,USA
629, ğŸ’Š Pharmaceuticals,Ocuphire Pharma,9,USA
630, ğŸ’Š Pharmaceuticals,Ampio Pharmaceuticals,8,USA
631, ğŸ’Š Pharmaceuticals,Can Fite Biopharma,8,Israel
632, ğŸ’Š Pharmaceuticals,Calithera Biosciences,8,USA
633, ğŸ’Š Pharmaceuticals,Okyo Pharma,7,UK
634, ğŸ’Š Pharmaceuticals,Ensysce Biosciences,7,USA
635, ğŸ’Š Pharmaceuticals,Oragenics,6,USA
636, ğŸ’Š Pharmaceuticals,Aileron Therapeutics,6,USA
637, ğŸ’Š Pharmaceuticals,Humanigen,6,USA
638, ğŸ’Š Pharmaceuticals,PainReform,6,Israel
639, ğŸ’Š Pharmaceuticals,Coya Therapeutics,6,USA
640, ğŸ’Š Pharmaceuticals,Portage Biotech,6,British Virgin Islands
641, ğŸ’Š Pharmaceuticals,Avalon GloboCare,5,USA
642, ğŸ’Š Pharmaceuticals,AgeX Therapeutics,5,USA
643, ğŸ’Š Pharmaceuticals,180 Life Sciences,5,USA
644, ğŸ’Š Pharmaceuticals,Belite Bio,5,USA
645, ğŸ’Š Pharmaceuticals,Lipella Pharmaceuticals,5,USA
646, ğŸ’Š Pharmaceuticals,Galmed Pharmaceuticals,4,Israel
647, ğŸ’Š Pharmaceuticals,Evoke Pharma,4,USA
648, ğŸ’Š Pharmaceuticals,Titan Pharmaceuticals,4,USA
649, ğŸ’Š Pharmaceuticals,Anixa Biosciences,4,USA
650, ğŸ’Š Pharmaceuticals,Quoin Pharmaceuticals,4,USA
651, ğŸ’Š Pharmaceuticals,Bullfrog AI,4,USA
652, ğŸ’Š Pharmaceuticals,Xenetic Biosciences,4,USA
653, ğŸ’Š Pharmaceuticals,Intensity Therapeutics,3,USA
654, ğŸ’Š Pharmaceuticals,PaxMedica,3,USA
655, ğŸ’Š Pharmaceuticals,Greenwich LifeSciences,3,USA
656, ğŸ’Š Pharmaceuticals,Cadrenal Therapeutics,3,USA
657, ğŸ’Š Pharmaceuticals,Hoth Therapeutics,2,USA
658, ğŸ’Š Pharmaceuticals,Mangoceuticals,2,USA
659, ğŸ’Š Pharmaceuticals,TherapeuticsMD,1,USA
660, ğŸ’Š Pharmaceuticals,Hillstream BioPharma,1,USA
