Rank,Category,Company,Earnings,Country
1, ğŸ’Š Pharmaceuticals,Johnson & Johnson,$24.43 B,USA
2, ğŸ’Š Pharmaceuticals,Roche,$17.67 B,Switzerland
3, ğŸ’Š Pharmaceuticals,CVS Health,$14.09 B,USA
4, ğŸ’Š Pharmaceuticals,Novo Nordisk,$12.84 B,Denmark
5, ğŸ’Š Pharmaceuticals,Pfizer,$12.25 B,USA
6, ğŸ’Š Pharmaceuticals,Sanofi,$10.77 B,France
7, ğŸ’Š Pharmaceuticals,GlaxoSmithKline,$9.02 B,UK
8, ğŸ’Š Pharmaceuticals,Novartis,$8.80 B,Switzerland
9, ğŸ’Š Pharmaceuticals,Amgen,$8.75 B,USA
10, ğŸ’Š Pharmaceuticals,Bristol-Myers Squibb,$8.62 B,USA
11, ğŸ’Š Pharmaceuticals,AstraZeneca,$8.32 B,UK
12, ğŸ’Š Pharmaceuticals,Merck,$8.15 B,USA
13, ğŸ’Š Pharmaceuticals,AbbVie,$8.00 B,USA
14, ğŸ’Š Pharmaceuticals,Gilead Sciences,$7.23 B,USA
15, ğŸ’Š Pharmaceuticals,Eli Lilly,$6.14 B,USA
16, ğŸ’Š Pharmaceuticals,Regeneron Pharmaceuticals,$4.37 B,USA
17, ğŸ’Š Pharmaceuticals,Vertex Pharmaceuticals,$4.35 B,USA
18, ğŸ’Š Pharmaceuticals,BioNTech,$4.15 B,Germany
19, ğŸ’Š Pharmaceuticals,Merck KGaA,$3.96 B,Germany
20, ğŸ’Š Pharmaceuticals,Chugai Pharmaceutical,$3.39 B,Japan
21, ğŸ’Š Pharmaceuticals,Sinopharm,$3.20 B,China
22, ğŸ’Š Pharmaceuticals,Takeda Pharmaceutical,$3.12 B,Japan
23, ğŸ’Š Pharmaceuticals,Viatris,$3.10 B,USA
24, ğŸ’Š Pharmaceuticals,Zoetis,$2.87 B,USA
25, ğŸ’Š Pharmaceuticals,CSL,$2.66 B,Australia
26, ğŸ’Š Pharmaceuticals,Shionogi,$2.00 B,Japan
27, ğŸ’Š Pharmaceuticals,Otsuka Holdings,$1.75 B,Japan
28, ğŸ’Š Pharmaceuticals,WuXi AppTec,$1.66 B,China
29, ğŸ’Š Pharmaceuticals,Biogen,$1.60 B,USA
30, ğŸ’Š Pharmaceuticals,Lonza,$1.56 B,Switzerland
31, ğŸ’Š Pharmaceuticals,China Resources Pharmaceutical Group,$1.26 B,Hong Kong
32, ğŸ’Š Pharmaceuticals,United Therapeutics,$1.21 B,USA
33, ğŸ’Š Pharmaceuticals,Sun Pharmaceutical,$1.20 B,India
34, ğŸ’Š Pharmaceuticals,Ono Pharmaceutical,$1.15 B,Japan
35, ğŸ’Š Pharmaceuticals,Daiichi SankyÅ,$0.96 B,Japan
36, ğŸ’Š Pharmaceuticals,LabCorp,$0.96 B,USA
37, ğŸ’Š Pharmaceuticals,Dr. Reddy's,$0.81 B,India
38, ğŸ’Š Pharmaceuticals,WuXi Biologics,$0.77 B,China
39, ğŸ’Š Pharmaceuticals,Genmab,$0.77 B,Denmark
40, ğŸ’Š Pharmaceuticals,Ipsen,$0.75 B,France
41, ğŸ’Š Pharmaceuticals,Sino Biopharmaceutical,$0.72 B,China
42, ğŸ’Š Pharmaceuticals,Celltrion,$0.68 B,S. Korea
43, ğŸ’Š Pharmaceuticals,Organon,$0.68 B,USA
44, ğŸ’Š Pharmaceuticals,West Pharmaceutical,$0.65 B,USA
45, ğŸ’Š Pharmaceuticals,Incyte,$0.64 B,USA
46, ğŸ’Š Pharmaceuticals,Jiangsu Hengrui Medicine,$0.60 B,China
47, ğŸ’Š Pharmaceuticals,Recordati,$0.58 B,Italy
48, ğŸ’Š Pharmaceuticals,ICON plc,$0.56 B,Ireland
49, ğŸ’Š Pharmaceuticals,Royalty Pharma,$0.55 B,UK
50, ğŸ’Š Pharmaceuticals,UCB,$0.54 B,Belgium
51, ğŸ’Š Pharmaceuticals,Eisai,$0.54 B,Japan
52, ğŸ’Š Pharmaceuticals,Horizon Therapeutics,$0.51 B,Ireland
53, ğŸ’Š Pharmaceuticals,kyowa Kirin,$0.50 B,Japan
54, ğŸ’Š Pharmaceuticals,Hanmi Pharmaceutical,$0.49 B,S. Korea
55, ğŸ’Š Pharmaceuticals,Astellas Pharma,$0.45 B,Japan
56, ğŸ’Š Pharmaceuticals,Lundbeck,$0.44 B,Denmark
57, ğŸ’Š Pharmaceuticals,Zydus Lifesciences,$0.44 B,India
58, ğŸ’Š Pharmaceuticals,Richter Gedeon,$0.44 B,Hungary
59, ğŸ’Š Pharmaceuticals,Hansoh Pharma,$0.42 B,China
60, ğŸ’Š Pharmaceuticals,Aurobindo Pharma,$0.42 B,India
61, ğŸ’Š Pharmaceuticals,Swedish Orphan Biovitrum,$0.41 B,Sweden
62, ğŸ’Š Pharmaceuticals,Grifols,$0.36 B,Spain
63, ğŸ’Š Pharmaceuticals,Cipla,$0.35 B,India
64, ğŸ’Š Pharmaceuticals,Aspen Pharmacare,$0.34 B,South Africa
65, ğŸ’Š Pharmaceuticals,Medpace,$0.31 B,USA
66, ğŸ’Š Pharmaceuticals,Halozyme Therapeutics,$0.31 B,USA
67, ğŸ’Š Pharmaceuticals,Bio-Techne,$0.29 B,USA
68, ğŸ’Š Pharmaceuticals,Morphosys,$0.28 B,Germany
69, ğŸ’Š Pharmaceuticals,Torrent Pharmaceuticals,$0.28 B,India
70, ğŸ’Š Pharmaceuticals,Santen Pharmaceutical,$0.28 B,Japan
71, ğŸ’Š Pharmaceuticals,Rohto Pharmaceutical,$0.27 B,Japan
72, ğŸ’Š Pharmaceuticals,Laboratorios Farmaceuticos Rovi,$0.27 B,Spain
73, ğŸ’Š Pharmaceuticals,Mankind Pharma,$0.26 B,India
74, ğŸ’Š Pharmaceuticals,Neurocrine Biosciences,$0.25 B,USA
75, ğŸ’Š Pharmaceuticals,Lupin Limited,$0.24 B,India
76, ğŸ’Š Pharmaceuticals,Hualan Biological Engineering,$0.24 B,China
77, ğŸ’Š Pharmaceuticals,Alkermes,$0.23 B,Ireland
78, ğŸ’Š Pharmaceuticals,Siegfried Holding,$0.23 B,Switzerland
79, ğŸ’Š Pharmaceuticals,Orion Corporation,$0.23 B,Finland
80, ğŸ’Š Pharmaceuticals,Hikma Pharmaceuticals,$0.23 B,UK
81, ğŸ’Š Pharmaceuticals,Alkem Laboratories,$0.22 B,India
82, ğŸ’Š Pharmaceuticals,Divis Laboratories,$0.22 B,India
83, ğŸ’Š Pharmaceuticals,Nippon Shinyaku,$0.22 B,Japan
84, ğŸ’Š Pharmaceuticals,Perrigo,$0.21 B,Ireland
85, ğŸ’Š Pharmaceuticals,Galenica,$0.21 B,Switzerland
86, ğŸ’Š Pharmaceuticals,Biocon,$0.20 B,India
87, ğŸ’Š Pharmaceuticals,KOBAYASHI Pharmaceutical,$0.20 B,Japan
88, ğŸ’Š Pharmaceuticals,Zymeworks,$0.20 B,Canada
89, ğŸ’Š Pharmaceuticals,Maravai LifeSciences,$0.19 B,USA
90, ğŸ’Š Pharmaceuticals,Harmony Biosciences,$0.18 B,USA
91, ğŸ’Š Pharmaceuticals,Virbac SA,$0.18 B,France
92, ğŸ’Š Pharmaceuticals,Clicks Group,$0.18 B,South Africa
93, ğŸ’Š Pharmaceuticals,Bavarian Nordic,$0.18 B,Denmark
94, ğŸ’Š Pharmaceuticals,Taisho Pharmaceutical,$0.18 B,Japan
95, ğŸ’Š Pharmaceuticals,Abbott India,$0.17 B,India
96, ğŸ’Š Pharmaceuticals,BioMarin Pharmaceutical,$0.15 B,USA
97, ğŸ’Š Pharmaceuticals,Glenmark Pharmaceuticals,$0.14 B,India
98, ğŸ’Š Pharmaceuticals,Catalyst Pharmaceuticals,$0.14 B,USA
99, ğŸ’Š Pharmaceuticals,Amphastar Pharmaceuticals,$0.13 B,USA
100, ğŸ’Š Pharmaceuticals,Procaps Group,$0.12 B,Luxembourg
101, ğŸ’Š Pharmaceuticals,Gland Pharma,$0.12 B,India
102, ğŸ’Š Pharmaceuticals,Exelixis,$0.12 B,USA
103, ğŸ’Š Pharmaceuticals,Bachem,$0.12 B,Switzerland
104, ğŸ’Š Pharmaceuticals,Natco Pharma,$0.12 B,India
105, ğŸ’Š Pharmaceuticals,Dynavax Technologies,$0.11 B,USA
106, ğŸ’Š Pharmaceuticals,POINT Biopharma,$0.11 B,USA
107, ğŸ’Š Pharmaceuticals,Faes Farma,$0.10 B,Spain
108, ğŸ’Š Pharmaceuticals,Ipca Laboratories,$0.10 B,India
109, ğŸ’Š Pharmaceuticals,Fagron,$0.10 B,Belgium
110, ğŸ’Š Pharmaceuticals,Sanofi India Limited,$0.10 B,India
111, ğŸ’Š Pharmaceuticals,Corcept Therapeutics,$98.11 M,USA
112, ğŸ’Š Pharmaceuticals,Almirall,$88.82 M,Spain
113, ğŸ’Š Pharmaceuticals,ALK-AbellÃ³,$88.38 M,Denmark
114, ğŸ’Š Pharmaceuticals,Voyager Therapeutics,$87.33 M,USA
115, ğŸ’Š Pharmaceuticals,I-Mab Biopharma,$78.91 M,China
116, ğŸ’Š Pharmaceuticals,Collegium Pharmaceutical,$76.79 M,USA
117, ğŸ’Š Pharmaceuticals,Alembic Pharmaceuticals,$74.19 M,India
118, ğŸ’Š Pharmaceuticals,PeptiDream,$72.26 M,Japan
119, ğŸ’Š Pharmaceuticals,Granules India,$71.48 M,India
120, ğŸ’Š Pharmaceuticals,Innoviva,$68.2 M,USA
121, ğŸ’Š Pharmaceuticals,Laurus Labs,$62.93 M,India
122, ğŸ’Š Pharmaceuticals,Orchard Therapeutics,$56.65 M,UK
123, ğŸ’Š Pharmaceuticals,Yuhan,$53.39 M,S. Korea
124, ğŸ’Š Pharmaceuticals,SCYNEXIS,$49.97 M,USA
125, ğŸ’Š Pharmaceuticals,Arcturus Therapeutics,$49.73 M,USA
126, ğŸ’Š Pharmaceuticals,KYORIN Pharmaceutical,$46.64 M,Japan
127, ğŸ’Š Pharmaceuticals,Piramal Pharma,$46.18 M,India
128, ğŸ’Š Pharmaceuticals,Marksans Pharma,$44.69 M,India
129, ğŸ’Š Pharmaceuticals,Eagle Pharmaceuticals,$39.32 M,USA
130, ğŸ’Š Pharmaceuticals,FDC India,$38.49 M,India
131, ğŸ’Š Pharmaceuticals,SIGA Technologies,$35.75 M,USA
132, ğŸ’Š Pharmaceuticals,Neuland Laboratories,$34.78 M,India
133, ğŸ’Š Pharmaceuticals,Aarti Drugs,$33.66 M,India
134, ğŸ’Š Pharmaceuticals,Supernus Pharmaceuticals,$32.31 M,USA
135, ğŸ’Š Pharmaceuticals,Medios AG,$28.08 M,Germany
136, ğŸ’Š Pharmaceuticals,Cosmo Pharmaceuticals,$26.2 M,Ireland
137, ğŸ’Š Pharmaceuticals,Assertio Therapeutics,$24.85 M,USA
138, ğŸ’Š Pharmaceuticals,Hikal,$21.6 M,India
139, ğŸ’Š Pharmaceuticals,Biotest,$19.42 M,Germany
140, ğŸ’Š Pharmaceuticals,Indoco Remedies,$19.06 M,India
141, ğŸ’Š Pharmaceuticals,Ocuphire Pharma,$18.97 M,USA
142, ğŸ’Š Pharmaceuticals,Pharma Mar,$18.54 M,Spain
143, ğŸ’Š Pharmaceuticals,Amneal Pharmaceuticals,$14.75 M,USA
144, ğŸ’Š Pharmaceuticals,Protalix BioTherapeutics,$13.17 M,Israel
145, ğŸ’Š Pharmaceuticals,RPG Life Sciences,$12.29 M,India
146, ğŸ’Š Pharmaceuticals,Bliss GVS Pharma,$11.94 M,India
147, ğŸ’Š Pharmaceuticals,Redhill Biopharma,$11.57 M,Israel
148, ğŸ’Š Pharmaceuticals,Vanda Pharmaceuticals,$9.67 M,USA
149, ğŸ’Š Pharmaceuticals,PolyPeptide Group,$8.1 M,Switzerland
150, ğŸ’Š Pharmaceuticals,MacroGenics,$7.44 M,USA
151, ğŸ’Š Pharmaceuticals,Repare Therapeutics,$6.82 M,Canada
152, ğŸ’Š Pharmaceuticals,Hester Biosciences,$6.55 M,India
153, ğŸ’Š Pharmaceuticals,Strides Pharma,$6.54 M,India
154, ğŸ’Š Pharmaceuticals,Jubilant Pharmova,$5.4 M,India
155, ğŸ’Š Pharmaceuticals,Nectar Lifesciences,$3.67 M,India
156, ğŸ’Š Pharmaceuticals,Kamada,$3.54 M,Israel
157, ğŸ’Š Pharmaceuticals,Acorda Therapeutics,$2.91 M,USA
158, ğŸ’Š Pharmaceuticals,InterCure,$1.48 M,Israel
160, ğŸ’Š Pharmaceuticals,Avid Bioservices,-$0.09 M,USA
161, ğŸ’Š Pharmaceuticals,Taro Pharmaceutical,-$0.73 M,Israel
162, ğŸ’Š Pharmaceuticals,Valneva SE,-$1.65 M,France
163, ğŸ’Š Pharmaceuticals,Puma Biotechnology,-$1.74 M,USA
164, ğŸ’Š Pharmaceuticals,Nymox Pharmaceutical,-$2.17 M,Bahamas
165, ğŸ’Š Pharmaceuticals,CytoMed Therapeutics,-$2.25 M,Singapore
166, ğŸ’Š Pharmaceuticals,Merrimack Pharmaceuticals,-$2.27 M,USA
167, ğŸ’Š Pharmaceuticals,JanOne,-$2.41 M,USA
168, ğŸ’Š Pharmaceuticals,Harrow Health,-$2.85 M,USA
169, ğŸ’Š Pharmaceuticals,Lipella Pharmaceuticals,-$3.67 M,USA
170, ğŸ’Š Pharmaceuticals,Bullfrog AI,-$3.96 M,USA
171, ğŸ’Š Pharmaceuticals,Xenetic Biosciences,-$4.53 M,USA
172, ğŸ’Š Pharmaceuticals,Sonoma Pharmaceuticals,-$4.96 M,USA
173, ğŸ’Š Pharmaceuticals,AVROBIO,-$5.5 M,USA
174, ğŸ’Š Pharmaceuticals,Regencell Bioscience,-$6.28 M,Hong Kong
175, ğŸ’Š Pharmaceuticals,ChromaDex,-$6.5 M,USA
176, ğŸ’Š Pharmaceuticals,Mangoceuticals,-$6.5 M,USA
177, ğŸ’Š Pharmaceuticals,BiondVax,-$6.83 M,Israel
178, ğŸ’Š Pharmaceuticals,Evoke Pharma,-$7.43 M,USA
179, ğŸ’Š Pharmaceuticals,Societal CDMO,-$7.5 M,USA
180, ğŸ’Š Pharmaceuticals,Cadrenal Therapeutics,-$7.65 M,USA
181, ğŸ’Š Pharmaceuticals,Titan Pharmaceuticals,-$8.47 M,USA
182, ğŸ’Š Pharmaceuticals,NanoViricides,-$8.59 M,USA
183, ğŸ’Š Pharmaceuticals,Kala Pharmaceuticals,-$8.64 M,USA
184, ğŸ’Š Pharmaceuticals,Hillstream BioPharma,-$8.91 M,USA
185, ğŸ’Š Pharmaceuticals,Lucy Scientific Discovery,-$8.99 M,Canada
186, ğŸ’Š Pharmaceuticals,Intensity Therapeutics,-$9.07 M,USA
187, ğŸ’Š Pharmaceuticals,Genenta Science,-$9.08 M,Italy
188, ğŸ’Š Pharmaceuticals,Immutep,-$9.21 M,Australia
189, ğŸ’Š Pharmaceuticals,Avalon GloboCare,-$9.32 M,USA
190, ğŸ’Š Pharmaceuticals,Quoin Pharmaceuticals,-$9.36 M,USA
191, ğŸ’Š Pharmaceuticals,MediWound,-$9.39 M,Israel
192, ğŸ’Š Pharmaceuticals,Greenwich LifeSciences,-$9.39 M,USA
193, ğŸ’Š Pharmaceuticals,PainReform,-$9.76 M,Israel
194, ğŸ’Š Pharmaceuticals,Can Fite Biopharma,-$9.77 M,Israel
195, ğŸ’Š Pharmaceuticals,bioAffinity Technologies,-$9.86 M,USA
196, ğŸ’Š Pharmaceuticals,Monopar Therapeutics,-$9.94 M,USA
197, ğŸ’Š Pharmaceuticals,Hoth Therapeutics,-$10.01 M,USA
198, ğŸ’Š Pharmaceuticals,Oragenics,-$10.11 M,USA
199, ğŸ’Š Pharmaceuticals,Soligenix,-$10.37 M,USA
200, ğŸ’Š Pharmaceuticals,Adial Pharmaceuticals,-$10.4 M,USA
201, ğŸ’Š Pharmaceuticals,ANI Pharmaceuticals,-$10.54 M,USA
202, ğŸ’Š Pharmaceuticals,Spero Therapeutics,-$11 M,USA
203, ğŸ’Š Pharmaceuticals,Azitra,-$11.11 M,USA
204, ğŸ’Š Pharmaceuticals,AgeX Therapeutics,-$11.17 M,USA
205, ğŸ’Š Pharmaceuticals,Galmed Pharmaceuticals,-$11.42 M,Israel
206, ğŸ’Š Pharmaceuticals,Aptorum Group,-$11.53 M,Hong Kong
207, ğŸ’Š Pharmaceuticals,Altamira Therapeutics,-$11.57 M,Bermuda
208, ğŸ’Š Pharmaceuticals,Anixa Biosciences,-$11.57 M,USA
209, ğŸ’Š Pharmaceuticals,Rockwell Medical,-$11.61 M,USA
210, ğŸ’Š Pharmaceuticals,Vericel,-$11.83 M,USA
211, ğŸ’Š Pharmaceuticals,Lipocine,-$12.06 M,USA
212, ğŸ’Š Pharmaceuticals,Kiniksa Pharmaceuticals,-$12.27 M,Bermuda
213, ğŸ’Š Pharmaceuticals,Aytu BioScience,-$12.33 M,USA
214, ğŸ’Š Pharmaceuticals,MediciNova,-$12.45 M,USA
215, ğŸ’Š Pharmaceuticals,Phio Pharmaceuticals,-$12.46 M,USA
216, ğŸ’Š Pharmaceuticals,iCAD,-$12.62 M,USA
217, ğŸ’Š Pharmaceuticals,Aileron Therapeutics,-$12.75 M,USA
218, ğŸ’Š Pharmaceuticals,TG Therapeutics,-$12.86 M,USA
219, ğŸ’Š Pharmaceuticals,Coya Therapeutics,-$12.97 M,USA
220, ğŸ’Š Pharmaceuticals,CervoMed,-$13.08 M,USA
221, ğŸ’Š Pharmaceuticals,MyMD Pharmaceuticals,-$13.12 M,USA
222, ğŸ’Š Pharmaceuticals,Incannex Healthcare,-$13.23 M,Australia
223, ğŸ’Š Pharmaceuticals,Okyo Pharma,-$13.29 M,UK
224, ğŸ’Š Pharmaceuticals,Genelux,-$13.68 M,USA
225, ğŸ’Š Pharmaceuticals,Ampio Pharmaceuticals,-$13.98 M,USA
226, ğŸ’Š Pharmaceuticals,Bellerophon Therapeutics,-$13.99 M,USA
227, ğŸ’Š Pharmaceuticals,Aquestive Therapeutics,-$14.03 M,USA
228, ğŸ’Š Pharmaceuticals,Rafael Holdings,-$15.11 M,USA
229, ğŸ’Š Pharmaceuticals,Aprea Therapeutics,-$15.13 M,USA
230, ğŸ’Š Pharmaceuticals,Tiziana Life Sciences,-$15.4 M,UK
231, ğŸ’Š Pharmaceuticals,Lantern Pharma,-$15.45 M,USA
232, ğŸ’Š Pharmaceuticals,ImmunoPrecise Antibodies,-$16.15 M,USA
233, ğŸ’Š Pharmaceuticals,ADMA Biologics,-$16.56 M,USA
234, ğŸ’Š Pharmaceuticals,Belite Bio,-$17.16 M,USA
235, ğŸ’Š Pharmaceuticals,Pulmatrix,-$17.54 M,USA
236, ğŸ’Š Pharmaceuticals,MAIA Biotechnology,-$17.68 M,USA
237, ğŸ’Š Pharmaceuticals,Organovo,-$18.07 M,USA
238, ğŸ’Š Pharmaceuticals,AcelRx Pharmaceuticals,-$18.59 M,USA
239, ğŸ’Š Pharmaceuticals,Cingulate,-$18.66 M,USA
240, ğŸ’Š Pharmaceuticals,Context Therapeutics,-$18.74 M,USA
241, ğŸ’Š Pharmaceuticals,Theratechnologies,-$18.84 M,Canada
242, ğŸ’Š Pharmaceuticals,AIM ImmunoTech,-$19.35 M,USA
243, ğŸ’Š Pharmaceuticals,Benitec Biopharma,-$19.57 M,USA
244, ğŸ’Š Pharmaceuticals,Cocrystal Pharma,-$19.73 M,USA
245, ğŸ’Š Pharmaceuticals,Ensysce Biosciences,-$19.77 M,USA
246, ğŸ’Š Pharmaceuticals,Longeveron,-$20.23 M,USA
247, ğŸ’Š Pharmaceuticals,Adamis Pharmaceuticals,-$20.3 M,USA
248, ğŸ’Š Pharmaceuticals,OmniAb,-$20.61 M,USA
249, ğŸ’Š Pharmaceuticals,Matinas BioPharma,-$20.67 M,USA
250, ğŸ’Š Pharmaceuticals,Poseida Therapeutics,-$20.75 M,USA
251, ğŸ’Š Pharmaceuticals,Onconova Therapeutics,-$20.85 M,USA
252, ğŸ’Š Pharmaceuticals,Sequent Scientific,-$21.01 M,India
253, ğŸ’Š Pharmaceuticals,Zomedica Pharmaceuticals,-$21.02 M,USA
254, ğŸ’Š Pharmaceuticals,Oncolytics Biotech,-$21.11 M,Canada
255, ğŸ’Š Pharmaceuticals,Bionomics,-$21.22 M,Australia
256, ğŸ’Š Pharmaceuticals,Eterna Therapeutics,-$21.45 M,USA
257, ğŸ’Š Pharmaceuticals,Vaccinex,-$21.86 M,USA
258, ğŸ’Š Pharmaceuticals,Petros Pharmaceuticals,-$21.99 M,USA
259, ğŸ’Š Pharmaceuticals,electroCore,-$22.21 M,USA
260, ğŸ’Š Pharmaceuticals,BrainStorm Cell Therapeutics,-$22.27 M,USA
261, ğŸ’Š Pharmaceuticals,Nuvectis Pharma,-$22.33 M,USA
262, ğŸ’Š Pharmaceuticals,Biofrontera,-$22.37 M,USA
263, ğŸ’Š Pharmaceuticals,Baudax Bio,-$22.47 M,USA
264, ğŸ’Š Pharmaceuticals,Olink Holding,-$22.69 M,Sweden
265, ğŸ’Š Pharmaceuticals,Verrica Pharmaceuticals,-$23.35 M,USA
266, ğŸ’Š Pharmaceuticals,Turnstone Biologics,-$23.49 M,USA
267, ğŸ’Š Pharmaceuticals,Lineage Cell Therapeutics,-$23.56 M,USA
268, ğŸ’Š Pharmaceuticals,Oramed Pharmaceuticals,-$24 M,USA
269, ğŸ’Š Pharmaceuticals,PaxMedica,-$24.01 M,USA
270, ğŸ’Š Pharmaceuticals,vTv Therapeutics,-$24.55 M,USA
271, ğŸ’Š Pharmaceuticals,XOMA,-$25.39 M,USA
272, ğŸ’Š Pharmaceuticals,Eyenovia,-$25.39 M,USA
273, ğŸ’Š Pharmaceuticals,Sol-Gel Technologies,-$25.43 M,Israel
274, ğŸ’Š Pharmaceuticals,Quince Therapeutics,-$25.76 M,USA
275, ğŸ’Š Pharmaceuticals,Marinus Pharmaceuticals,-$25.84 M,USA
276, ğŸ’Š Pharmaceuticals,Ardelyx,-$26.36 M,USA
277, ğŸ’Š Pharmaceuticals,Immunome,-$26.57 M,USA
278, ğŸ’Š Pharmaceuticals,Minerva Neurosciences,-$26.79 M,USA
279, ğŸ’Š Pharmaceuticals,Vivani Medical,-$26.84 M,USA
280, ğŸ’Š Pharmaceuticals,Pieris Pharmaceuticals,-$27.05 M,USA
281, ğŸ’Š Pharmaceuticals,ESSA Pharma,-$27.49 M,Canada
282, ğŸ’Š Pharmaceuticals,Cytosorbents,-$27.54 M,USA
283, ğŸ’Š Pharmaceuticals,Calliditas Therapeutics,-$27.59 M,Sweden
284, ğŸ’Š Pharmaceuticals,Pharming Group,-$28.07 M,Netherlands
285, ğŸ’Š Pharmaceuticals,MiNK Therapeutics,-$28.08 M,USA
286, ğŸ’Š Pharmaceuticals,Clearside Biomedical,-$28.08 M,USA
287, ğŸ’Š Pharmaceuticals,Regulus Therapeutics,-$28.11 M,USA
288, ğŸ’Š Pharmaceuticals,Sio Gene Therapies,-$28.55 M,USA
289, ğŸ’Š Pharmaceuticals,SPARC,-$28.78 M,India
290, ğŸ’Š Pharmaceuticals,Capricor Therapeutics,-$29.23 M,USA
291, ğŸ’Š Pharmaceuticals,Cyclerion Therapeutics,-$29.24 M,USA
292, ğŸ’Š Pharmaceuticals,Trevi Therapeutics,-$29.32 M,USA
293, ğŸ’Š Pharmaceuticals,iBio,-$29.33 M,USA
294, ğŸ’Š Pharmaceuticals,Perspective Therapeutics,-$29.35 M,USA
295, ğŸ’Š Pharmaceuticals,Citius Pharmaceuticals,-$29.59 M,USA
296, ğŸ’Š Pharmaceuticals,Sagimet Biosciences,-$29.81 M,USA
297, ğŸ’Š Pharmaceuticals,Genprex,-$30.04 M,USA
298, ğŸ’Š Pharmaceuticals,Agile Therapeutics,-$30.59 M,USA
299, ğŸ’Š Pharmaceuticals,Atossa Therapeutics,-$31.62 M,USA
300, ğŸ’Š Pharmaceuticals,Imunon,-$31.63 M,USA
301, ğŸ’Š Pharmaceuticals,Tempest Therapeutics,-$31.75 M,USA
302, ğŸ’Š Pharmaceuticals,Palatin Technologies,-$32.2 M,USA
303, ğŸ’Š Pharmaceuticals,Zevra Therapeutics,-$32.22 M,USA
304, ğŸ’Š Pharmaceuticals,Selecta Biosciences,-$32.49 M,USA
305, ğŸ’Š Pharmaceuticals,MaxCyte,-$32.64 M,USA
306, ğŸ’Š Pharmaceuticals,Larimar Therapeutics,-$32.64 M,USA
307, ğŸ’Š Pharmaceuticals,Rigel Pharmaceuticals,-$32.78 M,USA
308, ğŸ’Š Pharmaceuticals,Cel-Sci,-$33.09 M,USA
309, ğŸ’Š Pharmaceuticals,Alaunos Therapeutics,-$33.19 M,USA
310, ğŸ’Š Pharmaceuticals,VYNE Therapeutics,-$33.2 M,USA
311, ğŸ’Š Pharmaceuticals,Shinpoong Pharm,-$33.69 M,S. Korea
312, ğŸ’Š Pharmaceuticals,Lumos Pharma,-$34.16 M,USA
313, ğŸ’Š Pharmaceuticals,eFFECTOR Therapeutics,-$34.89 M,USA
314, ğŸ’Š Pharmaceuticals,XBiotech,-$34.96 M,USA
315, ğŸ’Š Pharmaceuticals,GH Research,-$35.7 M,Ireland
316, ğŸ’Š Pharmaceuticals,ContraFect,-$35.85 M,USA
317, ğŸ’Š Pharmaceuticals,Advaxis,-$36.27 M,USA
318, ğŸ’Š Pharmaceuticals,Cybin,-$36.34 M,Canada
319, ğŸ’Š Pharmaceuticals,Abeona Therapeutics,-$36.38 M,USA
320, ğŸ’Š Pharmaceuticals,Journey Medical,-$36.62 M,USA
321, ğŸ’Š Pharmaceuticals,Cormedix,-$36.91 M,USA
322, ğŸ’Š Pharmaceuticals,Sellas Life Sciences,-$36.93 M,USA
323, ğŸ’Š Pharmaceuticals,Genocea Biosciences,-$37.2 M,USA
324, ğŸ’Š Pharmaceuticals,GlycoMimetics,-$37.39 M,USA
325, ğŸ’Š Pharmaceuticals,CASI Pharmaceuticals,-$37.44 M,USA
326, ğŸ’Š Pharmaceuticals,InflaRx,-$37.47 M,Germany
327, ğŸ’Š Pharmaceuticals,Zynerba Pharmaceuticals,-$37.59 M,USA
328, ğŸ’Š Pharmaceuticals,Orchestra BioMed,-$37.6 M,USA
329, ğŸ’Š Pharmaceuticals,OptiNose,-$37.65 M,USA
330, ğŸ’Š Pharmaceuticals,IMV,-$38.47 M,Canada
331, ğŸ’Š Pharmaceuticals,Corvus Pharmaceuticals,-$39.03 M,USA
332, ğŸ’Š Pharmaceuticals,NRx Pharmaceuticals,-$39.08 M,USA
333, ğŸ’Š Pharmaceuticals,Harpoon Therapeutics,-$39.19 M,USA
334, ğŸ’Š Pharmaceuticals,Calithera Biosciences,-$39.65 M,USA
335, ğŸ’Š Pharmaceuticals,Mereo BioPharma Group,-$39.68 M,UK
336, ğŸ’Š Pharmaceuticals,Renovaro Biosciences,-$39.69 M,USA
337, ğŸ’Š Pharmaceuticals,Dare Bioscience,-$39.77 M,USA
338, ğŸ’Š Pharmaceuticals,Galectin Therapeutics,-$39.88 M,USA
339, ğŸ’Š Pharmaceuticals,Armata Pharmaceuticals,-$39.92 M,USA
340, ğŸ’Š Pharmaceuticals,Mineralys Therapeutics,-$40.5 M,USA
341, ğŸ’Š Pharmaceuticals,Trevena,-$40.56 M,USA
342, ğŸ’Š Pharmaceuticals,CARGO Therapeutics,-$40.96 M,USA
343, ğŸ’Š Pharmaceuticals,Achieve Life Sciences,-$41.54 M,Canada
344, ğŸ’Š Pharmaceuticals,Evofem Biosciences,-$41.7 M,USA
345, ğŸ’Š Pharmaceuticals,Y-mAbs Therapeutics,-$41.9 M,USA
346, ğŸ’Š Pharmaceuticals,Allena Pharmaceuticals,-$42.4 M,USA
347, ğŸ’Š Pharmaceuticals,Savara Pharmaceuticals,-$42.69 M,USA
348, ğŸ’Š Pharmaceuticals,Werewolf Therapeutics,-$44.01 M,USA
349, ğŸ’Š Pharmaceuticals,Corbus Pharmaceuticals,-$44.47 M,USA
350, ğŸ’Š Pharmaceuticals,scPharmaceuticals,-$44.78 M,USA
351, ğŸ’Š Pharmaceuticals,Third Harmonic Bio,-$44.84 M,USA
352, ğŸ’Š Pharmaceuticals,ASLAN Pharmaceuticals,-$45.02 M,Singapore
353, ğŸ’Š Pharmaceuticals,Curis,-$45.45 M,USA
354, ğŸ’Š Pharmaceuticals,Jaguar Health,-$45.53 M,USA
355, ğŸ’Š Pharmaceuticals,Dechra Pharmaceuticals,-$45.54 M,UK
356, ğŸ’Š Pharmaceuticals,Hepion Pharmaceuticals,-$45.58 M,USA
357, ğŸ’Š Pharmaceuticals,NuCana,-$45.69 M,UK
358, ğŸ’Š Pharmaceuticals,Zura Bio,-$45.85 M,USA
359, ğŸ’Š Pharmaceuticals,Indivior PLC,-$46 M,USA
360, ğŸ’Š Pharmaceuticals,VistaGen Therapeutics,-$46.46 M,USA
361, ğŸ’Š Pharmaceuticals,Liquidia Technologies,-$47.02 M,USA
362, ğŸ’Š Pharmaceuticals,Unity Biotechnology,-$47.11 M,USA
363, ğŸ’Š Pharmaceuticals,Avacta Group,-$47.2 M,UK
364, ğŸ’Š Pharmaceuticals,Oculis Holding AG,-$47.25 M,Switzerland
365, ğŸ’Š Pharmaceuticals,MannKind Corp,-$47.44 M,USA
366, ğŸ’Š Pharmaceuticals,Spruce Biosciences,-$47.67 M,USA
367, ğŸ’Š Pharmaceuticals,aTyr Pharma,-$47.79 M,USA
368, ğŸ’Š Pharmaceuticals,Actinium Pharmaceuticals,-$48.32 M,USA
369, ğŸ’Š Pharmaceuticals,Aptose Biosciences,-$48.98 M,Canada
370, ğŸ’Š Pharmaceuticals,PDS Biotechnology,-$49.17 M,USA
371, ğŸ’Š Pharmaceuticals,Ovid Therapeutics,-$49.24 M,USA
372, ğŸ’Š Pharmaceuticals,Acrivon Therapeutics,-$49.44 M,USA
373, ğŸ’Š Pharmaceuticals,Verona Pharma,-$49.7 M,UK
374, ğŸ’Š Pharmaceuticals,Aldeyra Therapeutics,-$50.17 M,USA
375, ğŸ’Š Pharmaceuticals,Immunocore,-$50.54 M,UK
376, ğŸ’Š Pharmaceuticals,Athersys,-$50.7 M,USA
377, ğŸ’Š Pharmaceuticals,Longboard Pharmaceuticals,-$51.22 M,USA
378, ğŸ’Š Pharmaceuticals,Humanigen,-$51.44 M,USA
379, ğŸ’Š Pharmaceuticals,Acasti Pharma,-$51.52 M,Canada
380, ğŸ’Š Pharmaceuticals,Acumen Pharmaceuticals,-$52.24 M,USA
381, ğŸ’Š Pharmaceuticals,Biora Therapeutics,-$52.33 M,USA
382, ğŸ’Š Pharmaceuticals,180 Life Sciences,-$52.62 M,USA
383, ğŸ’Š Pharmaceuticals,Viracta Therapeutics,-$52.68 M,USA
384, ğŸ’Š Pharmaceuticals,ProQR,-$54.47 M,Netherlands
385, ğŸ’Š Pharmaceuticals,Immuneering,-$55.36 M,USA
386, ğŸ’Š Pharmaceuticals,Jasper Therapeutics,-$55.42 M,USA
387, ğŸ’Š Pharmaceuticals,Nykode Therapeutics,-$55.68 M,Norway
388, ğŸ’Š Pharmaceuticals,Vincerx Pharma,-$56.02 M,USA
389, ğŸ’Š Pharmaceuticals,Anavex Life Sciences,-$56.08 M,USA
390, ğŸ’Š Pharmaceuticals,Codexis,-$56.56 M,USA
391, ğŸ’Š Pharmaceuticals,AN2 Therapeutics,-$56.89 M,USA
392, ğŸ’Š Pharmaceuticals,G1 Therapeutics,-$57.14 M,USA
393, ğŸ’Š Pharmaceuticals,Cabaletta Bio,-$57.46 M,USA
394, ğŸ’Š Pharmaceuticals,MoonLake Immunotherapeutics,-$57.59 M,Switzerland
395, ğŸ’Š Pharmaceuticals,Chimerix,-$57.74 M,USA
396, ğŸ’Š Pharmaceuticals,Theseus Pharmaceuticals,-$57.86 M,USA
397, ğŸ’Š Pharmaceuticals,Amarin Corporation,-$58 M,Ireland
398, ğŸ’Š Pharmaceuticals,Alpine Immune Sciences,-$58.02 M,USA
399, ğŸ’Š Pharmaceuticals,Iterum Therapeutics,-$58.07 M,Ireland
400, ğŸ’Š Pharmaceuticals,Milestone Pharmaceuticals,-$58.73 M,Canada
401, ğŸ’Š Pharmaceuticals,Tyra Biosciences,-$59.02 M,USA
402, ğŸ’Š Pharmaceuticals,Lexeo Therapeutics,-$59.19 M,USA
403, ğŸ’Š Pharmaceuticals,Vaccitech,-$59.34 M,UK
404, ğŸ’Š Pharmaceuticals,Silence Therapeutics,-$59.51 M,UK
405, ğŸ’Š Pharmaceuticals,Nautilus Biotechnology,-$60.06 M,USA
406, ğŸ’Š Pharmaceuticals,Outlook Therapeutics,-$60.34 M,USA
407, ğŸ’Š Pharmaceuticals,Lyra Therapeutics,-$60.89 M,USA
408, ğŸ’Š Pharmaceuticals,Baxter,-$61 M,USA
409, ğŸ’Š Pharmaceuticals,iTeos Therapeutics,-$61.04 M,USA
410, ğŸ’Š Pharmaceuticals,Nanobiotix,-$61.08 M,France
411, ğŸ’Š Pharmaceuticals,Aadi Bioscience,-$61.59 M,USA
412, ğŸ’Š Pharmaceuticals,CytomX Therapeutics,-$61.63 M,USA
413, ğŸ’Š Pharmaceuticals,Innate Pharma,-$62.09 M,France
414, ğŸ’Š Pharmaceuticals,Aptinyx,-$62.83 M,USA
415, ğŸ’Š Pharmaceuticals,Xeris Pharmaceuticals,-$63.21 M,USA
416, ğŸ’Š Pharmaceuticals,Aerovate Therapeutics,-$64.13 M,USA
417, ğŸ’Š Pharmaceuticals,BeyondSpring,-$64.64 M,USA
418, ğŸ’Š Pharmaceuticals,Synlogic,-$65.27 M,USA
419, ğŸ’Š Pharmaceuticals,Molecular Partners,-$65.29 M,Switzerland
420, ğŸ’Š Pharmaceuticals,Structure Therapeutics,-$65.52 M,USA
421, ğŸ’Š Pharmaceuticals,Reneo Pharmaceuticals,-$65.57 M,USA
422, ğŸ’Š Pharmaceuticals,Evolus,-$66.26 M,USA
423, ğŸ’Š Pharmaceuticals,Frequency Therapeutics,-$66.38 M,USA
424, ğŸ’Š Pharmaceuticals,Theravance Biopharma,-$66.96 M,Cayman Islands
425, ğŸ’Š Pharmaceuticals,Ikena Oncology,-$67 M,USA
426, ğŸ’Š Pharmaceuticals,Telix Pharmaceuticals,-$67.3 M,Australia
427, ğŸ’Š Pharmaceuticals,TherapeuticsMD,-$67.46 M,USA
428, ğŸ’Š Pharmaceuticals,Disc Medicine,-$67.73 M,USA
429, ğŸ’Š Pharmaceuticals,Janux Therapeutics,-$67.73 M,USA
430, ğŸ’Š Pharmaceuticals,Carisma Therapeutics,-$68.03 M,USA
431, ğŸ’Š Pharmaceuticals,RVL Pharmaceuticals,-$68.55 M,USA
432, ğŸ’Š Pharmaceuticals,RayzeBio,-$68.6 M,USA
433, ğŸ’Š Pharmaceuticals,ImmunoGen,-$68.64 M,USA
434, ğŸ’Š Pharmaceuticals,Rani Therapeutics,-$69.2 M,USA
435, ğŸ’Š Pharmaceuticals,Talaris Therapeutics,-$69.36 M,USA
436, ğŸ’Š Pharmaceuticals,PepGen,-$70.1 M,USA
437, ğŸ’Š Pharmaceuticals,Immatics,-$70.76 M,Germany
438, ğŸ’Š Pharmaceuticals,AbCellera,-$70.98 M,Canada
439, ğŸ’Š Pharmaceuticals,Inozyme Pharma,-$71.21 M,USA
440, ğŸ’Š Pharmaceuticals,AC Immune,-$71.83 M,Switzerland
441, ğŸ’Š Pharmaceuticals,IO Biotech,-$71.87 M,Denmark
442, ğŸ’Š Pharmaceuticals,Vaxxinity,-$72.11 M,USA
443, ğŸ’Š Pharmaceuticals,Arbutus Biopharma,-$72.94 M,USA
444, ğŸ’Š Pharmaceuticals,Precigen,-$73.04 M,USA
445, ğŸ’Š Pharmaceuticals,Aura Biosciences,-$73.39 M,USA
446, ğŸ’Š Pharmaceuticals,Lifecore Biomedical,-$73.41 M,USA
447, ğŸ’Š Pharmaceuticals,Entrada Therapeutics,-$73.6 M,USA
448, ğŸ’Š Pharmaceuticals,Verastem Oncology,-$74.9 M,USA
449, ğŸ’Š Pharmaceuticals,Abivax,-$75.64 M,France
450, ğŸ’Š Pharmaceuticals,Vigil Neuroscience,-$75.93 M,USA
451, ğŸ’Š Pharmaceuticals,Gamida Cell,-$76.01 M,Israel
452, ğŸ’Š Pharmaceuticals,Senti Biosciences,-$76.57 M,USA
453, ğŸ’Š Pharmaceuticals,Pharvaris,-$76.92 M,Netherlands
454, ğŸ’Š Pharmaceuticals,Terns Pharmaceuticals,-$79.44 M,USA
455, ğŸ’Š Pharmaceuticals,Adagene,-$79.52 M,China
456, ğŸ’Š Pharmaceuticals,Seelos Therapeutics,-$80.37 M,USA
457, ğŸ’Š Pharmaceuticals,CymaBay Therapeutics,-$80.73 M,USA
458, ğŸ’Š Pharmaceuticals,Viking Therapeutics,-$80.85 M,USA
459, ğŸ’Š Pharmaceuticals,Mind Medicine,-$80.93 M,USA
460, ğŸ’Š Pharmaceuticals,Amylyx Pharmaceuticals,-$81.13 M,USA
461, ğŸ’Š Pharmaceuticals,Celularity,-$81.36 M,USA
462, ğŸ’Š Pharmaceuticals,Aurinia Pharmaceuticals,-$81.51 M,Canada
463, ğŸ’Š Pharmaceuticals,Altimmune,-$81.51 M,USA
464, ğŸ’Š Pharmaceuticals,Mesoblast,-$82.11 M,Australia
465, ğŸ’Š Pharmaceuticals,PMV Pharmaceuticals,-$82.14 M,USA
466, ğŸ’Š Pharmaceuticals,Leap Therapeutics,-$82.31 M,USA
467, ğŸ’Š Pharmaceuticals,Kezar Life Sciences,-$82.54 M,USA
468, ğŸ’Š Pharmaceuticals,Design Therapeutics,-$82.84 M,USA
469, ğŸ’Š Pharmaceuticals,TScan Therapeutics,-$83.06 M,USA
470, ğŸ’Š Pharmaceuticals,Rain Therapeutics,-$83.27 M,USA
471, ğŸ’Š Pharmaceuticals,Ocugen,-$83.29 M,USA
472, ğŸ’Š Pharmaceuticals,NewAmsterdam Pharma Company,-$83.6 M,Netherlands
473, ğŸ’Š Pharmaceuticals,Scilex Holding,-$84.41 M,USA
474, ğŸ’Š Pharmaceuticals,IDEAYA Biosciences,-$84.78 M,USA
475, ğŸ’Š Pharmaceuticals,Gracell Biotechnologies,-$85.43 M,China
476, ğŸ’Š Pharmaceuticals,LianBio,-$85.55 M,USA
477, ğŸ’Š Pharmaceuticals,Xilio Therapeutics,-$87.02 M,USA
478, ğŸ’Š Pharmaceuticals,Precision BioSciences,-$87.42 M,USA
479, ğŸ’Š Pharmaceuticals,Tarsus Pharmaceuticals,-$88.14 M,USA
480, ğŸ’Š Pharmaceuticals,Talis Biomedical,-$90.29 M,USA
481, ğŸ’Š Pharmaceuticals,Syros Pharmaceuticals,-$90.41 M,USA
482, ğŸ’Š Pharmaceuticals,Nuvation Bio,-$90.42 M,USA
483, ğŸ’Š Pharmaceuticals,Ocular Therapeutix,-$90.73 M,USA
484, ğŸ’Š Pharmaceuticals,Cellectis,-$92.39 M,France
485, ğŸ’Š Pharmaceuticals,Adlai Nortye,-$92.48 M,Cayman Islands
486, ğŸ’Š Pharmaceuticals,PureTech Health,-$92.79 M,USA
487, ğŸ’Š Pharmaceuticals,HilleVax,-$92.79 M,USA
488, ğŸ’Š Pharmaceuticals,Ocean Biomedical,-$93.14 M,USA
489, ğŸ’Š Pharmaceuticals,ORIC Pharmaceuticals,-$93.49 M,USA
490, ğŸ’Š Pharmaceuticals,Fusion Pharmaceuticals,-$94.81 M,Canada
491, ğŸ’Š Pharmaceuticals,Shattuck Labs,-$95.92 M,USA
492, ğŸ’Š Pharmaceuticals,bluebird bio,-$95.92 M,USA
493, ğŸ’Š Pharmaceuticals,Immunic,-$96.75 M,USA
494, ğŸ’Š Pharmaceuticals,Akebia Therapeutics,-$96.81 M,USA
495, ğŸ’Š Pharmaceuticals,EyePoint Pharmaceuticals,-$98.12 M,USA
496, ğŸ’Š Pharmaceuticals,Vaxart,-$0.11 B,USA
497, ğŸ’Š Pharmaceuticals,DBV Technologies,-$0.11 B,France
498, ğŸ’Š Pharmaceuticals,Olema Pharmaceuticals,-$0.11 B,USA
499, ğŸ’Š Pharmaceuticals,Evotec,-$0.11 B,Germany
500, ğŸ’Š Pharmaceuticals,Jazz Pharmaceuticals,-$0.11 B,Ireland
501, ğŸ’Š Pharmaceuticals,Icosavax,-$0.11 B,USA
502, ğŸ’Š Pharmaceuticals,Aclaris Therapeutics,-$0.11 B,USA
503, ğŸ’Š Pharmaceuticals,Pyxis Oncology,-$0.11 B,USA
504, ğŸ’Š Pharmaceuticals,RAPT Therapeutics,-$0.11 B,USA
505, ğŸ’Š Pharmaceuticals,Vera Therapeutics,-$0.11 B,USA
506, ğŸ’Š Pharmaceuticals,Fulcrum Therapeutics,-$0.11 B,USA
507, ğŸ’Š Pharmaceuticals,UroGen Pharma,-$0.11 B,USA
508, ğŸ’Š Pharmaceuticals,Athira Pharma,-$0.11 B,USA
509, ğŸ’Š Pharmaceuticals,Veru,-$0.11 B,USA
510, ğŸ’Š Pharmaceuticals,Solid Biosciences,-$0.11 B,USA
511, ğŸ’Š Pharmaceuticals,Atea Pharmaceuticals,-$0.11 B,USA
512, ğŸ’Š Pharmaceuticals,Absci,-$0.12 B,USA
513, ğŸ’Š Pharmaceuticals,Vor Biopharma,-$0.12 B,USA
514, ğŸ’Š Pharmaceuticals,Omega Therapeutics,-$0.12 B,USA
515, ğŸ’Š Pharmaceuticals,Sangamo Therapeutics,-$0.12 B,USA
516, ğŸ’Š Pharmaceuticals,MeiraGTx,-$0.12 B,USA
517, ğŸ’Š Pharmaceuticals,Adaptimmune Therapeutics,-$0.12 B,UK
518, ğŸ’Š Pharmaceuticals,KalVista Pharmaceuticals,-$0.12 B,USA
519, ğŸ’Š Pharmaceuticals,Tango Therapeutics,-$0.12 B,USA
520, ğŸ’Š Pharmaceuticals,Nuvalent,-$0.12 B,USA
521, ğŸ’Š Pharmaceuticals,Glaukos,-$0.12 B,USA
522, ğŸ’Š Pharmaceuticals,Adicet Bio,-$0.12 B,USA
523, ğŸ’Š Pharmaceuticals,Cara Therapeutics,-$0.12 B,USA
524, ğŸ’Š Pharmaceuticals,Akero Therapeutics,-$0.12 B,USA
525, ğŸ’Š Pharmaceuticals,Karyopharm Therapeutics,-$0.12 B,USA
526, ğŸ’Š Pharmaceuticals,BioAtla,-$0.12 B,USA
527, ğŸ’Š Pharmaceuticals,4D Molecular Therapeutics,-$0.12 B,USA
528, ğŸ’Š Pharmaceuticals,89bio,-$0.12 B,USA
529, ğŸ’Š Pharmaceuticals,VBI Vaccines,-$0.12 B,USA
530, ğŸ’Š Pharmaceuticals,Affimed,-$0.12 B,Germany
531, ğŸ’Š Pharmaceuticals,Kronos Bio,-$0.13 B,USA
532, ğŸ’Š Pharmaceuticals,Celldex Therapeutics,-$0.13 B,USA
533, ğŸ’Š Pharmaceuticals,Portage Biotech,-$0.13 B,British Virgin Islands
534, ğŸ’Š Pharmaceuticals,Taysha Gene Therapies,-$0.13 B,USA
535, ğŸ’Š Pharmaceuticals,AnaptysBio,-$0.13 B,USA
536, ğŸ’Š Pharmaceuticals,Monte Rosa Therapeutics,-$0.13 B,USA
537, ğŸ’Š Pharmaceuticals,Tonix Pharmaceuticals,-$0.13 B,USA
538, ğŸ’Š Pharmaceuticals,Keros Therapeutics,-$0.13 B,USA
539, ğŸ’Š Pharmaceuticals,Xencor,-$0.13 B,USA
540, ğŸ’Š Pharmaceuticals,Generation Bio,-$0.13 B,USA
541, ğŸ’Š Pharmaceuticals,Gritstone bio,-$0.13 B,USA
542, ğŸ’Š Pharmaceuticals,Foghorn Therapeutics,-$0.13 B,USA
543, ğŸ’Š Pharmaceuticals,Prelude Therapeutics,-$0.13 B,USA
544, ğŸ’Š Pharmaceuticals,Graphite Bio,-$0.13 B,USA
545, ğŸ’Š Pharmaceuticals,Relmada Therapeutics,-$0.13 B,USA
546, ğŸ’Š Pharmaceuticals,ProKidney,-$0.13 B,USA
547, ğŸ’Š Pharmaceuticals,Seres Therapeutics,-$0.14 B,USA
548, ğŸ’Š Pharmaceuticals,X4 Pharmaceuticals,-$0.14 B,USA
549, ğŸ’Š Pharmaceuticals,Lexicon Pharmaceuticals,-$0.14 B,USA
550, ğŸ’Š Pharmaceuticals,ACADIA Pharmaceuticals,-$0.14 B,USA
551, ğŸ’Š Pharmaceuticals,C4 Therapeutics,-$0.14 B,USA
552, ğŸ’Š Pharmaceuticals,Krystal Biotech,-$0.14 B,USA
553, ğŸ’Š Pharmaceuticals,ALX Oncology,-$0.14 B,USA
554, ğŸ’Š Pharmaceuticals,Kinnate Biopharma,-$0.14 B,USA
555, ğŸ’Š Pharmaceuticals,Enanta Pharmaceuticals,-$0.14 B,USA
556, ğŸ’Š Pharmaceuticals,Adverum Biotechnologies,-$0.14 B,USA
557, ğŸ’Š Pharmaceuticals,Sutro Biopharma,-$0.14 B,USA
558, ğŸ’Š Pharmaceuticals,Tenaya Therapeutics,-$0.14 B,USA
559, ğŸ’Š Pharmaceuticals,Zealand Pharma,-$0.14 B,Denmark
560, ğŸ’Š Pharmaceuticals,Wave Life Sciences,-$0.14 B,Singapore
561, ğŸ’Š Pharmaceuticals,Nkarta,-$0.14 B,USA
562, ğŸ’Š Pharmaceuticals,Heron Therapeutics,-$0.14 B,USA
563, ğŸ’Š Pharmaceuticals,ADC Therapeutics,-$0.14 B,Switzerland
564, ğŸ’Š Pharmaceuticals,Protagonist Therapeutics,-$0.14 B,USA
565, ğŸ’Š Pharmaceuticals,Bicycle Therapeutics,-$0.14 B,UK
566, ğŸ’Š Pharmaceuticals,Alector,-$0.14 B,USA
567, ğŸ’Š Pharmaceuticals,Kura Oncology,-$0.14 B,USA
568, ğŸ’Š Pharmaceuticals,Neumora Therapeutics,-$0.15 B,USA
569, ğŸ’Š Pharmaceuticals,Atai Life Sciences,-$0.15 B,Germany
570, ğŸ’Š Pharmaceuticals,Morphic Therapeutic,-$0.15 B,USA
571, ğŸ’Š Pharmaceuticals,Avadel Pharmaceuticals,-$0.15 B,Ireland
572, ğŸ’Š Pharmaceuticals,Pliant Therapeutics,-$0.15 B,USA
573, ğŸ’Š Pharmaceuticals,Erasca,-$0.15 B,USA
574, ğŸ’Š Pharmaceuticals,Opthea,-$0.15 B,Australia
575, ğŸ’Š Pharmaceuticals,Prime Medicine,-$0.16 B,USA
576, ğŸ’Š Pharmaceuticals,Allakos,-$0.16 B,USA
577, ğŸ’Š Pharmaceuticals,Annexon,-$0.16 B,USA
578, ğŸ’Š Pharmaceuticals,Galapagos NV,-$0.16 B,Belgium
579, ğŸ’Š Pharmaceuticals,Intra-Cellular Therapies,-$0.16 B,USA
580, ğŸ’Š Pharmaceuticals,Omeros Corporation,-$0.16 B,USA
581, ğŸ’Š Pharmaceuticals,Ventyx Biosciences,-$0.16 B,USA
582, ğŸ’Š Pharmaceuticals,Nurix Therapeutics,-$0.16 B,USA
583, ğŸ’Š Pharmaceuticals,Praxis Precision Medicines,-$0.16 B,USA
584, ğŸ’Š Pharmaceuticals,Intercept Pharmaceuticals,-$0.16 B,USA
585, ğŸ’Š Pharmaceuticals,Scholar Rock Holding,-$0.16 B,USA
586, ğŸ’Š Pharmaceuticals,Syndax Pharmaceuticals,-$0.17 B,USA
587, ğŸ’Š Pharmaceuticals,Esperion Therapeutics,-$0.17 B,USA
588, ğŸ’Š Pharmaceuticals,Invivyd,-$0.17 B,USA
589, ğŸ’Š Pharmaceuticals,Geron,-$0.17 B,USA
590, ğŸ’Š Pharmaceuticals,Inovio Pharmaceuticals,-$0.17 B,USA
591, ğŸ’Š Pharmaceuticals,Kymera Therapeutics,-$0.17 B,USA
592, ğŸ’Š Pharmaceuticals,NGM Biopharmaceuticals,-$0.17 B,USA
593, ğŸ’Š Pharmaceuticals,Arrowhead Pharmaceuticals,-$0.18 B,USA
594, ğŸ’Š Pharmaceuticals,Inhibrx,-$0.18 B,USA
595, ğŸ’Š Pharmaceuticals,Prothena,-$0.18 B,Ireland
596, ğŸ’Š Pharmaceuticals,Autolus Therapeutics,-$0.18 B,UK
597, ğŸ’Š Pharmaceuticals,AlloVir,-$0.18 B,USA
598, ğŸ’Š Pharmaceuticals,Mirum Pharmaceuticals,-$0.18 B,USA
599, ğŸ’Š Pharmaceuticals,Merus,-$0.18 B,Netherlands
600, ğŸ’Š Pharmaceuticals,Day One Biopharmaceuticals,-$0.18 B,USA
601, ğŸ’Š Pharmaceuticals,Arcellx,-$0.18 B,USA
602, ğŸ’Š Pharmaceuticals,Adaptive Biotechnologies,-$0.18 B,USA
603, ğŸ’Š Pharmaceuticals,Rhythm Pharmaceuticals,-$0.19 B,USA
604, ğŸ’Š Pharmaceuticals,Axsome Therapeutics,-$0.19 B,USA
605, ğŸ’Š Pharmaceuticals,Crinetics Pharmaceuticals,-$0.19 B,USA
606, ğŸ’Š Pharmaceuticals,Instil Bio,-$0.19 B,USA
607, ğŸ’Š Pharmaceuticals,Phathom Pharmaceuticals,-$0.19 B,USA
608, ğŸ’Š Pharmaceuticals,Xenon Pharmaceuticals,-$0.19 B,Canada
609, ğŸ’Š Pharmaceuticals,Centessa Pharmaceuticals,-$0.19 B,UK
610, ğŸ’Š Pharmaceuticals,uniQure,-$0.19 B,Netherlands
611, ğŸ’Š Pharmaceuticals,Amicus Therapeutics,-$0.19 B,USA
612, ğŸ’Š Pharmaceuticals,BioXcel Therapeutics,-$0.2 B,USA
613, ğŸ’Š Pharmaceuticals,Avidity Biosciences,-$0.2 B,USA
614, ğŸ’Š Pharmaceuticals,Cogent Biosciences,-$0.2 B,USA
615, ğŸ’Š Pharmaceuticals,2seventy bio,-$0.2 B,USA
616, ğŸ’Š Pharmaceuticals,Viridian Therapeutics,-$0.2 B,USA
617, ğŸ’Š Pharmaceuticals,Exscientia,-$0.21 B,UK
618, ğŸ’Š Pharmaceuticals,Agenus,-$0.21 B,USA
619, ğŸ’Š Pharmaceuticals,Akeso,-$0.21 B,China
620, ğŸ’Š Pharmaceuticals,Gossamer Bio,-$0.21 B,USA
621, ğŸ’Š Pharmaceuticals,Verve Therapeutics,-$0.21 B,USA
622, ğŸ’Š Pharmaceuticals,Lyell Immunopharma,-$0.21 B,USA
623, ğŸ’Š Pharmaceuticals,Mersana Therapeutics,-$0.22 B,USA
624, ğŸ’Š Pharmaceuticals,Editas Medicine,-$0.22 B,USA
625, ğŸ’Š Pharmaceuticals,HUTCHMED,-$0.23 B,Hong Kong
626, ğŸ’Š Pharmaceuticals,Fortress Biotech,-$0.23 B,USA
627, ğŸ’Š Pharmaceuticals,Coherus BioSciences,-$0.23 B,USA
628, ğŸ’Š Pharmaceuticals,BioCryst Pharmaceuticals,-$0.24 B,USA
629, ğŸ’Š Pharmaceuticals,Fate Therapeutics,-$0.25 B,USA
630, ğŸ’Š Pharmaceuticals,Immunovant,-$0.25 B,USA
631, ğŸ’Š Pharmaceuticals,IGM Biosciences,-$0.25 B,USA
632, ğŸ’Š Pharmaceuticals,Rocket Pharmaceuticals,-$0.25 B,USA
633, ğŸ’Š Pharmaceuticals,ACELYRIN,-$0.26 B,USA
634, ğŸ’Š Pharmaceuticals,REGENXBIO,-$0.27 B,USA
635, ğŸ’Š Pharmaceuticals,Zentalis Pharmaceuticals,-$0.27 B,USA
636, ğŸ’Š Pharmaceuticals,EQRx,-$0.27 B,USA
637, ğŸ’Š Pharmaceuticals,Recursion Pharmaceuticals,-$0.27 B,USA
638, ğŸ’Š Pharmaceuticals,Argenx,-$0.29 B,Netherlands
639, ğŸ’Š Pharmaceuticals,Atara Biotherapeutics,-$0.29 B,USA
640, ğŸ’Š Pharmaceuticals,Kodiak Sciences,-$0.3 B,USA
641, ğŸ’Š Pharmaceuticals,Nektar Therapeutics,-$0.31 B,USA
642, ğŸ’Š Pharmaceuticals,Arvinas,-$0.31 B,USA
643, ğŸ’Š Pharmaceuticals,SpringWorks Therapeutics,-$0.31 B,USA
644, ğŸ’Š Pharmaceuticals,Travere Therapeutics,-$0.31 B,USA
645, ğŸ’Š Pharmaceuticals,Curevac,-$0.33 B,Germany
646, ğŸ’Š Pharmaceuticals,FibroGen,-$0.33 B,USA
647, ğŸ’Š Pharmaceuticals,Arcutis Biotherapeutics,-$0.34 B,USA
648, ğŸ’Š Pharmaceuticals,Relay Therapeutics,-$0.35 B,USA
649, ğŸ’Š Pharmaceuticals,Allogene Therapeutics,-$0.36 B,USA
650, ğŸ’Š Pharmaceuticals,CRISPR Therapeutics,-$0.37 B,Switzerland
651, ğŸ’Š Pharmaceuticals,ImmunityBio,-$0.37 B,USA
652, ğŸ’Š Pharmaceuticals,Sana Biotechnology,-$0.37 B,USA
653, ğŸ’Š Pharmaceuticals,Inotiv,-$0.38 B,USA
654, ğŸ’Š Pharmaceuticals,Beam Therapeutics,-$0.39 B,USA
655, ğŸ’Š Pharmaceuticals,Alnylam Pharmaceuticals,-$0.39 B,USA
656, ğŸ’Š Pharmaceuticals,Agios Pharmaceuticals,-$0.39 B,USA
657, ğŸ’Š Pharmaceuticals,Alvotech,-$0.39 B,Iceland
658, ğŸ’Š Pharmaceuticals,Cerevel Therapeutics,-$0.4 B,USA
659, ğŸ’Š Pharmaceuticals,Zai Lab,-$0.4 B,China
660, ğŸ’Š Pharmaceuticals,Iovance Biotherapeutics,-$0.43 B,USA
661, ğŸ’Š Pharmaceuticals,Bayer,-$0.44 B,Germany
662, ğŸ’Š Pharmaceuticals,Karuna Therapeutics,-$0.46 B,USA
663, ğŸ’Š Pharmaceuticals,Biohaven Pharmaceutical,-$0.46 B,USA
664, ğŸ’Š Pharmaceuticals,Intellia Therapeutics,-$0.46 B,USA
665, ğŸ’Š Pharmaceuticals,Emergent BioSolutions,-$0.48 B,USA
666, ğŸ’Š Pharmaceuticals,Ionis Pharmaceuticals,-$0.49 B,USA
667, ğŸ’Š Pharmaceuticals,Cytokinetics,-$0.53 B,USA
668, ğŸ’Š Pharmaceuticals,BridgeBio Pharma,-$0.55 B,USA
669, ğŸ’Š Pharmaceuticals,Legend Biotech,-$0.55 B,USA
670, ğŸ’Š Pharmaceuticals,Sorrento Therapeutics,-$0.55 B,USA
671, ğŸ’Š Pharmaceuticals,Blueprint Medicines,-$0.56 B,USA
672, ğŸ’Š Pharmaceuticals,Novavax,-$0.57 B,USA
673, ğŸ’Š Pharmaceuticals,Ascendis Pharma,-$0.58 B,Denmark
674, ğŸ’Š Pharmaceuticals,Ultragenyx,-$0.58 B,USA
675, ğŸ’Š Pharmaceuticals,Sage Therapeutics,-$0.6 B,USA
676, ğŸ’Š Pharmaceuticals,Summit Therapeutics,-$0.6 B,UK
677, ğŸ’Š Pharmaceuticals,Sumitomo Pharma,-$0.66 B,Japan
678, ğŸ’Š Pharmaceuticals,Sarepta Therapeutics,-$0.67 B,USA
679, ğŸ’Š Pharmaceuticals,PTC Therapeutics,-$0.73 B,USA
680, ğŸ’Š Pharmaceuticals,Bausch Health,-$0.76 B,Canada
681, ğŸ’Š Pharmaceuticals,Mirati Therapeutics,-$0.77 B,USA
682, ğŸ’Š Pharmaceuticals,Seagen,-$0.8 B,USA
683, ğŸ’Š Pharmaceuticals,Ginkgo Bioworks,-$0.83 B,USA
684, ğŸ’Š Pharmaceuticals,BB Biotech,-$0.87 B,Switzerland
685, ğŸ’Š Pharmaceuticals,Ironwood Pharmaceuticals,-$0.87 B,USA
686, ğŸ’Š Pharmaceuticals,Idorsia,-$0.87 B,Switzerland
687, ğŸ’Š Pharmaceuticals,Endo International,-$0.92 B,Ireland
688, ğŸ’Š Pharmaceuticals,Catalent,-$0.92 B,USA
689, ğŸ’Š Pharmaceuticals,Roivant Sciences,-$1.09 B,UK
690, ğŸ’Š Pharmaceuticals,Teva Pharmaceutical Industries,-$1.15 B,Israel
691, ğŸ’Š Pharmaceuticals,Mallinckrodt Pharmaceuticals,-$1.16 B,UK
692, ğŸ’Š Pharmaceuticals,Elanco,-$1.16 B,USA
693, ğŸ’Š Pharmaceuticals,BeiGene,-$1.3 B,China
694, ğŸ’Š Pharmaceuticals,Rite Aid,-$1.4 B,USA
695, ğŸ’Š Pharmaceuticals,Tilray,-$1.45 B,Canada
696, ğŸ’Š Pharmaceuticals,Moderna,-$2.67 B,USA
697, ğŸ’Š Pharmaceuticals,Walgreens Boots Alliance,-$4.85 B,USA
