Rank,Category,Company,Market Capital,Country
1, ğŸ’Š Pharmaceuticals,Eli Lilly,$564.92 B,USA
2, ğŸ’Š Pharmaceuticals,Novo Nordisk,$460.64 B,Denmark
3, ğŸ’Š Pharmaceuticals,Johnson & Johnson,$363.06 B,USA
4, ğŸ’Š Pharmaceuticals,Merck,$257.65 B,USA
5, ğŸ’Š Pharmaceuticals,AbbVie,$244.47 B,USA
6, ğŸ’Š Pharmaceuticals,Roche,$216.42 B,Switzerland
7, ğŸ’Š Pharmaceuticals,Novartis,$200.04 B,Switzerland
8, ğŸ’Š Pharmaceuticals,AstraZeneca,$197.57 B,UK
9, ğŸ’Š Pharmaceuticals,Pfizer,$171.19 B,USA
10, ğŸ’Š Pharmaceuticals,Amgen,$141.60 B,USA
11, ğŸ’Š Pharmaceuticals,Sanofi,$117.12 B,France
12, ğŸ’Š Pharmaceuticals,Bristol-Myers Squibb,$100.55 B,USA
13, ğŸ’Š Pharmaceuticals,Gilead Sciences,$94.32 B,USA
14, ğŸ’Š Pharmaceuticals,Vertex Pharmaceuticals,$91.02 B,USA
15, ğŸ’Š Pharmaceuticals,CVS Health,$88.97 B,USA
16, ğŸ’Š Pharmaceuticals,Regeneron Pharmaceuticals,$87.12 B,USA
17, ğŸ’Š Pharmaceuticals,Zoetis,$82.34 B,USA
18, ğŸ’Š Pharmaceuticals,CSL,$81.80 B,Australia
19, ğŸ’Š Pharmaceuticals,Merck KGaA,$75.86 B,Germany
20, ğŸ’Š Pharmaceuticals,GlaxoSmithKline,$72.59 B,UK
21, ğŸ’Š Pharmaceuticals,Chugai Pharmaceutical,$54.42 B,Japan
22, ğŸ’Š Pharmaceuticals,Daiichi SankyÅ,$52.10 B,Japan
23, ğŸ’Š Pharmaceuticals,Takeda Pharmaceutical,$44.31 B,Japan
24, ğŸ’Š Pharmaceuticals,Jiangsu Hengrui Medicine,$42.14 B,China
25, ğŸ’Š Pharmaceuticals,Seagen,$40.19 B,USA
26, ğŸ’Š Pharmaceuticals,WuXi AppTec,$35.58 B,China
27, ğŸ’Š Pharmaceuticals,Bayer,$35.08 B,Germany
28, ğŸ’Š Pharmaceuticals,Sun Pharmaceutical,$34.53 B,India
29, ğŸ’Š Pharmaceuticals,Biogen,$33.50 B,USA
30, ğŸ’Š Pharmaceuticals,Moderna,$29.80 B,USA
31, ğŸ’Š Pharmaceuticals,Lonza,$29.23 B,Switzerland
32, ğŸ’Š Pharmaceuticals,Argenx,$29.12 B,Netherlands
33, ğŸ’Š Pharmaceuticals,Horizon Therapeutics,$26.63 B,Ireland
34, ğŸ’Š Pharmaceuticals,West Pharmaceutical,$25.98 B,USA
35, ğŸ’Š Pharmaceuticals,WuXi Biologics,$25.87 B,China
36, ğŸ’Š Pharmaceuticals,BioNTech,$23.48 B,Germany
37, ğŸ’Š Pharmaceuticals,ICON plc,$22.38 B,Ireland
38, ğŸ’Š Pharmaceuticals,Astellas Pharma,$21.77 B,Japan
39, ğŸ’Š Pharmaceuticals,Genmab,$20.60 B,Denmark
40, ğŸ’Š Pharmaceuticals,Alnylam Pharmaceuticals,$20.44 B,USA
41, ğŸ’Š Pharmaceuticals,Otsuka Holdings,$20.28 B,Japan
42, ğŸ’Š Pharmaceuticals,BeiGene,$20.14 B,China
43, ğŸ’Š Pharmaceuticals,Celltrion,$18.48 B,S. Korea
44, ğŸ’Š Pharmaceuticals,Baxter,$18.19 B,USA
45, ğŸ’Š Pharmaceuticals,LabCorp,$17.96 B,USA
46, ğŸ’Š Pharmaceuticals,Walgreens Boots Alliance,$17.87 B,USA
47, ğŸ’Š Pharmaceuticals,BioMarin Pharmaceutical,$16.65 B,USA
48, ğŸ’Š Pharmaceuticals,Royalty Pharma,$16.29 B,UK
49, ğŸ’Š Pharmaceuticals,Eisai,$14.79 B,Japan
50, ğŸ’Š Pharmaceuticals,UCB,$14.23 B,Belgium
51, ğŸ’Š Pharmaceuticals,Shionogi,$13.67 B,Japan
52, ğŸ’Š Pharmaceuticals,Incyte,$11.96 B,USA
53, ğŸ’Š Pharmaceuticals,Divis Laboratories,$11.75 B,India
54, ğŸ’Š Pharmaceuticals,Hansoh Pharma,$11.37 B,China
55, ğŸ’Š Pharmaceuticals,Cipla,$11.34 B,India
56, ğŸ’Š Pharmaceuticals,Dr. Reddy's,$11.31 B,India
57, ğŸ’Š Pharmaceuticals,Viatris,$11.24 B,USA
58, ğŸ’Š Pharmaceuticals,Legend Biotech,$10.95 B,USA
59, ğŸ’Š Pharmaceuticals,Neurocrine Biosciences,$10.90 B,USA
60, ğŸ’Š Pharmaceuticals,United Therapeutics,$10.83 B,USA
61, ğŸ’Š Pharmaceuticals,Teva Pharmaceutical Industries,$10.67 B,Israel
62, ğŸ’Š Pharmaceuticals,Bio-Techne,$10.05 B,USA
63, ğŸ’Š Pharmaceuticals,Recordati,$10.02 B,Italy
64, ğŸ’Š Pharmaceuticals,Ipsen,$9.41 B,France
65, ğŸ’Š Pharmaceuticals,Sino Biopharmaceutical,$9.35 B,China
66, ğŸ’Š Pharmaceuticals,Mankind Pharma,$9.30 B,India
67, ğŸ’Š Pharmaceuticals,Ono Pharmaceutical,$8.98 B,Japan
68, ğŸ’Š Pharmaceuticals,kyowa Kirin,$8.86 B,Japan
69, ğŸ’Š Pharmaceuticals,Torrent Pharmaceuticals,$8.56 B,India
70, ğŸ’Š Pharmaceuticals,Medpace,$8.49 B,USA
71, ğŸ’Š Pharmaceuticals,Grifols,$8.32 B,Spain
72, ğŸ’Š Pharmaceuticals,Swedish Orphan Biovitrum,$8.30 B,Sweden
73, ğŸ’Š Pharmaceuticals,Sinopharm,$7.98 B,China
74, ğŸ’Š Pharmaceuticals,Sarepta Therapeutics,$7.83 B,USA
75, ğŸ’Š Pharmaceuticals,Zydus Lifesciences,$7.67 B,India
76, ğŸ’Š Pharmaceuticals,Jazz Pharmaceuticals,$7.66 B,Ireland
77, ğŸ’Š Pharmaceuticals,Aurobindo Pharma,$7.23 B,India
78, ğŸ’Š Pharmaceuticals,Roivant Sciences,$7.23 B,UK
79, ğŸ’Š Pharmaceuticals,Catalent,$7.13 B,USA
80, ğŸ’Š Pharmaceuticals,Ionis Pharmaceuticals,$7.11 B,USA
81, ğŸ’Š Pharmaceuticals,Karuna Therapeutics,$7.09 B,USA
82, ğŸ’Š Pharmaceuticals,Exelixis,$6.68 B,USA
83, ğŸ’Š Pharmaceuticals,Lupin Limited,$6.55 B,India
84, ğŸ’Š Pharmaceuticals,Alkem Laboratories,$6.49 B,India
85, ğŸ’Š Pharmaceuticals,Abbott India,$6.09 B,India
86, ğŸ’Š Pharmaceuticals,Hualan Biological Engineering,$5.95 B,China
87, ğŸ’Š Pharmaceuticals,Bachem,$5.92 B,Switzerland
88, ğŸ’Š Pharmaceuticals,Elanco,$5.87 B,USA
89, ğŸ’Š Pharmaceuticals,Intra-Cellular Therapies,$5.70 B,USA
90, ğŸ’Š Pharmaceuticals,Orion Corporation,$5.64 B,Finland
91, ğŸ’Š Pharmaceuticals,CRISPR Therapeutics,$5.59 B,Switzerland
92, ğŸ’Š Pharmaceuticals,Dechra Pharmaceuticals,$5.46 B,UK
93, ğŸ’Š Pharmaceuticals,Halozyme Therapeutics,$5.29 B,USA
94, ğŸ’Š Pharmaceuticals,Ascendis Pharma,$5.25 B,Denmark
95, ğŸ’Š Pharmaceuticals,BridgeBio Pharma,$5.13 B,USA
96, ğŸ’Š Pharmaceuticals,Akeso,$5.11 B,China
97, ğŸ’Š Pharmaceuticals,Rohto Pharmaceutical,$4.86 B,Japan
98, ğŸ’Š Pharmaceuticals,Hikma Pharmaceuticals,$4.85 B,UK
99, ğŸ’Š Pharmaceuticals,Lundbeck,$4.74 B,Denmark
100, ğŸ’Š Pharmaceuticals,Immunovant,$4.72 B,USA
101, ğŸ’Š Pharmaceuticals,Richter Gedeon,$4.64 B,Hungary
102, ğŸ’Š Pharmaceuticals,Cerevel Therapeutics,$4.38 B,USA
103, ğŸ’Š Pharmaceuticals,ImmunoGen,$4.29 B,USA
104, ğŸ’Š Pharmaceuticals,Aspen Pharmacare,$4.24 B,South Africa
105, ğŸ’Š Pharmaceuticals,China Resources Pharmaceutical Group,$4.14 B,Hong Kong
106, ğŸ’Š Pharmaceuticals,Perrigo,$4.12 B,Ireland
107, ğŸ’Š Pharmaceuticals,Blueprint Medicines,$4.07 B,USA
108, ğŸ’Š Pharmaceuticals,Alkermes,$4.06 B,Ireland
109, ğŸ’Š Pharmaceuticals,Galenica,$4.01 B,Switzerland
110, ğŸ’Š Pharmaceuticals,Mirati Therapeutics,$3.98 B,USA
111, ğŸ’Š Pharmaceuticals,Nuvalent,$3.91 B,USA
112, ğŸ’Š Pharmaceuticals,Siegfried Holding,$3.78 B,Switzerland
113, ğŸ’Š Pharmaceuticals,Clicks Group,$3.76 B,South Africa
114, ğŸ’Š Pharmaceuticals,Evotec,$3.66 B,Germany
115, ğŸ’Š Pharmaceuticals,ACADIA Pharmaceuticals,$3.61 B,USA
116, ğŸ’Š Pharmaceuticals,KOBAYASHI Pharmaceutical,$3.46 B,Japan
117, ğŸ’Š Pharmaceuticals,Biocon,$3.38 B,India
118, ğŸ’Š Pharmaceuticals,Gland Pharma,$3.37 B,India
119, ğŸ’Š Pharmaceuticals,Yuhan,$3.37 B,S. Korea
120, ğŸ’Š Pharmaceuticals,Santen Pharmaceutical,$3.32 B,Japan
121, ğŸ’Š Pharmaceuticals,Ipca Laboratories,$3.24 B,India
122, ğŸ’Š Pharmaceuticals,Olink Holding,$3.21 B,Sweden
123, ğŸ’Š Pharmaceuticals,HUTCHMED,$3.17 B,Hong Kong
124, ğŸ’Š Pharmaceuticals,Ultragenyx,$3.13 B,USA
125, ğŸ’Š Pharmaceuticals,Cytokinetics,$3.12 B,USA
126, ğŸ’Š Pharmaceuticals,Amicus Therapeutics,$3.12 B,USA
127, ğŸ’Š Pharmaceuticals,Arrowhead Pharmaceuticals,$3.10 B,USA
128, ğŸ’Š Pharmaceuticals,Glaukos,$3.07 B,USA
129, ğŸ’Š Pharmaceuticals,Laboratorios Farmaceuticos Rovi,$3.04 B,Spain
130, ğŸ’Š Pharmaceuticals,Taisho Pharmaceutical,$3.02 B,Japan
131, ğŸ’Š Pharmaceuticals,ALK-AbellÃ³,$3.02 B,Denmark
132, ğŸ’Š Pharmaceuticals,Ginkgo Bioworks,$2.92 B,USA
133, ğŸ’Š Pharmaceuticals,Krystal Biotech,$2.87 B,USA
134, ğŸ’Š Pharmaceuticals,Organon,$2.87 B,USA
135, ğŸ’Š Pharmaceuticals,Axsome Therapeutics,$2.84 B,USA
136, ğŸ’Š Pharmaceuticals,Zealand Pharma,$2.80 B,Denmark
137, ğŸ’Š Pharmaceuticals,ImmunityBio,$2.79 B,USA
138, ğŸ’Š Pharmaceuticals,Zai Lab,$2.71 B,China
139, ğŸ’Š Pharmaceuticals,MoonLake Immunotherapeutics,$2.71 B,Switzerland
140, ğŸ’Š Pharmaceuticals,Intellia Therapeutics,$2.70 B,USA
141, ğŸ’Š Pharmaceuticals,Amphastar Pharmaceuticals,$2.68 B,USA
142, ğŸ’Š Pharmaceuticals,Glenmark Pharmaceuticals,$2.62 B,India
143, ğŸ’Š Pharmaceuticals,Corcept Therapeutics,$2.61 B,USA
144, ğŸ’Š Pharmaceuticals,Arcellx,$2.59 B,USA
145, ğŸ’Š Pharmaceuticals,Virbac SA,$2.55 B,France
146, ğŸ’Š Pharmaceuticals,Bausch Health,$2.50 B,Canada
147, ğŸ’Š Pharmaceuticals,Nippon Shinyaku,$2.46 B,Japan
148, ğŸ’Š Pharmaceuticals,Galapagos NV,$2.43 B,Belgium
149, ğŸ’Š Pharmaceuticals,Alvotech,$2.42 B,Iceland
150, ğŸ’Š Pharmaceuticals,Biohaven Pharmaceutical,$2.42 B,USA
151, ğŸ’Š Pharmaceuticals,BB Biotech,$2.41 B,Switzerland
152, ğŸ’Š Pharmaceuticals,Beam Therapeutics,$2.40 B,USA
153, ğŸ’Š Pharmaceuticals,Laurus Labs,$2.38 B,India
154, ğŸ’Š Pharmaceuticals,Indivior PLC,$2.38 B,USA
155, ğŸ’Š Pharmaceuticals,Structure Therapeutics,$2.38 B,USA
156, ğŸ’Š Pharmaceuticals,Immunocore,$2.23 B,UK
157, ğŸ’Š Pharmaceuticals,Sanofi India Limited,$2.20 B,India
158, ğŸ’Š Pharmaceuticals,Crinetics Pharmaceuticals,$2.05 B,USA
159, ğŸ’Š Pharmaceuticals,IDEAYA Biosciences,$2.03 B,USA
160, ğŸ’Š Pharmaceuticals,CymaBay Therapeutics,$2.02 B,USA
161, ğŸ’Š Pharmaceuticals,Telix Pharmaceuticals,$1.99 B,Australia
162, ğŸ’Š Pharmaceuticals,Rhythm Pharmaceuticals,$1.98 B,USA
163, ğŸ’Š Pharmaceuticals,Rocket Pharmaceuticals,$1.97 B,USA
164, ğŸ’Š Pharmaceuticals,Piramal Pharma,$1.97 B,India
165, ğŸ’Š Pharmaceuticals,TG Therapeutics,$1.91 B,USA
166, ğŸ’Š Pharmaceuticals,Almirall,$1.91 B,Spain
167, ğŸ’Š Pharmaceuticals,Hanmi Pharmaceutical,$1.89 B,S. Korea
168, ğŸ’Š Pharmaceuticals,Xenon Pharmaceuticals,$1.87 B,Canada
169, ğŸ’Š Pharmaceuticals,Neumora Therapeutics,$1.81 B,USA
170, ğŸ’Š Pharmaceuticals,ProKidney,$1.81 B,USA
171, ğŸ’Š Pharmaceuticals,Prothena,$1.75 B,Ireland
172, ğŸ’Š Pharmaceuticals,Dynavax Technologies,$1.74 B,USA
173, ğŸ’Š Pharmaceuticals,Bavarian Nordic,$1.71 B,Denmark
174, ğŸ’Š Pharmaceuticals,Alembic Pharmaceuticals,$1.70 B,India
175, ğŸ’Š Pharmaceuticals,Natco Pharma,$1.69 B,India
176, ğŸ’Š Pharmaceuticals,Vericel,$1.69 B,USA
177, ğŸ’Š Pharmaceuticals,Harmony Biosciences,$1.66 B,USA
178, ğŸ’Š Pharmaceuticals,PTC Therapeutics,$1.63 B,USA
179, ğŸ’Š Pharmaceuticals,Biotest,$1.59 B,Germany
180, ğŸ’Š Pharmaceuticals,Celldex Therapeutics,$1.51 B,USA
181, ğŸ’Š Pharmaceuticals,Supernus Pharmaceuticals,$1.49 B,USA
182, ğŸ’Š Pharmaceuticals,Mirum Pharmaceuticals,$1.49 B,USA
183, ğŸ’Š Pharmaceuticals,Ironwood Pharmaceuticals,$1.48 B,USA
184, ğŸ’Š Pharmaceuticals,Catalyst Pharmaceuticals,$1.47 B,USA
185, ğŸ’Š Pharmaceuticals,Recursion Pharmaceuticals,$1.46 B,USA
186, ğŸ’Š Pharmaceuticals,POINT Biopharma,$1.44 B,USA
187, ğŸ’Š Pharmaceuticals,RayzeBio,$1.42 B,USA
188, ğŸ’Š Pharmaceuticals,Taro Pharmaceutical,$1.38 B,Israel
189, ğŸ’Š Pharmaceuticals,Iovance Biotherapeutics,$1.38 B,USA
190, ğŸ’Š Pharmaceuticals,Fagron,$1.37 B,Belgium
191, ğŸ’Š Pharmaceuticals,Summit Therapeutics,$1.36 B,UK
192, ğŸ’Š Pharmaceuticals,Merus,$1.36 B,Netherlands
193, ğŸ’Š Pharmaceuticals,Amneal Pharmaceuticals,$1.36 B,USA
194, ğŸ’Š Pharmaceuticals,Tilray,$1.30 B,Canada
195, ğŸ’Š Pharmaceuticals,Maravai LifeSciences,$1.29 B,USA
196, ğŸ’Š Pharmaceuticals,Aurinia Pharmaceuticals,$1.29 B,Canada
197, ğŸ’Š Pharmaceuticals,SpringWorks Therapeutics,$1.29 B,USA
198, ğŸ’Š Pharmaceuticals,AbCellera,$1.28 B,Canada
199, ğŸ’Š Pharmaceuticals,Sumitomo Pharma,$1.27 B,Japan
200, ğŸ’Š Pharmaceuticals,Disc Medicine,$1.25 B,USA
201, ğŸ’Š Pharmaceuticals,Agios Pharmaceuticals,$1.22 B,USA
202, ğŸ’Š Pharmaceuticals,Curevac,$1.22 B,Germany
203, ğŸ’Š Pharmaceuticals,Arvinas,$1.17 B,USA
204, ğŸ’Š Pharmaceuticals,Sage Therapeutics,$1.16 B,USA
205, ğŸ’Š Pharmaceuticals,Viking Therapeutics,$1.15 B,USA
206, ğŸ’Š Pharmaceuticals,Morphic Therapeutic,$1.15 B,USA
207, ğŸ’Š Pharmaceuticals,EQRx,$1.14 B,USA
208, ğŸ’Š Pharmaceuticals,Xencor,$1.14 B,USA
209, ğŸ’Š Pharmaceuticals,Verona Pharma,$1.12 B,UK
210, ğŸ’Š Pharmaceuticals,Kiniksa Pharmaceuticals,$1.11 B,Bermuda
211, ğŸ’Š Pharmaceuticals,BioCryst Pharmaceuticals,$1.09 B,USA
212, ğŸ’Š Pharmaceuticals,Kymera Therapeutics,$1.09 B,USA
213, ğŸ’Š Pharmaceuticals,Granules India,$1.07 B,India
214, ğŸ’Š Pharmaceuticals,Syndax Pharmaceuticals,$1.06 B,USA
215, ğŸ’Š Pharmaceuticals,Faes Farma,$1.06 B,Spain
216, ğŸ’Š Pharmaceuticals,PeptiDream,$1.06 B,Japan
217, ğŸ’Š Pharmaceuticals,Geron,$1.05 B,USA
218, ğŸ’Š Pharmaceuticals,ANI Pharmaceuticals,$1.05 B,USA
219, ğŸ’Š Pharmaceuticals,Belite Bio,$1.04 B,USA
220, ğŸ’Š Pharmaceuticals,Day One Biopharmaceuticals,$1.03 B,USA
221, ğŸ’Š Pharmaceuticals,Avadel Pharmaceuticals,$1.02 B,Ireland
222, ğŸ’Š Pharmaceuticals,SPARC,$1.00 B,India
223, ğŸ’Š Pharmaceuticals,Ardelyx,$1.00 B,USA
224, ğŸ’Š Pharmaceuticals,Relay Therapeutics,$0.99 B,USA
225, ğŸ’Š Pharmaceuticals,MannKind Corp,$0.98 B,USA
226, ğŸ’Š Pharmaceuticals,Inhibrx,$0.97 B,USA
227, ğŸ’Š Pharmaceuticals,Protagonist Therapeutics,$0.97 B,USA
228, ğŸ’Š Pharmaceuticals,Keros Therapeutics,$0.90 B,USA
229, ğŸ’Š Pharmaceuticals,ADMA Biologics,$0.89 B,USA
230, ğŸ’Š Pharmaceuticals,Akero Therapeutics,$0.88 B,USA
231, ğŸ’Š Pharmaceuticals,Apogee Therapeutics,$0.87 B,USA
232, ğŸ’Š Pharmaceuticals,Innoviva,$0.86 B,USA
233, ğŸ’Š Pharmaceuticals,Amylyx Pharmaceuticals,$0.85 B,USA
234, ğŸ’Š Pharmaceuticals,Valneva SE,$0.85 B,France
235, ğŸ’Š Pharmaceuticals,Editas Medicine,$0.85 B,USA
236, ğŸ’Š Pharmaceuticals,Collegium Pharmaceutical,$0.84 B,USA
237, ğŸ’Š Pharmaceuticals,REGENXBIO,$0.84 B,USA
238, ğŸ’Š Pharmaceuticals,Sana Biotechnology,$0.83 B,USA
239, ğŸ’Š Pharmaceuticals,Pliant Therapeutics,$0.83 B,USA
240, ğŸ’Š Pharmaceuticals,ACELYRIN,$0.82 B,USA
241, ğŸ’Š Pharmaceuticals,Viridian Therapeutics,$0.82 B,USA
242, ğŸ’Š Pharmaceuticals,Scholar Rock Holding,$0.81 B,USA
243, ğŸ’Š Pharmaceuticals,NewAmsterdam Pharma Company,$0.81 B,Netherlands
244, ğŸ’Š Pharmaceuticals,Alpine Immune Sciences,$0.80 B,USA
245, ğŸ’Š Pharmaceuticals,Jubilant Pharmova,$0.79 B,India
246, ğŸ’Š Pharmaceuticals,Neuland Laboratories,$0.79 B,India
247, ğŸ’Š Pharmaceuticals,FDC India,$0.79 B,India
248, ğŸ’Š Pharmaceuticals,Intercept Pharmaceuticals,$0.79 B,USA
249, ğŸ’Š Pharmaceuticals,Tango Therapeutics,$0.79 B,USA
250, ğŸ’Š Pharmaceuticals,Cabaletta Bio,$0.79 B,USA
251, ğŸ’Š Pharmaceuticals,Autolus Therapeutics,$0.77 B,UK
252, ğŸ’Š Pharmaceuticals,Marksans Pharma,$0.77 B,India
253, ğŸ’Š Pharmaceuticals,Verve Therapeutics,$0.76 B,USA
254, ğŸ’Š Pharmaceuticals,Pharming Group,$0.75 B,Netherlands
255, ğŸ’Š Pharmaceuticals,Olema Pharmaceuticals,$0.75 B,USA
256, ğŸ’Š Pharmaceuticals,Zentalis Pharmaceuticals,$0.73 B,USA
257, ğŸ’Š Pharmaceuticals,Pharma Mar,$0.73 B,Spain
258, ğŸ’Š Pharmaceuticals,Exscientia,$0.72 B,UK
259, ğŸ’Š Pharmaceuticals,PolyPeptide Group,$0.70 B,Switzerland
260, ğŸ’Š Pharmaceuticals,Cosmo Pharmaceuticals,$0.70 B,Ireland
261, ğŸ’Š Pharmaceuticals,Prime Medicine,$0.70 B,USA
262, ğŸ’Š Pharmaceuticals,Kura Oncology,$0.69 B,USA
263, ğŸ’Š Pharmaceuticals,KYORIN Pharmaceutical,$0.69 B,Japan
264, ğŸ’Š Pharmaceuticals,Immatics,$0.69 B,Germany
265, ğŸ’Š Pharmaceuticals,Abivax,$0.67 B,France
266, ğŸ’Š Pharmaceuticals,HilleVax,$0.66 B,USA
267, ğŸ’Š Pharmaceuticals,Pharvaris,$0.66 B,Netherlands
268, ğŸ’Š Pharmaceuticals,Novavax,$0.64 B,USA
269, ğŸ’Š Pharmaceuticals,Centessa Pharmaceuticals,$0.63 B,UK
270, ğŸ’Š Pharmaceuticals,Morphosys,$0.63 B,Germany
271, ğŸ’Š Pharmaceuticals,Arcturus Therapeutics,$0.62 B,USA
272, ğŸ’Š Pharmaceuticals,Adaptive Biotechnologies,$0.61 B,USA
273, ğŸ’Š Pharmaceuticals,Nykode Therapeutics,$0.61 B,Norway
274, ğŸ’Š Pharmaceuticals,Vera Therapeutics,$0.58 B,USA
275, ğŸ’Š Pharmaceuticals,Zymeworks,$0.58 B,Canada
276, ğŸ’Š Pharmaceuticals,Tarsus Pharmaceuticals,$0.58 B,USA
277, ğŸ’Š Pharmaceuticals,89bio,$0.57 B,USA
278, ğŸ’Š Pharmaceuticals,PureTech Health,$0.56 B,USA
279, ğŸ’Š Pharmaceuticals,Cogent Biosciences,$0.56 B,USA
280, ğŸ’Š Pharmaceuticals,Anavex Life Sciences,$0.54 B,USA
281, ğŸ’Š Pharmaceuticals,Strides Pharma,$0.54 B,India
282, ğŸ’Š Pharmaceuticals,Evolus,$0.53 B,USA
283, ğŸ’Š Pharmaceuticals,Wave Life Sciences,$0.53 B,Singapore
284, ğŸ’Š Pharmaceuticals,Aarti Drugs,$0.52 B,India
285, ğŸ’Š Pharmaceuticals,4D Molecular Therapeutics,$0.51 B,USA
286, ğŸ’Š Pharmaceuticals,Theravance Biopharma,$0.51 B,Cayman Islands
287, ğŸ’Š Pharmaceuticals,OmniAb,$0.51 B,USA
288, ğŸ’Š Pharmaceuticals,Icosavax,$0.50 B,USA
289, ğŸ’Š Pharmaceuticals,Gracell Biotechnologies,$0.50 B,China
290, ğŸ’Š Pharmaceuticals,Bicycle Therapeutics,$0.50 B,UK
291, ğŸ’Š Pharmaceuticals,Shinpoong Pharm,$0.49 B,S. Korea
292, ğŸ’Š Pharmaceuticals,Tyra Biosciences,$0.49 B,USA
293, ğŸ’Š Pharmaceuticals,Savara Pharmaceuticals,$0.49 B,USA
294, ğŸ’Š Pharmaceuticals,Avacta Group,$0.48 B,UK
295, ğŸ’Š Pharmaceuticals,Calliditas Therapeutics,$0.48 B,Sweden
296, ğŸ’Š Pharmaceuticals,AN2 Therapeutics,$0.47 B,USA
297, ğŸ’Š Pharmaceuticals,RAPT Therapeutics,$0.46 B,USA
298, ğŸ’Š Pharmaceuticals,MaxCyte,$0.46 B,USA
299, ğŸ’Š Pharmaceuticals,ALX Oncology,$0.45 B,USA
300, ğŸ’Š Pharmaceuticals,Avidity Biosciences,$0.45 B,USA
301, ğŸ’Š Pharmaceuticals,MacroGenics,$0.45 B,USA
302, ğŸ’Š Pharmaceuticals,Allogene Therapeutics,$0.45 B,USA
303, ğŸ’Š Pharmaceuticals,Medios AG,$0.45 B,Germany
304, ğŸ’Š Pharmaceuticals,LianBio,$0.44 B,USA
305, ğŸ’Š Pharmaceuticals,Silence Therapeutics,$0.44 B,UK
306, ğŸ’Š Pharmaceuticals,Liquidia Technologies,$0.43 B,USA
307, ğŸ’Š Pharmaceuticals,Lyell Immunopharma,$0.43 B,USA
308, ğŸ’Š Pharmaceuticals,Travere Therapeutics,$0.42 B,USA
309, ğŸ’Š Pharmaceuticals,Aerovate Therapeutics,$0.42 B,USA
310, ğŸ’Š Pharmaceuticals,Janux Therapeutics,$0.42 B,USA
311, ğŸ’Š Pharmaceuticals,bluebird bio,$0.41 B,USA
312, ğŸ’Š Pharmaceuticals,Alector,$0.40 B,USA
313, ğŸ’Š Pharmaceuticals,Phathom Pharmaceuticals,$0.40 B,USA
314, ğŸ’Š Pharmaceuticals,Hikal,$0.39 B,India
315, ğŸ’Š Pharmaceuticals,ORIC Pharmaceuticals,$0.39 B,USA
316, ğŸ’Š Pharmaceuticals,Aura Biosciences,$0.39 B,USA
317, ğŸ’Š Pharmaceuticals,Indoco Remedies,$0.38 B,India
318, ğŸ’Š Pharmaceuticals,UroGen Pharma,$0.38 B,USA
319, ğŸ’Š Pharmaceuticals,SIGA Technologies,$0.37 B,USA
320, ğŸ’Š Pharmaceuticals,Entrada Therapeutics,$0.37 B,USA
321, ğŸ’Š Pharmaceuticals,AnaptysBio,$0.37 B,USA
322, ğŸ’Š Pharmaceuticals,Adlai Nortye,$0.37 B,Cayman Islands
323, ğŸ’Š Pharmaceuticals,Orchard Therapeutics,$0.36 B,UK
324, ğŸ’Š Pharmaceuticals,GH Research,$0.35 B,Ireland
325, ğŸ’Š Pharmaceuticals,Oculis Holding AG,$0.35 B,Switzerland
326, ğŸ’Š Pharmaceuticals,Nautilus Biotechnology,$0.35 B,USA
327, ğŸ’Š Pharmaceuticals,Sequent Scientific,$0.35 B,India
328, ğŸ’Š Pharmaceuticals,iTeos Therapeutics,$0.34 B,USA
329, ğŸ’Š Pharmaceuticals,Fusion Pharmaceuticals,$0.34 B,Canada
330, ğŸ’Š Pharmaceuticals,MeiraGTx,$0.34 B,USA
331, ğŸ’Š Pharmaceuticals,Taysha Gene Therapies,$0.34 B,USA
332, ğŸ’Š Pharmaceuticals,Avid Bioservices,$0.34 B,USA
333, ğŸ’Š Pharmaceuticals,Procaps Group,$0.34 B,Luxembourg
334, ğŸ’Š Pharmaceuticals,Idorsia,$0.34 B,Switzerland
335, ğŸ’Š Pharmaceuticals,Immunome,$0.33 B,USA
336, ğŸ’Š Pharmaceuticals,Erasca,$0.33 B,USA
337, ğŸ’Š Pharmaceuticals,Marinus Pharmaceuticals,$0.33 B,USA
338, ğŸ’Š Pharmaceuticals,uniQure,$0.32 B,Netherlands
339, ğŸ’Š Pharmaceuticals,Harrow Health,$0.32 B,USA
340, ğŸ’Š Pharmaceuticals,Amarin Corporation,$0.31 B,Ireland
341, ğŸ’Š Pharmaceuticals,IGM Biosciences,$0.31 B,USA
342, ğŸ’Š Pharmaceuticals,Arbutus Biopharma,$0.30 B,USA
343, ğŸ’Š Pharmaceuticals,Third Harmonic Bio,$0.30 B,USA
344, ğŸ’Š Pharmaceuticals,Voyager Therapeutics,$0.30 B,USA
345, ğŸ’Š Pharmaceuticals,Nurix Therapeutics,$0.30 B,USA
346, ğŸ’Š Pharmaceuticals,Genelux,$0.29 B,USA
347, ğŸ’Š Pharmaceuticals,Mereo BioPharma Group,$0.29 B,UK
348, ğŸ’Š Pharmaceuticals,Precigen,$0.28 B,USA
349, ğŸ’Š Pharmaceuticals,Fulcrum Therapeutics,$0.28 B,USA
350, ğŸ’Š Pharmaceuticals,RPG Life Sciences,$0.27 B,India
351, ğŸ’Š Pharmaceuticals,Kamada,$0.27 B,Israel
352, ğŸ’Š Pharmaceuticals,Nuvation Bio,$0.27 B,USA
353, ğŸ’Š Pharmaceuticals,Nanobiotix,$0.27 B,France
354, ğŸ’Š Pharmaceuticals,Lexicon Pharmaceuticals,$0.26 B,USA
355, ğŸ’Š Pharmaceuticals,KalVista Pharmaceuticals,$0.26 B,USA
356, ğŸ’Š Pharmaceuticals,Agenus,$0.25 B,USA
357, ğŸ’Š Pharmaceuticals,AC Immune,$0.25 B,Switzerland
358, ğŸ’Š Pharmaceuticals,TScan Therapeutics,$0.25 B,USA
359, ğŸ’Š Pharmaceuticals,Poseida Therapeutics,$0.24 B,USA
360, ğŸ’Š Pharmaceuticals,ESSA Pharma,$0.24 B,Canada
361, ğŸ’Š Pharmaceuticals,Mineralys Therapeutics,$0.24 B,USA
362, ğŸ’Š Pharmaceuticals,Xeris Pharmaceuticals,$0.24 B,USA
363, ğŸ’Š Pharmaceuticals,Y-mAbs Therapeutics,$0.23 B,USA
364, ğŸ’Š Pharmaceuticals,Ovid Therapeutics,$0.23 B,USA
365, ğŸ’Š Pharmaceuticals,Fate Therapeutics,$0.23 B,USA
366, ğŸ’Š Pharmaceuticals,Atea Pharmaceuticals,$0.23 B,USA
367, ğŸ’Š Pharmaceuticals,Inozyme Pharma,$0.22 B,USA
368, ğŸ’Š Pharmaceuticals,Terns Pharmaceuticals,$0.22 B,USA
369, ğŸ’Š Pharmaceuticals,Coherus BioSciences,$0.22 B,USA
370, ğŸ’Š Pharmaceuticals,Immutep,$0.22 B,Australia
371, ğŸ’Š Pharmaceuticals,Lifecore Biomedical,$0.21 B,USA
372, ğŸ’Š Pharmaceuticals,Harpoon Therapeutics,$0.21 B,USA
373, ğŸ’Š Pharmaceuticals,Immuneering,$0.21 B,USA
374, ğŸ’Š Pharmaceuticals,Mesoblast,$0.21 B,Australia
375, ğŸ’Š Pharmaceuticals,Orchestra BioMed,$0.21 B,USA
376, ğŸ’Š Pharmaceuticals,EyePoint Pharmaceuticals,$0.21 B,USA
377, ğŸ’Š Pharmaceuticals,Heron Therapeutics,$0.20 B,USA
378, ğŸ’Š Pharmaceuticals,Repare Therapeutics,$0.20 B,Canada
379, ğŸ’Š Pharmaceuticals,Innate Pharma,$0.20 B,France
380, ğŸ’Š Pharmaceuticals,Vanda Pharmaceuticals,$0.20 B,USA
381, ğŸ’Š Pharmaceuticals,Cellectis,$0.20 B,France
382, ğŸ’Š Pharmaceuticals,Renovaro Biosciences,$0.20 B,USA
383, ğŸ’Š Pharmaceuticals,Reneo Pharmaceuticals,$0.20 B,USA
384, ğŸ’Š Pharmaceuticals,Cormedix,$0.20 B,USA
385, ğŸ’Š Pharmaceuticals,Puma Biotechnology,$0.19 B,USA
386, ğŸ’Š Pharmaceuticals,scPharmaceuticals,$0.19 B,USA
387, ğŸ’Š Pharmaceuticals,Vaccitech,$0.19 B,UK
388, ğŸ’Š Pharmaceuticals,Cybin,$0.19 B,Canada
389, ğŸ’Š Pharmaceuticals,PDS Biotechnology,$0.19 B,USA
390, ğŸ’Š Pharmaceuticals,Enanta Pharmaceuticals,$0.18 B,USA
391, ğŸ’Š Pharmaceuticals,Akebia Therapeutics,$0.18 B,USA
392, ğŸ’Š Pharmaceuticals,Prelude Therapeutics,$0.18 B,USA
393, ğŸ’Š Pharmaceuticals,Foghorn Therapeutics,$0.18 B,USA
394, ğŸ’Š Pharmaceuticals,Merrimack Pharmaceuticals,$0.18 B,USA
395, ğŸ’Š Pharmaceuticals,Zura Bio,$0.18 B,USA
396, ğŸ’Š Pharmaceuticals,Atai Life Sciences,$0.18 B,Germany
397, ğŸ’Š Pharmaceuticals,Mersana Therapeutics,$0.18 B,USA
398, ğŸ’Š Pharmaceuticals,XOMA,$0.17 B,USA
399, ğŸ’Š Pharmaceuticals,Arcutis Biotherapeutics,$0.17 B,USA
400, ğŸ’Š Pharmaceuticals,Ocular Therapeutix,$0.17 B,USA
401, ğŸ’Š Pharmaceuticals,Lineage Cell Therapeutics,$0.17 B,USA
402, ğŸ’Š Pharmaceuticals,Zevra Therapeutics,$0.17 B,USA
403, ğŸ’Š Pharmaceuticals,AlloVir,$0.17 B,USA
404, ğŸ’Š Pharmaceuticals,Bliss GVS Pharma,$0.17 B,India
405, ğŸ’Š Pharmaceuticals,DBV Technologies,$0.17 B,France
406, ğŸ’Š Pharmaceuticals,Rigel Pharmaceuticals,$0.16 B,USA
407, ğŸ’Š Pharmaceuticals,Zomedica Pharmaceuticals,$0.16 B,USA
408, ğŸ’Š Pharmaceuticals,Invivyd,$0.16 B,USA
409, ğŸ’Š Pharmaceuticals,Gossamer Bio,$0.16 B,USA
410, ğŸ’Š Pharmaceuticals,Verastem Oncology,$0.16 B,USA
411, ğŸ’Š Pharmaceuticals,Lyra Therapeutics,$0.16 B,USA
412, ğŸ’Š Pharmaceuticals,Opthea,$0.16 B,Australia
413, ğŸ’Š Pharmaceuticals,Hester Biosciences,$0.15 B,India
414, ğŸ’Š Pharmaceuticals,Sutro Biopharma,$0.15 B,USA
415, ğŸ’Š Pharmaceuticals,Regencell Bioscience,$0.15 B,Hong Kong
416, ğŸ’Š Pharmaceuticals,Verrica Pharmaceuticals,$0.15 B,USA
417, ğŸ’Š Pharmaceuticals,Theseus Pharmaceuticals,$0.15 B,USA
418, ğŸ’Š Pharmaceuticals,Allakos,$0.15 B,USA
419, ğŸ’Š Pharmaceuticals,Monte Rosa Therapeutics,$0.14 B,USA
420, ğŸ’Š Pharmaceuticals,Aldeyra Therapeutics,$0.14 B,USA
421, ğŸ’Š Pharmaceuticals,Greenwich LifeSciences,$0.14 B,USA
422, ğŸ’Š Pharmaceuticals,Larimar Therapeutics,$0.14 B,USA
423, ğŸ’Š Pharmaceuticals,Praxis Precision Medicines,$0.14 B,USA
424, ğŸ’Š Pharmaceuticals,Molecular Partners,$0.14 B,Switzerland
425, ğŸ’Š Pharmaceuticals,Seres Therapeutics,$0.14 B,USA
426, ğŸ’Š Pharmaceuticals,Nuvectis Pharma,$0.14 B,USA
427, ğŸ’Š Pharmaceuticals,Ventyx Biosciences,$0.13 B,USA
428, ğŸ’Š Pharmaceuticals,Esperion Therapeutics,$0.13 B,USA
429, ğŸ’Š Pharmaceuticals,OptiNose,$0.13 B,USA
430, ğŸ’Š Pharmaceuticals,Altimmune,$0.13 B,USA
431, ğŸ’Š Pharmaceuticals,Codexis,$0.13 B,USA
432, ğŸ’Š Pharmaceuticals,Acumen Pharmaceuticals,$0.13 B,USA
433, ğŸ’Š Pharmaceuticals,Aquestive Therapeutics,$0.13 B,USA
434, ğŸ’Š Pharmaceuticals,Selecta Biosciences,$0.13 B,USA
435, ğŸ’Š Pharmaceuticals,Graphite Bio,$0.13 B,USA
436, ğŸ’Š Pharmaceuticals,Annexon,$0.13 B,USA
437, ğŸ’Š Pharmaceuticals,Absci,$0.13 B,USA
438, ğŸ’Š Pharmaceuticals,X4 Pharmaceuticals,$0.12 B,USA
439, ğŸ’Š Pharmaceuticals,Nkarta,$0.12 B,USA
440, ğŸ’Š Pharmaceuticals,Vaxxinity,$0.12 B,USA
441, ğŸ’Š Pharmaceuticals,Kodiak Sciences,$0.12 B,USA
442, ğŸ’Š Pharmaceuticals,Gritstone bio,$0.12 B,USA
443, ğŸ’Š Pharmaceuticals,Galectin Therapeutics,$0.12 B,USA
444, ğŸ’Š Pharmaceuticals,I-Mab Biopharma,$0.12 B,China
445, ğŸ’Š Pharmaceuticals,Design Therapeutics,$0.12 B,USA
446, ğŸ’Š Pharmaceuticals,Citius Pharmaceuticals,$0.12 B,USA
447, ğŸ’Š Pharmaceuticals,Actinium Pharmaceuticals,$0.12 B,USA
448, ğŸ’Š Pharmaceuticals,Tenaya Therapeutics,$0.12 B,USA
449, ğŸ’Š Pharmaceuticals,Vor Biopharma,$0.12 B,USA
450, ğŸ’Š Pharmaceuticals,Talaris Therapeutics,$0.11 B,USA
451, ğŸ’Š Pharmaceuticals,Oncolytics Biotech,$0.11 B,Canada
452, ğŸ’Š Pharmaceuticals,Cel-Sci,$0.11 B,USA
453, ğŸ’Š Pharmaceuticals,Assertio Therapeutics,$0.11 B,USA
454, ğŸ’Š Pharmaceuticals,Outlook Therapeutics,$0.11 B,USA
455, ğŸ’Š Pharmaceuticals,Eagle Pharmaceuticals,$0.11 B,USA
456, ğŸ’Š Pharmaceuticals,ProQR,$0.11 B,Netherlands
457, ğŸ’Š Pharmaceuticals,Aadi Bioscience,$0.11 B,USA
458, ğŸ’Š Pharmaceuticals,PMV Pharmaceuticals,$0.11 B,USA
459, ğŸ’Š Pharmaceuticals,Omeros Corporation,$0.11 B,USA
460, ğŸ’Š Pharmaceuticals,BioXcel Therapeutics,$0.11 B,USA
461, ğŸ’Š Pharmaceuticals,Inovio Pharmaceuticals,$0.11 B,USA
462, ğŸ’Š Pharmaceuticals,PepGen,$0.11 B,USA
463, ğŸ’Š Pharmaceuticals,Mind Medicine,$0.11 B,USA
464, ğŸ’Š Pharmaceuticals,Vaxart,$0.10 B,USA
465, ğŸ’Š Pharmaceuticals,Achieve Life Sciences,$0.10 B,Canada
466, ğŸ’Š Pharmaceuticals,XBiotech,$0.10 B,USA
467, ğŸ’Š Pharmaceuticals,ChromaDex,$0.10 B,USA
468, ğŸ’Š Pharmaceuticals,Emergent BioSolutions,$0.10 B,USA
469, ğŸ’Š Pharmaceuticals,Vigil Neuroscience,$0.10 B,USA
470, ğŸ’Š Pharmaceuticals,Kinnate Biopharma,$0.10 B,USA
471, ğŸ’Š Pharmaceuticals,Carisma Therapeutics,$0.10 B,USA
472, ğŸ’Š Pharmaceuticals,Rani Therapeutics,$0.10 B,USA
473, ğŸ’Š Pharmaceuticals,Protalix BioTherapeutics,$0.10 B,Israel
474, ğŸ’Š Pharmaceuticals,Abeona Therapeutics,$0.10 B,USA
475, ğŸ’Š Pharmaceuticals,Adaptimmune Therapeutics,$0.10 B,UK
476, ğŸ’Š Pharmaceuticals,Omega Therapeutics,$0.10 B,USA
477, ğŸ’Š Pharmaceuticals,Ocugen,$99.7 M,USA
478, ğŸ’Š Pharmaceuticals,Shattuck Labs,$98.99 M,USA
479, ğŸ’Š Pharmaceuticals,GlycoMimetics,$97.87 M,USA
480, ğŸ’Š Pharmaceuticals,Longboard Pharmaceuticals,$97.81 M,USA
481, ğŸ’Š Pharmaceuticals,Scilex Holding,$96.83 M,USA
482, ğŸ’Š Pharmaceuticals,Atossa Therapeutics,$96.32 M,USA
483, ğŸ’Š Pharmaceuticals,Nektar Therapeutics,$94.24 M,USA
484, ğŸ’Š Pharmaceuticals,MediciNova,$93.18 M,USA
485, ğŸ’Š Pharmaceuticals,Capricor Therapeutics,$91.76 M,USA
486, ğŸ’Š Pharmaceuticals,Genenta Science,$91.53 M,Italy
487, ğŸ’Š Pharmaceuticals,VistaGen Therapeutics,$90.52 M,USA
488, ğŸ’Š Pharmaceuticals,Anixa Biosciences,$88.86 M,USA
489, ğŸ’Š Pharmaceuticals,Milestone Pharmaceuticals,$88.73 M,Canada
490, ğŸ’Š Pharmaceuticals,Veru,$88.14 M,USA
491, ğŸ’Š Pharmaceuticals,2seventy bio,$88.08 M,USA
492, ğŸ’Š Pharmaceuticals,CytomX Therapeutics,$86.41 M,USA
493, ğŸ’Š Pharmaceuticals,Werewolf Therapeutics,$86.13 M,USA
494, ğŸ’Š Pharmaceuticals,G1 Therapeutics,$86.06 M,USA
495, ğŸ’Š Pharmaceuticals,Oramed Pharmaceuticals,$85.92 M,USA
496, ğŸ’Š Pharmaceuticals,Relmada Therapeutics,$85.78 M,USA
497, ğŸ’Š Pharmaceuticals,Chimerix,$85.39 M,USA
498, ğŸ’Š Pharmaceuticals,Adverum Biotechnologies,$84.85 M,USA
499, ğŸ’Š Pharmaceuticals,InflaRx,$84.2 M,Germany
500, ğŸ’Š Pharmaceuticals,Sagimet Biosciences,$84.18 M,USA
501, ğŸ’Š Pharmaceuticals,Nectar Lifesciences,$83.34 M,India
502, ğŸ’Š Pharmaceuticals,MediWound,$82.42 M,Israel
503, ğŸ’Š Pharmaceuticals,Karyopharm Therapeutics,$81.38 M,USA
504, ğŸ’Š Pharmaceuticals,Acrivon Therapeutics,$81 M,USA
505, ğŸ’Š Pharmaceuticals,Tempest Therapeutics,$80.64 M,USA
506, ğŸ’Š Pharmaceuticals,Journey Medical,$79.21 M,USA
507, ğŸ’Š Pharmaceuticals,Ikena Oncology,$78.66 M,USA
508, ğŸ’Š Pharmaceuticals,BioAtla,$77.17 M,USA
509, ğŸ’Š Pharmaceuticals,Generation Bio,$75.98 M,USA
510, ğŸ’Š Pharmaceuticals,Armata Pharmaceuticals,$75.9 M,USA
511, ğŸ’Š Pharmaceuticals,C4 Therapeutics,$74.9 M,USA
512, ğŸ’Š Pharmaceuticals,CASI Pharmaceuticals,$74.6 M,USA
513, ğŸ’Š Pharmaceuticals,Affimed,$74.52 M,Germany
514, ğŸ’Š Pharmaceuticals,Leap Therapeutics,$73.11 M,USA
515, ğŸ’Š Pharmaceuticals,Trevi Therapeutics,$72.78 M,USA
516, ğŸ’Š Pharmaceuticals,Kronos Bio,$72.31 M,USA
517, ğŸ’Š Pharmaceuticals,Perspective Therapeutics,$71.54 M,USA
518, ğŸ’Š Pharmaceuticals,Zynerba Pharmaceuticals,$70.12 M,USA
519, ğŸ’Š Pharmaceuticals,Jasper Therapeutics,$69.46 M,USA
520, ğŸ’Š Pharmaceuticals,IO Biotech,$69.17 M,Denmark
521, ğŸ’Š Pharmaceuticals,Corvus Pharmaceuticals,$69.14 M,USA
522, ğŸ’Š Pharmaceuticals,Theratechnologies,$68.73 M,Canada
523, ğŸ’Š Pharmaceuticals,aTyr Pharma,$68.51 M,USA
524, ğŸ’Š Pharmaceuticals,Kezar Life Sciences,$66.29 M,USA
525, ğŸ’Š Pharmaceuticals,Spero Therapeutics,$64.12 M,USA
526, ğŸ’Š Pharmaceuticals,Ocuphire Pharma,$63.61 M,USA
527, ğŸ’Š Pharmaceuticals,Sangamo Therapeutics,$63.54 M,USA
528, ğŸ’Š Pharmaceuticals,Adagene,$62.68 M,China
529, ğŸ’Š Pharmaceuticals,Clearside Biomedical,$62.4 M,USA
530, ğŸ’Š Pharmaceuticals,Pyxis Oncology,$62.05 M,USA
531, ğŸ’Š Pharmaceuticals,SCYNEXIS,$60.27 M,USA
532, ğŸ’Š Pharmaceuticals,Inotiv,$60.07 M,USA
533, ğŸ’Š Pharmaceuticals,Eyenovia,$59.56 M,USA
534, ğŸ’Š Pharmaceuticals,Incannex Healthcare,$58.4 M,Australia
535, ğŸ’Š Pharmaceuticals,NGM Biopharmaceuticals,$58.31 M,USA
536, ğŸ’Š Pharmaceuticals,Atara Biotherapeutics,$58.29 M,USA
537, ğŸ’Š Pharmaceuticals,Aclaris Therapeutics,$57.68 M,USA
538, ğŸ’Š Pharmaceuticals,Turnstone Biologics,$57.5 M,USA
539, ğŸ’Š Pharmaceuticals,ADC Therapeutics,$57.25 M,Switzerland
540, ğŸ’Š Pharmaceuticals,Athira Pharma,$57.08 M,USA
541, ğŸ’Š Pharmaceuticals,Syros Pharmaceuticals,$56.88 M,USA
542, ğŸ’Š Pharmaceuticals,Tiziana Life Sciences,$56.83 M,UK
543, ğŸ’Š Pharmaceuticals,AVROBIO,$56.6 M,USA
544, ğŸ’Š Pharmaceuticals,CervoMed,$56.57 M,USA
545, ğŸ’Š Pharmaceuticals,Okyo Pharma,$55.57 M,UK
546, ğŸ’Š Pharmaceuticals,Spruce Biosciences,$55.36 M,USA
547, ğŸ’Š Pharmaceuticals,Cytosorbents,$55.1 M,USA
548, ğŸ’Š Pharmaceuticals,VYNE Therapeutics,$54.43 M,USA
549, ğŸ’Š Pharmaceuticals,Solid Biosciences,$52.86 M,USA
550, ğŸ’Š Pharmaceuticals,Cara Therapeutics,$52.42 M,USA
551, ğŸ’Š Pharmaceuticals,Rockwell Medical,$52.42 M,USA
552, ğŸ’Š Pharmaceuticals,InterCure,$51.04 M,Israel
553, ğŸ’Š Pharmaceuticals,Coya Therapeutics,$50.55 M,USA
554, ğŸ’Š Pharmaceuticals,Precision BioSciences,$50.4 M,USA
555, ğŸ’Š Pharmaceuticals,Adicet Bio,$49.63 M,USA
556, ğŸ’Š Pharmaceuticals,Curis,$49.3 M,USA
557, ğŸ’Š Pharmaceuticals,Vivani Medical,$48.71 M,USA
558, ğŸ’Š Pharmaceuticals,Instil Bio,$48.31 M,USA
559, ğŸ’Š Pharmaceuticals,Immunic,$47.4 M,USA
560, ğŸ’Š Pharmaceuticals,FibroGen,$47.03 M,USA
561, ğŸ’Š Pharmaceuticals,Matinas BioPharma,$47.01 M,USA
562, ğŸ’Š Pharmaceuticals,Longeveron,$45.12 M,USA
563, ğŸ’Š Pharmaceuticals,Rafael Holdings,$44.11 M,USA
564, ğŸ’Š Pharmaceuticals,Lantern Pharma,$43.36 M,USA
565, ğŸ’Š Pharmaceuticals,CytoMed Therapeutics,$42.65 M,Singapore
566, ğŸ’Š Pharmaceuticals,eFFECTOR Therapeutics,$42.39 M,USA
567, ğŸ’Š Pharmaceuticals,Gamida Cell,$40.17 M,Israel
568, ğŸ’Š Pharmaceuticals,Celularity,$39.33 M,USA
569, ğŸ’Š Pharmaceuticals,Rain Therapeutics,$38.92 M,USA
570, ğŸ’Š Pharmaceuticals,Sol-Gel Technologies,$38.82 M,Israel
571, ğŸ’Š Pharmaceuticals,Quince Therapeutics,$38.61 M,USA
572, ğŸ’Š Pharmaceuticals,Societal CDMO,$37.27 M,USA
573, ğŸ’Š Pharmaceuticals,Rite Aid,$36.75 M,USA
574, ğŸ’Š Pharmaceuticals,MiNK Therapeutics,$36.23 M,USA
575, ğŸ’Š Pharmaceuticals,Ocean Biomedical,$35.79 M,USA
576, ğŸ’Š Pharmaceuticals,BeyondSpring,$35.42 M,USA
577, ğŸ’Š Pharmaceuticals,Minerva Neurosciences,$35.1 M,USA
578, ğŸ’Š Pharmaceuticals,iCAD,$34.25 M,USA
579, ğŸ’Š Pharmaceuticals,ImmunoPrecise Antibodies,$33.06 M,USA
580, ğŸ’Š Pharmaceuticals,electroCore,$33.01 M,USA
581, ğŸ’Š Pharmaceuticals,Dare Bioscience,$32.71 M,USA
582, ğŸ’Š Pharmaceuticals,Fortress Biotech,$32.62 M,USA
583, ğŸ’Š Pharmaceuticals,Sellas Life Sciences,$32.38 M,USA
584, ğŸ’Š Pharmaceuticals,Biora Therapeutics,$31.95 M,USA
585, ğŸ’Š Pharmaceuticals,Intensity Therapeutics,$31.53 M,USA
586, ğŸ’Š Pharmaceuticals,Xilio Therapeutics,$30.55 M,USA
587, ğŸ’Š Pharmaceuticals,Unity Biotechnology,$29.53 M,USA
588, ğŸ’Š Pharmaceuticals,TherapeuticsMD,$29.39 M,USA
589, ğŸ’Š Pharmaceuticals,Sio Gene Therapies,$28.68 M,USA
590, ğŸ’Š Pharmaceuticals,Portage Biotech,$28.07 M,British Virgin Islands
591, ğŸ’Š Pharmaceuticals,Seelos Therapeutics,$27.41 M,USA
592, ğŸ’Š Pharmaceuticals,Palatin Technologies,$27.33 M,USA
593, ğŸ’Š Pharmaceuticals,Iterum Therapeutics,$27.01 M,Ireland
594, ğŸ’Š Pharmaceuticals,Sorrento Therapeutics,$26.46 M,USA
595, ğŸ’Š Pharmaceuticals,Regulus Therapeutics,$26.28 M,USA
596, ğŸ’Š Pharmaceuticals,NRx Pharmaceuticals,$25.03 M,USA
597, ğŸ’Š Pharmaceuticals,Lumos Pharma,$24.37 M,USA
598, ğŸ’Š Pharmaceuticals,NuCana,$23.89 M,UK
599, ğŸ’Š Pharmaceuticals,vTv Therapeutics,$21.89 M,USA
600, ğŸ’Š Pharmaceuticals,AIM ImmunoTech,$20.75 M,USA
601, ğŸ’Š Pharmaceuticals,Pieris Pharmaceuticals,$20.16 M,USA
602, ğŸ’Š Pharmaceuticals,Viracta Therapeutics,$20.12 M,USA
603, ğŸ’Š Pharmaceuticals,MAIA Biotechnology,$19.84 M,USA
604, ğŸ’Š Pharmaceuticals,Acasti Pharma,$19.64 M,Canada
605, ğŸ’Š Pharmaceuticals,Aptose Biosciences,$19.39 M,Canada
606, ğŸ’Š Pharmaceuticals,Synlogic,$19.2 M,USA
607, ğŸ’Š Pharmaceuticals,Corbus Pharmaceuticals,$19.02 M,USA
608, ğŸ’Š Pharmaceuticals,Bullfrog AI,$18.58 M,USA
609, ğŸ’Š Pharmaceuticals,Nymox Pharmaceutical,$18.25 M,Bahamas
610, ğŸ’Š Pharmaceuticals,Jaguar Health,$17.4 M,USA
611, ğŸ’Š Pharmaceuticals,Kala Pharmaceuticals,$16.77 M,USA
612, ğŸ’Š Pharmaceuticals,Azitra,$16.08 M,USA
613, ğŸ’Š Pharmaceuticals,Bionomics,$15.58 M,Australia
614, ğŸ’Š Pharmaceuticals,Senti Biosciences,$15.57 M,USA
615, ğŸ’Š Pharmaceuticals,Genprex,$15.35 M,USA
616, ğŸ’Š Pharmaceuticals,Alaunos Therapeutics,$15.2 M,USA
617, ğŸ’Š Pharmaceuticals,AgeX Therapeutics,$15.18 M,USA
618, ğŸ’Š Pharmaceuticals,Cocrystal Pharma,$15.15 M,USA
619, ğŸ’Š Pharmaceuticals,ASLAN Pharmaceuticals,$15 M,Singapore
620, ğŸ’Š Pharmaceuticals,Vincerx Pharma,$14.85 M,USA
621, ğŸ’Š Pharmaceuticals,Aytu BioScience,$13.88 M,USA
622, ğŸ’Š Pharmaceuticals,Onconova Therapeutics,$13.75 M,USA
623, ğŸ’Š Pharmaceuticals,Aprea Therapeutics,$13.75 M,USA
624, ğŸ’Š Pharmaceuticals,Context Therapeutics,$13.58 M,USA
625, ğŸ’Š Pharmaceuticals,Lipocine,$13.13 M,USA
626, ğŸ’Š Pharmaceuticals,bioAffinity Technologies,$13.11 M,USA
627, ğŸ’Š Pharmaceuticals,MyMD Pharmaceuticals,$13.07 M,USA
628, ğŸ’Š Pharmaceuticals,NanoViricides,$12.74 M,USA
629, ğŸ’Š Pharmaceuticals,Talis Biomedical,$12.71 M,USA
630, ğŸ’Š Pharmaceuticals,Hepion Pharmaceuticals,$12.67 M,USA
631, ğŸ’Š Pharmaceuticals,VBI Vaccines,$12.57 M,USA
632, ğŸ’Š Pharmaceuticals,BrainStorm Cell Therapeutics,$12.54 M,USA
633, ğŸ’Š Pharmaceuticals,Acorda Therapeutics,$12.37 M,USA
634, ğŸ’Š Pharmaceuticals,Tonix Pharmaceuticals,$11.49 M,USA
635, ğŸ’Š Pharmaceuticals,Vaccinex,$11.3 M,USA
636, ğŸ’Š Pharmaceuticals,Frequency Therapeutics,$10.94 M,USA
637, ğŸ’Š Pharmaceuticals,AcelRx Pharmaceuticals,$10.84 M,USA
638, ğŸ’Š Pharmaceuticals,Organovo,$10.78 M,USA
639, ğŸ’Š Pharmaceuticals,IMV,$9.8 M,Canada
640, ğŸ’Š Pharmaceuticals,Aileron Therapeutics,$9.08 M,USA
641, ğŸ’Š Pharmaceuticals,Oragenics,$8.94 M,USA
642, ğŸ’Š Pharmaceuticals,Can Fite Biopharma,$8.89 M,Israel
643, ğŸ’Š Pharmaceuticals,Trevena,$8.7 M,USA
644, ğŸ’Š Pharmaceuticals,Benitec Biopharma,$8.54 M,USA
645, ğŸ’Š Pharmaceuticals,Imunon,$8.36 M,USA
646, ğŸ’Š Pharmaceuticals,Aptorum Group,$8.29 M,Hong Kong
647, ğŸ’Š Pharmaceuticals,Mangoceuticals,$8.25 M,USA
648, ğŸ’Š Pharmaceuticals,iBio,$7.44 M,USA
649, ğŸ’Š Pharmaceuticals,Adamis Pharmaceuticals,$7.25 M,USA
650, ğŸ’Š Pharmaceuticals,Cadrenal Therapeutics,$6.77 M,USA
651, ğŸ’Š Pharmaceuticals,Pulmatrix,$6.75 M,USA
652, ğŸ’Š Pharmaceuticals,Cingulate,$6.69 M,USA
653, ğŸ’Š Pharmaceuticals,Lipella Pharmaceuticals,$6.38 M,USA
654, ğŸ’Š Pharmaceuticals,Titan Pharmaceuticals,$5.58 M,USA
655, ğŸ’Š Pharmaceuticals,Eterna Therapeutics,$5.35 M,USA
656, ğŸ’Š Pharmaceuticals,Cyclerion Therapeutics,$5.18 M,USA
657, ğŸ’Š Pharmaceuticals,Agile Therapeutics,$5.17 M,USA
658, ğŸ’Š Pharmaceuticals,Avalon GloboCare,$5.01 M,USA
659, ğŸ’Š Pharmaceuticals,BiondVax,$4.96 M,Israel
660, ğŸ’Š Pharmaceuticals,Biofrontera,$4.89 M,USA
661, ğŸ’Š Pharmaceuticals,Xenetic Biosciences,$4.82 M,USA
662, ğŸ’Š Pharmaceuticals,Hoth Therapeutics,$4.69 M,USA
663, ğŸ’Š Pharmaceuticals,Monopar Therapeutics,$4.59 M,USA
664, ğŸ’Š Pharmaceuticals,Mallinckrodt Pharmaceuticals,$4.52 M,UK
665, ğŸ’Š Pharmaceuticals,Aptinyx,$4.4 M,USA
666, ğŸ’Š Pharmaceuticals,Soligenix,$4.35 M,USA
667, ğŸ’Š Pharmaceuticals,Quoin Pharmaceuticals,$4.24 M,USA
668, ğŸ’Š Pharmaceuticals,Evoke Pharma,$4.19 M,USA
669, ğŸ’Š Pharmaceuticals,Hillstream BioPharma,$4.17 M,USA
670, ğŸ’Š Pharmaceuticals,Lucy Scientific Discovery,$3.88 M,Canada
671, ğŸ’Š Pharmaceuticals,Advaxis,$3.87 M,USA
672, ğŸ’Š Pharmaceuticals,Redhill Biopharma,$3.44 M,Israel
673, ğŸ’Š Pharmaceuticals,PainReform,$3.35 M,Israel
674, ğŸ’Š Pharmaceuticals,RVL Pharmaceuticals,$3.14 M,USA
675, ğŸ’Š Pharmaceuticals,Baudax Bio,$2.81 M,USA
676, ğŸ’Š Pharmaceuticals,Petros Pharmaceuticals,$2.79 M,USA
677, ğŸ’Š Pharmaceuticals,Ensysce Biosciences,$2.74 M,USA
678, ğŸ’Š Pharmaceuticals,Adial Pharmaceuticals,$2.6 M,USA
679, ğŸ’Š Pharmaceuticals,180 Life Sciences,$2.53 M,USA
680, ğŸ’Š Pharmaceuticals,Sonoma Pharmaceuticals,$2.39 M,USA
681, ğŸ’Š Pharmaceuticals,Altamira Therapeutics,$2.37 M,Bermuda
682, ğŸ’Š Pharmaceuticals,PaxMedica,$2.33 M,USA
683, ğŸ’Š Pharmaceuticals,Phio Pharmaceuticals,$2.27 M,USA
684, ğŸ’Š Pharmaceuticals,JanOne,$1.97 M,USA
685, ğŸ’Š Pharmaceuticals,Ampio Pharmaceuticals,$1.59 M,USA
686, ğŸ’Š Pharmaceuticals,Athersys,$1.23 M,USA
687, ğŸ’Š Pharmaceuticals,Galmed Pharmaceuticals,$1.17 M,Israel
688, ğŸ’Š Pharmaceuticals,Endo International,$1.17 M,Ireland
689, ğŸ’Š Pharmaceuticals,Evofem Biosciences,$0.69 M,USA
690, ğŸ’Š Pharmaceuticals,Bellerophon Therapeutics,$0.4 M,USA
691, ğŸ’Š Pharmaceuticals,ContraFect,$0.35 M,USA
692, ğŸ’Š Pharmaceuticals,Calithera Biosciences,$0.14 M,USA
693, ğŸ’Š Pharmaceuticals,Humanigen,$0.09 M,USA
694, ğŸ’Š Pharmaceuticals,Genocea Biosciences,$0 M,USA
695, ğŸ’Š Pharmaceuticals,Allena Pharmaceuticals,$0 M,USA