Rank,Company,PE_Ratio,Category,Country
1,JanOne,0.115, ğŸ’Š Pharmaceuticals,USA
2,Adial Pharmaceuticals,0.1381, ğŸ’Š Pharmaceuticals,USA
3,Chimerix,0.4664, ğŸ’Š Pharmaceuticals,USA
4,TherapeuticsMD,0.578, ğŸ’Š Pharmaceuticals,USA
5,Assertio Therapeutics,0.62, ğŸ’Š Pharmaceuticals,USA
6,Theravance Biopharma,0.9129, ğŸ’Š Pharmaceuticals,Cayman Islands
7,SCYNEXIS,1.72, ğŸ’Š Pharmaceuticals,USA
8,ProKidney,1.81, ğŸ’Š Pharmaceuticals,USA
9,Omeros Corporation,2.81, ğŸ’Š Pharmaceuticals,USA
10,Voyager Therapeutics,2.88, ğŸ’Š Pharmaceuticals,USA
11,Zymeworks,2.97, ğŸ’Š Pharmaceuticals,Canada
12,Intercept Pharmaceuticals,2.97, ğŸ’Š Pharmaceuticals,USA
13,Ocuphire Pharma,3.16, ğŸ’Š Pharmaceuticals,USA
14,Procaps Group,4.61, ğŸ’Š Pharmaceuticals,Luxembourg
15,Organon,4.89, ğŸ’Š Pharmaceuticals,USA
16,InterCure,5.1, ğŸ’Š Pharmaceuticals,Israel
17,BioNTech,5.23, ğŸ’Š Pharmaceuticals,Germany
18,Morphosys,6.0, ğŸ’Š Pharmaceuticals,Germany
19,Viatris,6.12, ğŸ’Š Pharmaceuticals,USA
20,Sinopharm,6.39, ğŸ’Š Pharmaceuticals,China
21,Baxter,7.01, ğŸ’Š Pharmaceuticals,USA
22,Precigen,7.6, ğŸ’Š Pharmaceuticals,USA
23,Arcturus Therapeutics,7.77, ğŸ’Š Pharmaceuticals,USA
24,Maravai LifeSciences,9.08, ğŸ’Š Pharmaceuticals,USA
25,Shionogi,9.67, ğŸ’Š Pharmaceuticals,Japan
26,Eagle Pharmaceuticals,9.78, ğŸ’Š Pharmaceuticals,USA
27,GlaxoSmithKline,10.1, ğŸ’Š Pharmaceuticals,UK
28,CVS Health,10.4, ğŸ’Š Pharmaceuticals,USA
29,Bavarian Nordic,10.5, ğŸ’Š Pharmaceuticals,Denmark
30,Aspen Pharmacare,10.5, ğŸ’Š Pharmaceuticals,South Africa
31,Johnson & Johnson,10.7, ğŸ’Š Pharmaceuticals,USA
32,Ono Pharmaceutical,11.0, ğŸ’Š Pharmaceuticals,Japan
33,Harmony Biosciences,11.3, ğŸ’Š Pharmaceuticals,USA
34,Faes Farma,11.4, ğŸ’Š Pharmaceuticals,Spain
35,United Therapeutics,11.9, ğŸ’Š Pharmaceuticals,USA
36,Bristol-Myers Squibb,12.4, ğŸ’Š Pharmaceuticals,USA
37,POINT Biopharma,12.5, ğŸ’Š Pharmaceuticals,USA
38,Biogen,12.5, ğŸ’Š Pharmaceuticals,USA
39,Catalyst Pharmaceuticals,12.6, ğŸ’Š Pharmaceuticals,USA
40,Vanda Pharmaceuticals,13.0, ğŸ’Š Pharmaceuticals,USA
41,Lundbeck,13.6, ğŸ’Š Pharmaceuticals,Denmark
42,SIGA Technologies,14.1, ğŸ’Š Pharmaceuticals,USA
43,Protalix BioTherapeutics,14.1, ğŸ’Š Pharmaceuticals,Israel
44,Sanofi,14.6, ğŸ’Š Pharmaceuticals,France
45,Nippon Shinyaku,14.7, ğŸ’Š Pharmaceuticals,Japan
46,Laboratorios Farmaceuticos Rovi,15.2, ğŸ’Š Pharmaceuticals,Spain
47,Otsuka Holdings,15.4, ğŸ’Š Pharmaceuticals,Japan
48,Dynavax Technologies,15.5, ğŸ’Š Pharmaceuticals,USA
49,Richter Gedeon,15.9, ğŸ’Š Pharmaceuticals,Hungary
50,Roche,15.9, ğŸ’Š Pharmaceuticals,Switzerland
51,Pfizer,16.3, ğŸ’Š Pharmaceuticals,USA
52,Innoviva,16.8, ğŸ’Š Pharmaceuticals,USA
53,Gilead Sciences,17.2, ğŸ’Š Pharmaceuticals,USA
54,PeptiDream,17.5, ğŸ’Š Pharmaceuticals,Japan
55,Natco Pharma,17.6, ğŸ’Š Pharmaceuticals,India
56,Dr. Reddy's,18.2, ğŸ’Š Pharmaceuticals,India
57,Amgen,18.7, ğŸ’Š Pharmaceuticals,USA
58,Alkermes,18.8, ğŸ’Š Pharmaceuticals,Ireland
59,Granules India,20.0, ğŸ’Š Pharmaceuticals,India
60,Marksans Pharma,21.3, ğŸ’Š Pharmaceuticals,India
61,Regeneron Pharmaceuticals,21.4, ğŸ’Š Pharmaceuticals,USA
62,kyowa Kirin,21.9, ğŸ’Š Pharmaceuticals,Japan
63,Indivior PLC,21.9, ğŸ’Š Pharmaceuticals,USA
64,KYORIN Pharmaceutical,22.0, ğŸ’Š Pharmaceuticals,Japan
65,Galenica,22.3, ğŸ’Š Pharmaceuticals,Switzerland
66,Chugai Pharmaceutical,22.4, ğŸ’Š Pharmaceuticals,Japan
67,Halozyme Therapeutics,23.1, ğŸ’Š Pharmaceuticals,USA
68,Bliss GVS Pharma,23.3, ğŸ’Š Pharmaceuticals,India
69,Merck KGaA,23.3, ğŸ’Š Pharmaceuticals,Germany
70,Eisai,23.6, ğŸ’Š Pharmaceuticals,Japan
71,Rohto Pharmaceutical,23.6, ğŸ’Š Pharmaceuticals,Japan
72,Taisho Pharmaceutical,23.6, ğŸ’Š Pharmaceuticals,Japan
73,KOBAYASHI Pharmaceutical,23.9, ğŸ’Š Pharmaceuticals,Japan
74,Recordati,24.1, ğŸ’Š Pharmaceuticals,Italy
75,Medios AG,24.4, ğŸ’Š Pharmaceuticals,Germany
76,Aarti Drugs,24.6, ğŸ’Š Pharmaceuticals,India
77,Clicks Group,24.7, ğŸ’Š Pharmaceuticals,South Africa
78,Zydus Lifesciences,25.3, ğŸ’Š Pharmaceuticals,India
79,Novartis,26.0, ğŸ’Š Pharmaceuticals,Switzerland
80,WuXi AppTec,26.4, ğŸ’Š Pharmaceuticals,China
81,Amphastar Pharmaceuticals,26.7, ğŸ’Š Pharmaceuticals,USA
82,Alembic Pharmaceuticals,26.7, ğŸ’Š Pharmaceuticals,India
83,Vertex Pharmaceuticals,27.0, ğŸ’Š Pharmaceuticals,USA
84,Incyte,28.1, ğŸ’Š Pharmaceuticals,USA
85,LabCorp,28.1, ğŸ’Š Pharmaceuticals,USA
86,Hanmi Pharmaceutical,28.2, ğŸ’Š Pharmaceuticals,S. Korea
87,Indoco Remedies,28.3, ğŸ’Š Pharmaceuticals,India
88,Corcept Therapeutics,28.8, ğŸ’Š Pharmaceuticals,USA
89,FDC India,28.9, ğŸ’Š Pharmaceuticals,India
90,Hansoh Pharma,29.2, ğŸ’Š Pharmaceuticals,China
91,Astellas Pharma,29.2, ğŸ’Š Pharmaceuticals,Japan
92,Cipla,29.5, ğŸ’Š Pharmaceuticals,India
93,Orion Corporation,29.8, ğŸ’Š Pharmaceuticals,Finland
94,Takeda Pharmaceutical,30.2, ğŸ’Š Pharmaceuticals,Japan
95,Neuland Laboratories,30.8, ğŸ’Š Pharmaceuticals,India
96,Aurobindo Pharma,30.9, ğŸ’Š Pharmaceuticals,India
97,Sanofi India Limited,31.0, ğŸ’Š Pharmaceuticals,India
98,Medpace,31.3, ğŸ’Š Pharmaceuticals,USA
99,Genmab,31.4, ğŸ’Š Pharmaceuticals,Denmark
100,UCB,31.6, ğŸ’Š Pharmaceuticals,Belgium
101,RPG Life Sciences,32.0, ğŸ’Š Pharmaceuticals,India
102,AstraZeneca,32.0, ğŸ’Š Pharmaceuticals,UK
103,Swedish Orphan Biovitrum,32.9, ğŸ’Š Pharmaceuticals,Sweden
104,Sun Pharmaceutical,33.5, ğŸ’Š Pharmaceuticals,India
105,Hualan Biological Engineering,33.9, ğŸ’Š Pharmaceuticals,China
106,Pharma Mar,34.2, ğŸ’Š Pharmaceuticals,Spain
107,Hikal,34.2, ğŸ’Š Pharmaceuticals,India
108,Supernus Pharmaceuticals,34.7, ğŸ’Š Pharmaceuticals,USA
109,Novo Nordisk,36.2, ğŸ’Š Pharmaceuticals,Denmark
110,Zoetis,36.5, ğŸ’Š Pharmaceuticals,USA
111,Gland Pharma,37.4, ğŸ’Š Pharmaceuticals,India
112,AbbVie,37.6, ğŸ’Š Pharmaceuticals,USA
113,Cosmo Pharmaceuticals,38.4, ğŸ’Š Pharmaceuticals,Ireland
114,Bio-Techne,40.5, ğŸ’Š Pharmaceuticals,USA
115,ICON plc,43.4, ğŸ’Š Pharmaceuticals,Ireland
116,Celltrion,44.3, ğŸ’Š Pharmaceuticals,S. Korea
117,Hester Biosciences,44.3, ğŸ’Š Pharmaceuticals,India
118,West Pharmaceutical,46.8, ğŸ’Š Pharmaceuticals,USA
119,Alkem Laboratories,46.8, ğŸ’Š Pharmaceuticals,India
120,Abbott India,48.4, ğŸ’Š Pharmaceuticals,India
121,Mankind Pharma,49.2, ğŸ’Š Pharmaceuticals,India
122,Daiichi SankyÅ,49.4, ğŸ’Š Pharmaceuticals,Japan
123,Royalty Pharma,49.4, ğŸ’Š Pharmaceuticals,UK
124,Torrent Pharmaceuticals,52.7, ğŸ’Š Pharmaceuticals,India
125,Bachem,53.9, ğŸ’Š Pharmaceuticals,Switzerland
126,Laurus Labs,54.4, ğŸ’Š Pharmaceuticals,India
127,Ipca Laboratories,55.5, ğŸ’Š Pharmaceuticals,India
128,Merck,55.8, ğŸ’Š Pharmaceuticals,USA
129,Lupin Limited,56.2, ğŸ’Š Pharmaceuticals,India
130,Neurocrine Biosciences,56.6, ğŸ’Š Pharmaceuticals,USA
131,MacroGenics,56.8, ğŸ’Š Pharmaceuticals,USA
132,Yuhan,57.8, ğŸ’Š Pharmaceuticals,S. Korea
133,Kamada,59.4, ğŸ’Š Pharmaceuticals,Israel
134,ALK-AbellÃ³,59.8, ğŸ’Š Pharmaceuticals,Denmark
135,Horizon Therapeutics,60.6, ğŸ’Š Pharmaceuticals,Ireland
136,Taro Pharmaceutical,60.6, ğŸ’Š Pharmaceuticals,Israel
137,Divis Laboratories,65.5, ğŸ’Š Pharmaceuticals,India
138,Biocon,65.9, ğŸ’Š Pharmaceuticals,India
139,Jiangsu Hengrui Medicine,72.5, ğŸ’Š Pharmaceuticals,China
140,Exelixis,75.9, ğŸ’Š Pharmaceuticals,USA
141,Glenmark Pharmaceuticals,84.9, ğŸ’Š Pharmaceuticals,India
142,PolyPeptide Group,87.2, ğŸ’Š Pharmaceuticals,Switzerland
143,Kala Pharmaceuticals,89.0, ğŸ’Š Pharmaceuticals,USA
144,Eli Lilly,110.0, ğŸ’Š Pharmaceuticals,USA
145,BioMarin Pharmaceutical,114.0, ğŸ’Š Pharmaceuticals,USA
146,Dechra Pharmaceuticals,, ğŸ’Š Pharmaceuticals,UK
147,Bayer,-9.1, ğŸ’Š Pharmaceuticals,Germany
148,Teva Pharmaceutical Industries,-4.73, ğŸ’Š Pharmaceuticals,Israel
149,Evotec,-30.4, ğŸ’Š Pharmaceuticals,Germany
150,Innate Pharma,-3.04, ğŸ’Š Pharmaceuticals,France
152,Moderna,-8.55, ğŸ’Š Pharmaceuticals,USA
153,Sino Biopharmaceutical,22.2, ğŸ’Š Pharmaceuticals,China
154,Alnylam Pharmaceuticals,-39.6, ğŸ’Š Pharmaceuticals,USA
155,Argenx,-118.0, ğŸ’Š Pharmaceuticals,Netherlands
156,Bausch Health,-2.59, ğŸ’Š Pharmaceuticals,Canada
157,BeiGene,-11.0, ğŸ’Š Pharmaceuticals,China
158,Sarepta Therapeutics,-10.7, ğŸ’Š Pharmaceuticals,USA
159,Catalent,-30.7, ğŸ’Š Pharmaceuticals,USA
160,Cara Therapeutics,-0.4671, ğŸ’Š Pharmaceuticals,USA
161,CRISPR Therapeutics,-13.3, ğŸ’Š Pharmaceuticals,Switzerland
162,Editas Medicine,-3.54, ğŸ’Š Pharmaceuticals,USA
163,Beam Therapeutics,-6.53, ğŸ’Š Pharmaceuticals,USA
164,Intellia Therapeutics,-5.54, ğŸ’Š Pharmaceuticals,USA
165,Cellectis,-1.42, ğŸ’Š Pharmaceuticals,France
166,Frequency Therapeutics,-0.1585, ğŸ’Š Pharmaceuticals,USA
167,Shinpoong Pharm,-16.3, ğŸ’Š Pharmaceuticals,S. Korea
168,Redhill Biopharma,-0.0831, ğŸ’Š Pharmaceuticals,Israel
169,RAPT Therapeutics,-5.08, ğŸ’Š Pharmaceuticals,USA
170,ImmunoGen,-52.1, ğŸ’Š Pharmaceuticals,USA
171,VBI Vaccines,-0.0399, ğŸ’Š Pharmaceuticals,USA
172,Y-mAbs Therapeutics,-6.12, ğŸ’Š Pharmaceuticals,USA
173,Ascendis Pharma,-8.12, ğŸ’Š Pharmaceuticals,Denmark
174,Sumitomo Pharma,-1.32, ğŸ’Š Pharmaceuticals,Japan
175,Santen Pharmaceutical,-47.0, ğŸ’Š Pharmaceuticals,Japan
176,ORIC Pharmaceuticals,-3.35, ğŸ’Š Pharmaceuticals,USA
177,Protagonist Therapeutics,-6.28, ğŸ’Š Pharmaceuticals,USA
178,Sangamo Therapeutics,-0.2488, ğŸ’Š Pharmaceuticals,USA
179,Rocket Pharmaceuticals,-6.62, ğŸ’Š Pharmaceuticals,USA
180,Perrigo,-60.9, ğŸ’Š Pharmaceuticals,Ireland
181,Cytokinetics,-5.61, ğŸ’Š Pharmaceuticals,USA
182,Ironwood Pharmaceuticals,-1.61, ğŸ’Š Pharmaceuticals,USA
183,Strides Pharma,-19.2, ğŸ’Š Pharmaceuticals,India
184,SPARC,-31.5, ğŸ’Š Pharmaceuticals,India
185,Sequent Scientific,-18.9, ğŸ’Š Pharmaceuticals,India
186,Akebia Therapeutics,-1.55, ğŸ’Š Pharmaceuticals,USA
187,Quince Therapeutics,-1.08, ğŸ’Š Pharmaceuticals,USA
188,Mersana Therapeutics,-0.7328, ğŸ’Š Pharmaceuticals,USA
189,Nectar Lifesciences,-24.5, ğŸ’Š Pharmaceuticals,India
190,Agile Therapeutics,-0.0521, ğŸ’Š Pharmaceuticals,USA
191,BridgeBio Pharma,-7.56, ğŸ’Š Pharmaceuticals,USA
192,Aldeyra Therapeutics,-2.84, ğŸ’Š Pharmaceuticals,USA
193,Arbutus Biopharma,-4.0, ğŸ’Š Pharmaceuticals,USA
194,Unity Biotechnology,-0.5088, ğŸ’Š Pharmaceuticals,USA
195,Aquestive Therapeutics,-4.98, ğŸ’Š Pharmaceuticals,USA
196,Lineage Cell Therapeutics,-7.69, ğŸ’Š Pharmaceuticals,USA
197,Veru,-0.7075, ğŸ’Š Pharmaceuticals,USA
198,Ampio Pharmaceuticals,-0.1341, ğŸ’Š Pharmaceuticals,USA
199,Fortress Biotech,-0.2039, ğŸ’Š Pharmaceuticals,USA
200,Verastem Oncology,-1.47, ğŸ’Š Pharmaceuticals,USA
201,Evofem Biosciences,0.0006, ğŸ’Š Pharmaceuticals,USA
202,VYNE Therapeutics,-0.3533, ğŸ’Š Pharmaceuticals,USA
203,Matinas BioPharma,-1.97, ğŸ’Š Pharmaceuticals,USA
204,ADMA Biologics,-19.8, ğŸ’Š Pharmaceuticals,USA
205,Nymox Pharmaceutical,-3.33, ğŸ’Š Pharmaceuticals,Bahamas
206,Axsome Therapeutics,-14.0, ğŸ’Š Pharmaceuticals,USA
207,Affimed,-0.6316, ğŸ’Š Pharmaceuticals,Germany
208,Cormedix,-4.26, ğŸ’Š Pharmaceuticals,USA
209,Nektar Therapeutics,-0.3031, ğŸ’Š Pharmaceuticals,USA
210,Pieris Pharmaceuticals,-0.5514, ğŸ’Š Pharmaceuticals,USA
211,Genprex,-0.4166, ğŸ’Š Pharmaceuticals,USA
212,electroCore,-1.17, ğŸ’Š Pharmaceuticals,USA
213,Lexicon Pharmaceuticals,-1.62, ğŸ’Š Pharmaceuticals,USA
214,Lipocine,-1.12, ğŸ’Š Pharmaceuticals,USA
215,Aytu BioScience,-0.2444, ğŸ’Š Pharmaceuticals,USA
216,Corbus Pharmaceuticals,-0.3909, ğŸ’Š Pharmaceuticals,USA
217,Leap Therapeutics,-0.4393, ğŸ’Š Pharmaceuticals,USA
218,Outlook Therapeutics,-1.8, ğŸ’Š Pharmaceuticals,USA
219,vTv Therapeutics,-44.8, ğŸ’Š Pharmaceuticals,USA
220,Tonix Pharmaceuticals,-0.0351, ğŸ’Š Pharmaceuticals,USA
221,Capricor Therapeutics,-2.55, ğŸ’Š Pharmaceuticals,USA
222,Bellerophon Therapeutics,-0.0273, ğŸ’Š Pharmaceuticals,USA
223,AcelRx Pharmaceuticals,-0.2071, ğŸ’Š Pharmaceuticals,USA
224,Galmed Pharmaceuticals,-0.044, ğŸ’Š Pharmaceuticals,Israel
225,Abeona Therapeutics,-1.38, ğŸ’Š Pharmaceuticals,USA
226,Avalon GloboCare,-0.327, ğŸ’Š Pharmaceuticals,USA
227,Zynerba Pharmaceuticals,-1.63, ğŸ’Š Pharmaceuticals,USA
228,Immutep,-25.0, ğŸ’Š Pharmaceuticals,Australia
229,AIM ImmunoTech,-1.06, ğŸ’Š Pharmaceuticals,USA
230,Solid Biosciences,-0.4242, ğŸ’Š Pharmaceuticals,USA
231,Synlogic,-0.1975, ğŸ’Š Pharmaceuticals,USA
232,X4 Pharmaceuticals,-0.7323, ğŸ’Š Pharmaceuticals,USA
233,ContraFect,-0.0012, ğŸ’Š Pharmaceuticals,USA
234,Evoke Pharma,-0.5316, ğŸ’Š Pharmaceuticals,USA
235,Genocea Biosciences,-0.0002, ğŸ’Š Pharmaceuticals,USA
236,Cyclerion Therapeutics,-0.165, ğŸ’Š Pharmaceuticals,USA
237,Galectin Therapeutics,-3.08, ğŸ’Š Pharmaceuticals,USA
238,InflaRx,-1.89, ğŸ’Š Pharmaceuticals,Germany
239,Oncolytics Biotech,-4.79, ğŸ’Š Pharmaceuticals,Canada
240,Karuna Therapeutics,-17.2, ğŸ’Š Pharmaceuticals,USA
241,Organovo,-0.5922, ğŸ’Š Pharmaceuticals,USA
242,Aptorum Group,-0.0582, ğŸ’Š Pharmaceuticals,Hong Kong
243,Dare Bioscience,-0.7215, ğŸ’Š Pharmaceuticals,USA
244,EyePoint Pharmaceuticals,-2.26, ğŸ’Š Pharmaceuticals,USA
245,Oragenics,-0.5969, ğŸ’Š Pharmaceuticals,USA
246,VistaGen Therapeutics,-0.5194, ğŸ’Š Pharmaceuticals,USA
247,Baudax Bio,-0.0006, ğŸ’Š Pharmaceuticals,USA
248,Titan Pharmaceuticals,-0.653, ğŸ’Š Pharmaceuticals,USA
249,Adaptive Biotechnologies,-3.2, ğŸ’Š Pharmaceuticals,USA
250,BB Biotech,-2.81, ğŸ’Š Pharmaceuticals,Switzerland
251,Pulmatrix,-0.3814, ğŸ’Š Pharmaceuticals,USA
252,Acorda Therapeutics,-1.02, ğŸ’Š Pharmaceuticals,USA
253,Zomedica Pharmaceuticals,-7.35, ğŸ’Š Pharmaceuticals,USA
254,Sellas Life Sciences,-0.6516, ğŸ’Š Pharmaceuticals,USA
255,Achieve Life Sciences,-1.66, ğŸ’Š Pharmaceuticals,Canada
256,Merrimack Pharmaceuticals,-116.0, ğŸ’Š Pharmaceuticals,USA
257,Curis,-0.838, ğŸ’Š Pharmaceuticals,USA
258,Milestone Pharmaceuticals,-1.93, ğŸ’Š Pharmaceuticals,Canada
259,Mesoblast,0.0333, ğŸ’Š Pharmaceuticals,Australia
260,NuCana,-0.5969, ğŸ’Š Pharmaceuticals,UK
261,Summit Therapeutics,-1.16, ğŸ’Š Pharmaceuticals,UK
262,Seelos Therapeutics,-0.2462, ğŸ’Š Pharmaceuticals,USA
263,Anixa Biosciences,-8.17, ğŸ’Š Pharmaceuticals,USA
264,Corvus Pharmaceuticals,-1.68, ğŸ’Š Pharmaceuticals,USA
265,Aileron Therapeutics,-0.6504, ğŸ’Š Pharmaceuticals,USA
266,Savara Pharmaceuticals,-13.0, ğŸ’Š Pharmaceuticals,USA
267,Acasti Pharma,-0.3706, ğŸ’Š Pharmaceuticals,Canada
268,Onconova Therapeutics,-0.6548, ğŸ’Š Pharmaceuticals,USA
269,Advaxis,-0.134, ğŸ’Š Pharmaceuticals,USA
270,AgeX Therapeutics,-1.33, ğŸ’Š Pharmaceuticals,USA
271,Allena Pharmaceuticals,0.0, ğŸ’Š Pharmaceuticals,USA
272,IMV,-0.1679, ğŸ’Š Pharmaceuticals,Canada
273,Mallinckrodt Pharmaceuticals,-0.0028, ğŸ’Š Pharmaceuticals,UK
274,Rockwell Medical,-2.09, ğŸ’Š Pharmaceuticals,USA
275,Ocugen,-1.05, ğŸ’Š Pharmaceuticals,USA
276,Soligenix,-0.158, ğŸ’Š Pharmaceuticals,USA
277,Regulus Therapeutics,-0.7692, ğŸ’Š Pharmaceuticals,USA
278,Curevac,-3.42, ğŸ’Š Pharmaceuticals,Germany
279,Can Fite Biopharma,-0.7656, ğŸ’Š Pharmaceuticals,Israel
280,Hepion Pharmaceuticals,-0.25, ğŸ’Š Pharmaceuticals,USA
281,Citius Pharmaceuticals,-3.84, ğŸ’Š Pharmaceuticals,USA
282,NanoViricides,-1.84, ğŸ’Š Pharmaceuticals,USA
283,Clearside Biomedical,-1.69, ğŸ’Š Pharmaceuticals,USA
284,Cocrystal Pharma,-0.6507, ğŸ’Š Pharmaceuticals,USA
285,PDS Biotechnology,-3.8, ğŸ’Š Pharmaceuticals,USA
286,Karyopharm Therapeutics,-0.5383, ğŸ’Š Pharmaceuticals,USA
287,Tilray,-0.792, ğŸ’Š Pharmaceuticals,Canada
288,Vaxart,-0.9487, ğŸ’Š Pharmaceuticals,USA
289,XBiotech,-3.81, ğŸ’Š Pharmaceuticals,USA
290,Enanta Pharmaceuticals,-1.42, ğŸ’Š Pharmaceuticals,USA
291,AVROBIO,-9.77, ğŸ’Š Pharmaceuticals,USA
292,Kiniksa Pharmaceuticals,-144.0, ğŸ’Š Pharmaceuticals,Bermuda
293,Cel-Sci,-3.05, ğŸ’Š Pharmaceuticals,USA
294,Rigel Pharmaceuticals,-4.32, ğŸ’Š Pharmaceuticals,USA
295,Codexis,-2.31, ğŸ’Š Pharmaceuticals,USA
296,Kura Oncology,-4.58, ğŸ’Š Pharmaceuticals,USA
297,G1 Therapeutics,-1.17, ğŸ’Š Pharmaceuticals,USA
298,Walgreens Boots Alliance,-5.39, ğŸ’Š Pharmaceuticals,USA
299,Rite Aid,-0.0219, ğŸ’Š Pharmaceuticals,USA
300,Vericel,-127.0, ğŸ’Š Pharmaceuticals,USA
301,Amneal Pharmaceuticals,-223.0, ğŸ’Š Pharmaceuticals,USA
302,CymaBay Therapeutics,-20.3, ğŸ’Š Pharmaceuticals,USA
303,Geron,-5.74, ğŸ’Š Pharmaceuticals,USA
304,Avid Bioservices,-121.0, ğŸ’Š Pharmaceuticals,USA
305,Coherus BioSciences,-0.6084, ğŸ’Š Pharmaceuticals,USA
306,MannKind Corp,-19.2, ğŸ’Š Pharmaceuticals,USA
307,Collegium Pharmaceutical,-78.7, ğŸ’Š Pharmaceuticals,USA
308,BioCryst Pharmaceuticals,-4.3, ğŸ’Š Pharmaceuticals,USA
309,AbCellera,-17.0, ğŸ’Š Pharmaceuticals,Canada
310,Ovid Therapeutics,-4.77, ğŸ’Š Pharmaceuticals,USA
311,Calithera Biosciences,-0.0055, ğŸ’Š Pharmaceuticals,USA
312,Avadel Pharmaceuticals,-5.5, ğŸ’Š Pharmaceuticals,Ireland
313,Cytosorbents,-2.07, ğŸ’Š Pharmaceuticals,USA
314,ProQR,-1.96, ğŸ’Š Pharmaceuticals,Netherlands
315,iBio,-0.0332, ğŸ’Š Pharmaceuticals,USA
316,Precision BioSciences,-0.5232, ğŸ’Š Pharmaceuticals,USA
317,Selecta Biosciences,-3.83, ğŸ’Š Pharmaceuticals,USA
318,Amarin Corporation,-6.08, ğŸ’Š Pharmaceuticals,Ireland
319,Harpoon Therapeutics,-1.09, ğŸ’Š Pharmaceuticals,USA
320,Minerva Neurosciences,-1.01, ğŸ’Š Pharmaceuticals,USA
321,Marinus Pharmaceuticals,-55.3, ğŸ’Š Pharmaceuticals,USA
322,Aptose Biosciences,-0.3107, ğŸ’Š Pharmaceuticals,Canada
323,Athersys,-0.0066, ğŸ’Š Pharmaceuticals,USA
324,GlycoMimetics,-2.34, ğŸ’Š Pharmaceuticals,USA
325,Endo International,-0.0012, ğŸ’Š Pharmaceuticals,Ireland
326,Syndax Pharmaceuticals,-6.32, ğŸ’Š Pharmaceuticals,USA
327,Aptinyx,-0.0663, ğŸ’Š Pharmaceuticals,USA
328,AnaptysBio,-2.74, ğŸ’Š Pharmaceuticals,USA
329,BrainStorm Cell Therapeutics,-0.4341, ğŸ’Š Pharmaceuticals,USA
330,Ardelyx,-35.9, ğŸ’Š Pharmaceuticals,USA
331,REGENXBIO,-3.03, ğŸ’Š Pharmaceuticals,USA
332,MediciNova,-7.6, ğŸ’Š Pharmaceuticals,USA
333,Xeris Pharmaceuticals,-3.35, ğŸ’Š Pharmaceuticals,USA
334,Anavex Life Sciences,-10.2, ğŸ’Š Pharmaceuticals,USA
335,Humanigen,-0.0015, ğŸ’Š Pharmaceuticals,USA
336,Atossa Therapeutics,-3.07, ğŸ’Š Pharmaceuticals,USA
337,Iterum Therapeutics,-0.458, ğŸ’Š Pharmaceuticals,Ireland
338,Tempest Therapeutics,-1.76, ğŸ’Š Pharmaceuticals,USA
339,NRx Pharmaceuticals,-0.5233, ğŸ’Š Pharmaceuticals,USA
340,PainReform,-0.2367, ğŸ’Š Pharmaceuticals,Israel
341,AC Immune,-3.5, ğŸ’Š Pharmaceuticals,Switzerland
342,Adverum Biotechnologies,-0.6317, ğŸ’Š Pharmaceuticals,USA
343,Orchard Therapeutics,-2.62, ğŸ’Š Pharmaceuticals,UK
344,Ocular Therapeutix,-1.92, ğŸ’Š Pharmaceuticals,USA
345,CytomX Therapeutics,-1.54, ğŸ’Š Pharmaceuticals,USA
346,Adaptimmune Therapeutics,-0.8412, ğŸ’Š Pharmaceuticals,UK
347,BeyondSpring,-0.5549, ğŸ’Š Pharmaceuticals,USA
348,HUTCHMED,-17.4, ğŸ’Š Pharmaceuticals,Hong Kong
350,WuXi Biologics,47.5, ğŸ’Š Pharmaceuticals,China
351,Viking Therapeutics,-12.4, ğŸ’Š Pharmaceuticals,USA
352,Immunic,-0.3061, ğŸ’Š Pharmaceuticals,USA
353,Agenus,-0.7988, ğŸ’Š Pharmaceuticals,USA
354,Syros Pharmaceuticals,-0.4825, ğŸ’Š Pharmaceuticals,USA
355,Altimmune,-1.57, ğŸ’Š Pharmaceuticals,USA
356,Valneva SE,-4.8, ğŸ’Š Pharmaceuticals,France
357,Fate Therapeutics,-1.1, ğŸ’Š Pharmaceuticals,USA
358,Trevena,-0.1281, ğŸ’Š Pharmaceuticals,USA
359,Esperion Therapeutics,-0.4291, ğŸ’Š Pharmaceuticals,USA
360,Mind Medicine,-1.38, ğŸ’Š Pharmaceuticals,USA
361,Eterna Therapeutics,-0.1755, ğŸ’Š Pharmaceuticals,USA
362,Rafael Holdings,-25.7, ğŸ’Š Pharmaceuticals,USA
363,Jazz Pharmaceuticals,-86.3, ğŸ’Š Pharmaceuticals,Ireland
364,Relay Therapeutics,-2.77, ğŸ’Š Pharmaceuticals,USA
365,Morphic Therapeutic,-7.14, ğŸ’Š Pharmaceuticals,USA
366,C4 Therapeutics,-0.5527, ğŸ’Š Pharmaceuticals,USA
367,Cerevel Therapeutics,-9.74, ğŸ’Š Pharmaceuticals,USA
368,Avidity Biosciences,-2.0, ğŸ’Š Pharmaceuticals,USA
369,Lumos Pharma,-0.6539, ğŸ’Š Pharmaceuticals,USA
370,Aprea Therapeutics,-0.6655, ğŸ’Š Pharmaceuticals,USA
371,180 Life Sciences,-0.0142, ğŸ’Š Pharmaceuticals,USA
372,Kymera Therapeutics,-6.88, ğŸ’Š Pharmaceuticals,USA
373,iTeos Therapeutics,-12.3, ğŸ’Š Pharmaceuticals,USA
374,Gossamer Bio,-0.3303, ğŸ’Š Pharmaceuticals,USA
375,Prothena,-11.9, ğŸ’Š Pharmaceuticals,Ireland
376,Emergent BioSolutions,-0.173, ğŸ’Š Pharmaceuticals,USA
377,Atea Pharmaceuticals,-2.19, ğŸ’Š Pharmaceuticals,USA
378,Inhibrx,-5.07, ğŸ’Š Pharmaceuticals,USA
379,Scholar Rock Holding,-5.75, ğŸ’Š Pharmaceuticals,USA
380,Generation Bio,-0.5529, ğŸ’Š Pharmaceuticals,USA
381,bluebird bio,-3.72, ğŸ’Š Pharmaceuticals,USA
382,Ginkgo Bioworks,-1.97, ğŸ’Š Pharmaceuticals,USA
383,aTyr Pharma,-0.9512, ğŸ’Š Pharmaceuticals,USA
384,Novavax,-0.751, ğŸ’Š Pharmaceuticals,USA
385,Tiziana Life Sciences,-2.35, ğŸ’Š Pharmaceuticals,UK
386,Nautilus Biotechnology,-5.86, ğŸ’Š Pharmaceuticals,USA
387,Zai Lab,-6.7, ğŸ’Š Pharmaceuticals,China
388,Legend Biotech,-18.4, ğŸ’Š Pharmaceuticals,USA
389,Nuvation Bio,-3.07, ğŸ’Š Pharmaceuticals,USA
390,IO Biotech,-0.4086, ğŸ’Š Pharmaceuticals,Denmark
391,LianBio,-5.27, ğŸ’Š Pharmaceuticals,USA
392,Glaukos,-23.4, ğŸ’Š Pharmaceuticals,USA
393,Aura Biosciences,-3.99, ğŸ’Š Pharmaceuticals,USA
394,Entrada Therapeutics,-4.4, ğŸ’Š Pharmaceuticals,USA
395,Context Therapeutics,-0.727, ğŸ’Š Pharmaceuticals,USA
396,Xilio Therapeutics,-0.3616, ğŸ’Š Pharmaceuticals,USA
397,Sana Biotechnology,-2.25, ğŸ’Š Pharmaceuticals,USA
398,Vaxxinity,-1.72, ğŸ’Š Pharmaceuticals,USA
399,Allogene Therapeutics,-1.11, ğŸ’Š Pharmaceuticals,USA
400,Journey Medical,-1.95, ğŸ’Š Pharmaceuticals,USA
401,Biofrontera,-0.1884, ğŸ’Š Pharmaceuticals,USA
402,Inovio Pharmaceuticals,-0.6272, ğŸ’Š Pharmaceuticals,USA
403,SpringWorks Therapeutics,-4.25, ğŸ’Š Pharmaceuticals,USA
404,Recursion Pharmaceuticals,-4.91, ğŸ’Š Pharmaceuticals,USA
405,Arvinas,-3.83, ğŸ’Š Pharmaceuticals,USA
406,Lyell Immunopharma,-2.06, ğŸ’Š Pharmaceuticals,USA
407,Intensity Therapeutics,-1.02, ğŸ’Š Pharmaceuticals,USA
408,Nuvectis Pharma,-5.28, ğŸ’Š Pharmaceuticals,USA
409,Zentalis Pharmaceuticals,-2.17, ğŸ’Š Pharmaceuticals,USA
410,Travere Therapeutics,-1.27, ğŸ’Š Pharmaceuticals,USA
411,Longeveron,-2.0, ğŸ’Š Pharmaceuticals,USA
412,Xenon Pharmaceuticals,-11.5, ğŸ’Š Pharmaceuticals,Canada
413,Praxis Precision Medicines,-0.3729, ğŸ’Š Pharmaceuticals,USA
414,Petros Pharmaceuticals,-0.1194, ğŸ’Š Pharmaceuticals,USA
415,Zealand Pharma,-17.6, ğŸ’Š Pharmaceuticals,Denmark
416,Cingulate,-0.2115, ğŸ’Š Pharmaceuticals,USA
417,Bionomics,-0.5306, ğŸ’Š Pharmaceuticals,Australia
418,Verve Therapeutics,-3.8, ğŸ’Š Pharmaceuticals,USA
419,ImmunityBio,-3.68, ğŸ’Š Pharmaceuticals,USA
420,Krystal Biotech,-18.8, ğŸ’Š Pharmaceuticals,USA
421,Amylyx Pharmaceuticals,-10.4, ğŸ’Š Pharmaceuticals,USA
422,Vigil Neuroscience,-1.46, ğŸ’Š Pharmaceuticals,USA
423,Hillstream BioPharma,-0.3292, ğŸ’Š Pharmaceuticals,USA
424,Day One Biopharmaceuticals,-5.18, ğŸ’Š Pharmaceuticals,USA
425,Olink Holding,-185.0, ğŸ’Š Pharmaceuticals,Sweden
426,Erasca,-1.26, ğŸ’Š Pharmaceuticals,USA
427,Exscientia,-4.21, ğŸ’Š Pharmaceuticals,UK
428,Roivant Sciences,-6.72, ğŸ’Š Pharmaceuticals,UK
429,Arcellx,-13.5, ğŸ’Š Pharmaceuticals,USA
430,Instil Bio,-0.2615, ğŸ’Š Pharmaceuticals,USA
431,Keros Therapeutics,-6.69, ğŸ’Š Pharmaceuticals,USA
432,I-Mab Biopharma,1.09, ğŸ’Š Pharmaceuticals,China
433,Biohaven Pharmaceutical,-4.05, ğŸ’Š Pharmaceuticals,USA
434,Ionis Pharmaceuticals,-17.3, ğŸ’Š Pharmaceuticals,USA
435,Seagen,-53.1, ğŸ’Š Pharmaceuticals,USA
436,Kezar Life Sciences,-0.793, ğŸ’Š Pharmaceuticals,USA
437,Merus,-6.12, ğŸ’Š Pharmaceuticals,Netherlands
438,Arcutis Biotherapeutics,-0.3394, ğŸ’Š Pharmaceuticals,USA
439,Inotiv,-0.1756, ğŸ’Š Pharmaceuticals,USA
440,Heron Therapeutics,-1.17, ğŸ’Š Pharmaceuticals,USA
441,Akero Therapeutics,-6.23, ğŸ’Š Pharmaceuticals,USA
442,PureTech Health,-9.94, ğŸ’Š Pharmaceuticals,USA
443,Centessa Pharmaceuticals,-3.61, ğŸ’Š Pharmaceuticals,UK
444,Nuvalent,-33.8, ğŸ’Š Pharmaceuticals,USA
445,Molecular Partners,-2.17, ğŸ’Š Pharmaceuticals,Switzerland
446,Immatics,-6.87, ğŸ’Š Pharmaceuticals,Germany
447,PMV Pharmaceuticals,-1.37, ğŸ’Š Pharmaceuticals,USA
448,ANI Pharmaceuticals,-110.0, ğŸ’Š Pharmaceuticals,USA
449,Talaris Therapeutics,-1.52, ğŸ’Š Pharmaceuticals,USA
450,Adicet Bio,-0.4228, ğŸ’Š Pharmaceuticals,USA
451,Altamira Therapeutics,-0.001, ğŸ’Š Pharmaceuticals,Bermuda
452,Elanco,-59.7, ğŸ’Š Pharmaceuticals,USA
453,Mirum Pharmaceuticals,-6.74, ğŸ’Š Pharmaceuticals,USA
454,Graphite Bio,-1.01, ğŸ’Š Pharmaceuticals,USA
455,Intra-Cellular Therapies,-36.8, ğŸ’Š Pharmaceuticals,USA
456,Atai Life Sciences,-1.18, ğŸ’Š Pharmaceuticals,Germany
457,MeiraGTx,-2.11, ğŸ’Š Pharmaceuticals,USA
458,Vera Therapeutics,-3.92, ğŸ’Š Pharmaceuticals,USA
459,Pharvaris,-7.33, ğŸ’Š Pharmaceuticals,Netherlands
460,Celularity,-0.4292, ğŸ’Š Pharmaceuticals,USA
461,IGM Biosciences,-1.03, ğŸ’Š Pharmaceuticals,USA
462,Janux Therapeutics,-5.59, ğŸ’Š Pharmaceuticals,USA
463,Jaguar Health,-0.022, ğŸ’Š Pharmaceuticals,USA
464,AN2 Therapeutics,-5.73, ğŸ’Š Pharmaceuticals,USA
465,Liquidia Technologies,-8.73, ğŸ’Š Pharmaceuticals,USA
466,Athira Pharma,-0.53, ğŸ’Š Pharmaceuticals,USA
467,IDEAYA Biosciences,-21.8, ğŸ’Š Pharmaceuticals,USA
468,Spero Therapeutics,-4.65, ğŸ’Š Pharmaceuticals,USA
469,MaxCyte,-14.1, ğŸ’Š Pharmaceuticals,USA
470,Sutro Biopharma,-1.03, ğŸ’Š Pharmaceuticals,USA
471,Phio Pharmaceuticals,-0.0915, ğŸ’Š Pharmaceuticals,USA
472,Actinium Pharmaceuticals,-2.43, ğŸ’Š Pharmaceuticals,USA
473,Belite Bio,-50.0, ğŸ’Š Pharmaceuticals,USA
474,HilleVax,-5.61, ğŸ’Š Pharmaceuticals,USA
475,EQRx,-4.25, ğŸ’Š Pharmaceuticals,USA
476,Alaunos Therapeutics,-0.395, ğŸ’Š Pharmaceuticals,USA
478,Immunocore,-34.9, ğŸ’Š Pharmaceuticals,UK
479,Jubilant Pharmova,-147.0, ğŸ’Š Pharmaceuticals,India
480,Okyo Pharma,-3.44, ğŸ’Š Pharmaceuticals,UK
481,Iovance Biotherapeutics,-2.41, ğŸ’Š Pharmaceuticals,USA
482,Quoin Pharmaceuticals,-0.0936, ğŸ’Š Pharmaceuticals,USA
483,Ensysce Biosciences,-0.0105, ğŸ’Š Pharmaceuticals,USA
484,Nkarta,-1.01, ğŸ’Š Pharmaceuticals,USA
485,Amicus Therapeutics,-16.6, ğŸ’Š Pharmaceuticals,USA
486,Alvotech,-2.8, ğŸ’Š Pharmaceuticals,Iceland
487,Celldex Therapeutics,-11.6, ğŸ’Š Pharmaceuticals,USA
488,Nurix Therapeutics,-2.26, ğŸ’Š Pharmaceuticals,USA
489,Aerovate Therapeutics,-5.88, ğŸ’Š Pharmaceuticals,USA
490,Rhythm Pharmaceuticals,-10.2, ğŸ’Š Pharmaceuticals,USA
491,Cogent Biosciences,-2.79, ğŸ’Š Pharmaceuticals,USA
492,Aclaris Therapeutics,-0.5254, ğŸ’Š Pharmaceuticals,USA
493,Design Therapeutics,-1.65, ğŸ’Š Pharmaceuticals,USA
494,Bicycle Therapeutics,-2.95, ğŸ’Š Pharmaceuticals,UK
495,Calliditas Therapeutics,-16.8, ğŸ’Š Pharmaceuticals,Sweden
496,Foghorn Therapeutics,-1.59, ğŸ’Š Pharmaceuticals,USA
497,Relmada Therapeutics,-0.6659, ğŸ’Š Pharmaceuticals,USA
498,MAIA Biotechnology,-0.7452, ğŸ’Š Pharmaceuticals,USA
499,Lantern Pharma,-3.02, ğŸ’Š Pharmaceuticals,USA
500,Monopar Therapeutics,-0.4013, ğŸ’Š Pharmaceuticals,USA
501,uniQure,-1.72, ğŸ’Š Pharmaceuticals,Netherlands
502,Crinetics Pharmaceuticals,-9.01, ğŸ’Š Pharmaceuticals,USA
503,Pliant Therapeutics,-5.08, ğŸ’Š Pharmaceuticals,USA
504,Vaccinex,-0.1788, ğŸ’Š Pharmaceuticals,USA
505,Vincerx Pharma,-0.2623, ğŸ’Š Pharmaceuticals,USA
506,Viracta Therapeutics,-0.3775, ğŸ’Š Pharmaceuticals,USA
507,Sonoma Pharmaceuticals,-0.115, ğŸ’Š Pharmaceuticals,USA
508,Societal CDMO,-1.15, ğŸ’Š Pharmaceuticals,USA
509,Sio Gene Therapies,-1.02, ğŸ’Š Pharmaceuticals,USA
510,Verona Pharma,-22.0, ğŸ’Š Pharmaceuticals,UK
511,PaxMedica,-0.0415, ğŸ’Š Pharmaceuticals,USA
512,Rani Therapeutics,-1.46, ğŸ’Š Pharmaceuticals,USA
513,RVL Pharmaceuticals,-0.0403, ğŸ’Š Pharmaceuticals,USA
514,Prelude Therapeutics,-1.55, ğŸ’Š Pharmaceuticals,USA
515,Kronos Bio,-0.5877, ğŸ’Š Pharmaceuticals,USA
516,Kinnate Biopharma,-0.7915, ğŸ’Š Pharmaceuticals,USA
517,KalVista Pharmaceuticals,-2.4, ğŸ’Š Pharmaceuticals,USA
518,bioAffinity Technologies,-0.7887, ğŸ’Š Pharmaceuticals,USA
519,2seventy bio,-0.4213, ğŸ’Š Pharmaceuticals,USA
520,4D Molecular Therapeutics,-3.69, ğŸ’Š Pharmaceuticals,USA
521,89bio,-3.6, ğŸ’Š Pharmaceuticals,USA
522,ALX Oncology,-2.88, ğŸ’Š Pharmaceuticals,USA
523,Aadi Bioscience,-1.95, ğŸ’Š Pharmaceuticals,USA
524,Absci,-1.15, ğŸ’Š Pharmaceuticals,USA
525,Acumen Pharmaceuticals,-2.07, ğŸ’Š Pharmaceuticals,USA
526,Invivyd,-0.9317, ğŸ’Š Pharmaceuticals,USA
527,Third Harmonic Bio,-4.78, ğŸ’Š Pharmaceuticals,USA
528,Biora Therapeutics,-0.2514, ğŸ’Š Pharmaceuticals,USA
529,Allakos,-0.8912, ğŸ’Š Pharmaceuticals,USA
530,Senti Biosciences,-0.2132, ğŸ’Š Pharmaceuticals,USA
531,XOMA,-5.81, ğŸ’Š Pharmaceuticals,USA
532,Viridian Therapeutics,-3.22, ğŸ’Š Pharmaceuticals,USA
533,Tarsus Pharmaceuticals,-5.2, ğŸ’Š Pharmaceuticals,USA
534,Lyra Therapeutics,-1.97, ğŸ’Š Pharmaceuticals,USA
535,Immuneering,-3.87, ğŸ’Š Pharmaceuticals,USA
536,Harrow Health,-16.4, ğŸ’Š Pharmaceuticals,USA
537,Idorsia,-0.3934, ğŸ’Š Pharmaceuticals,Switzerland
538,Siegfried Holding,35.9, ğŸ’Š Pharmaceuticals,Switzerland
539,Almirall,48.5, ğŸ’Š Pharmaceuticals,Spain
540,Alpine Immune Sciences,-9.98, ğŸ’Š Pharmaceuticals,USA
541,AlloVir,-0.8492, ğŸ’Š Pharmaceuticals,USA
542,Annexon,-1.27, ğŸ’Š Pharmaceuticals,USA
543,Armata Pharmaceuticals,-2.04, ğŸ’Š Pharmaceuticals,USA
544,Autolus Therapeutics,-3.76, ğŸ’Š Pharmaceuticals,UK
545,Atara Biotherapeutics,-0.2058, ğŸ’Š Pharmaceuticals,USA
546,BioAtla,-0.6194, ğŸ’Š Pharmaceuticals,USA
547,BioXcel Therapeutics,-0.5387, ğŸ’Š Pharmaceuticals,USA
548,DBV Technologies,-1.45, ğŸ’Š Pharmaceuticals,France
549,Poseida Therapeutics,-10.9, ğŸ’Š Pharmaceuticals,USA
550,Omega Therapeutics,-0.8288, ğŸ’Š Pharmaceuticals,USA
551,GH Research,-10.1, ğŸ’Š Pharmaceuticals,Ireland
552,Prime Medicine,-3.9, ğŸ’Š Pharmaceuticals,USA
553,Tango Therapeutics,-6.43, ğŸ’Š Pharmaceuticals,USA
554,Pharming Group,-46.0, ğŸ’Š Pharmaceuticals,Netherlands
555,PepGen,-1.59, ğŸ’Š Pharmaceuticals,USA
556,Incannex Healthcare,-0.0428, ğŸ’Š Pharmaceuticals,Australia
557,Gritstone bio,-1.05, ğŸ’Š Pharmaceuticals,USA
558,Gracell Biotechnologies,-4.19, ğŸ’Š Pharmaceuticals,China
559,Piramal Pharma,-107.0, ğŸ’Š Pharmaceuticals,India
560,Seres Therapeutics,-1.0, ğŸ’Š Pharmaceuticals,USA
561,Silence Therapeutics,-8.05, ğŸ’Š Pharmaceuticals,UK
562,Vor Biopharma,-0.8719, ğŸ’Š Pharmaceuticals,USA
563,Wave Life Sciences,-3.97, ğŸ’Š Pharmaceuticals,Singapore
564,Repare Therapeutics,-81.3, ğŸ’Š Pharmaceuticals,Canada
565,Acrivon Therapeutics,-1.46, ğŸ’Š Pharmaceuticals,USA
566,Galapagos NV,-14.3, ğŸ’Š Pharmaceuticals,Belgium
567,Ultragenyx,-3.73, ğŸ’Š Pharmaceuticals,USA
568,ADC Therapeutics,-0.3128, ğŸ’Š Pharmaceuticals,Switzerland
569,Lipella Pharmaceuticals,-1.7, ğŸ’Š Pharmaceuticals,USA
570,PTC Therapeutics,-2.5, ğŸ’Š Pharmaceuticals,USA
571,Sorrento Therapeutics,-0.0429, ğŸ’Š Pharmaceuticals,USA
572,Hoth Therapeutics,-0.1736, ğŸ’Š Pharmaceuticals,USA
573,Coya Therapeutics,-3.8, ğŸ’Š Pharmaceuticals,USA
574,Taysha Gene Therapies,-0.8035, ğŸ’Š Pharmaceuticals,USA
575,TScan Therapeutics,-1.81, ğŸ’Š Pharmaceuticals,USA
576,scPharmaceuticals,-4.13, ğŸ’Š Pharmaceuticals,USA
577,Ventyx Biosciences,-0.8464, ğŸ’Š Pharmaceuticals,USA
578,UroGen Pharma,-2.68, ğŸ’Š Pharmaceuticals,USA
579,Regencell Bioscience,-112.0, ğŸ’Š Pharmaceuticals,Hong Kong
580,Rain Therapeutics,-0.4196, ğŸ’Š Pharmaceuticals,USA
581,Spruce Biosciences,-0.8144, ğŸ’Š Pharmaceuticals,USA
582,Avacta Group,-860.0, ğŸ’Š Pharmaceuticals,UK
583,Verrica Pharmaceuticals,-6.91, ğŸ’Š Pharmaceuticals,USA
584,Cabaletta Bio,-10.7, ğŸ’Š Pharmaceuticals,USA
585,Scilex Holding,-1.68, ğŸ’Š Pharmaceuticals,USA
586,NGM Biopharmaceuticals,-0.3389, ğŸ’Š Pharmaceuticals,USA
587,MoonLake Immunotherapeutics,-38.8, ğŸ’Š Pharmaceuticals,Switzerland
588,Monte Rosa Therapeutics,-1.16, ğŸ’Š Pharmaceuticals,USA
589,OptiNose,-2.45, ğŸ’Š Pharmaceuticals,USA
591,Olema Pharmaceuticals,-5.71, ğŸ’Š Pharmaceuticals,USA
592,NewAmsterdam Pharma Company,-9.62, ğŸ’Š Pharmaceuticals,Netherlands
593,Icosavax,-4.37, ğŸ’Š Pharmaceuticals,USA
594,Greenwich LifeSciences,-16.0, ğŸ’Š Pharmaceuticals,USA
595,Cadrenal Therapeutics,-0.7415, ğŸ’Š Pharmaceuticals,USA
596,Genelux,-16.5, ğŸ’Š Pharmaceuticals,USA
597,Larimar Therapeutics,-3.61, ğŸ’Š Pharmaceuticals,USA
598,Structure Therapeutics,-23.9, ğŸ’Š Pharmaceuticals,USA
600,Lucy Scientific Discovery,-0.4183, ğŸ’Š Pharmaceuticals,Canada
601,Mineralys Therapeutics,-4.23, ğŸ’Š Pharmaceuticals,USA
603,CASI Pharmaceuticals,-1.88, ğŸ’Š Pharmaceuticals,USA
604,Alector,-2.81, ğŸ’Š Pharmaceuticals,USA
605,Grifols,13.9, ğŸ’Š Pharmaceuticals,Spain
606,Vaccitech,-3.45, ğŸ’Š Pharmaceuticals,UK
607,iCAD,-2.65, ğŸ’Š Pharmaceuticals,USA
608,Bullfrog AI,-3.97, ğŸ’Š Pharmaceuticals,USA
609,Terns Pharmaceuticals,-2.83, ğŸ’Š Pharmaceuticals,USA
610,Tenaya Therapeutics,-0.7937, ğŸ’Š Pharmaceuticals,USA
611,Theratechnologies,-1.22, ğŸ’Š Pharmaceuticals,Canada
612,BiondVax,-0.3541, ğŸ’Š Pharmaceuticals,Israel
613,Kodiak Sciences,-0.4211, ğŸ’Š Pharmaceuticals,USA
614,Agios Pharmaceuticals,-5.56, ğŸ’Š Pharmaceuticals,USA
615,Benitec Biopharma,-0.1347, ğŸ’Š Pharmaceuticals,USA
616,Biotest,-165.0, ğŸ’Š Pharmaceuticals,Germany
617,Mangoceuticals,-1.06, ğŸ’Š Pharmaceuticals,USA
618,Carisma Therapeutics,-0.8404, ğŸ’Š Pharmaceuticals,USA
619,Mirati Therapeutics,-4.44, ğŸ’Š Pharmaceuticals,USA
620,FibroGen,-0.1411, ğŸ’Š Pharmaceuticals,USA
621,Phathom Pharmaceuticals,-1.6, ğŸ’Š Pharmaceuticals,USA
622,Xencor,-8.75, ğŸ’Š Pharmaceuticals,USA
623,ACADIA Pharmaceuticals,-23.9, ğŸ’Š Pharmaceuticals,USA
624,TG Therapeutics,-60.3, ğŸ’Š Pharmaceuticals,USA
625,Evolus,-8.03, ğŸ’Š Pharmaceuticals,USA
626,CytoMed Therapeutics,-26.7, ğŸ’Š Pharmaceuticals,Singapore
627,Lifecore Biomedical,-2.23, ğŸ’Š Pharmaceuticals,USA
628,Immunovant,-16.9, ğŸ’Š Pharmaceuticals,USA
629,Sage Therapeutics,-1.96, ğŸ’Š Pharmaceuticals,USA
630,Arrowhead Pharmaceuticals,-17.0, ğŸ’Š Pharmaceuticals,USA
631,Blueprint Medicines,-7.29, ğŸ’Š Pharmaceuticals,USA
632,Palatin Technologies,-0.6723, ğŸ’Š Pharmaceuticals,USA
633,Aurinia Pharmaceuticals,-17.1, ğŸ’Š Pharmaceuticals,Canada
634,ACELYRIN,-2.29, ğŸ’Š Pharmaceuticals,USA
635,Disc Medicine,-13.1, ğŸ’Š Pharmaceuticals,USA
636,ESSA Pharma,-9.02, ğŸ’Š Pharmaceuticals,Canada
637,Zevra Therapeutics,-4.72, ğŸ’Š Pharmaceuticals,USA
638,Virbac SA,20.4, ğŸ’Š Pharmaceuticals,France
639,Telix Pharmaceuticals,-26.4, ğŸ’Š Pharmaceuticals,Australia
640,Akeso,-28.7, ğŸ’Š Pharmaceuticals,China
641,eFFECTOR Therapeutics,-0.7628, ğŸ’Š Pharmaceuticals,USA
642,Zura Bio,-1.01, ğŸ’Š Pharmaceuticals,USA
643,Xenetic Biosciences,-1.08, ğŸ’Š Pharmaceuticals,USA
644,Werewolf Therapeutics,-1.87, ğŸ’Š Pharmaceuticals,USA
645,Vivani Medical,-2.45, ğŸ’Š Pharmaceuticals,USA
646,Azitra,-0.431, ğŸ’Š Pharmaceuticals,USA
647,ASLAN Pharmaceuticals,-0.3142, ğŸ’Š Pharmaceuticals,Singapore
649,Adamis Pharmaceuticals,-0.0657, ğŸ’Š Pharmaceuticals,USA
650,Sol-Gel Technologies,-1.35, ğŸ’Š Pharmaceuticals,Israel
652,Talis Biomedical,-0.1456, ğŸ’Š Pharmaceuticals,USA
653,Shattuck Labs,-1.07, ğŸ’Š Pharmaceuticals,USA
654,Pyxis Oncology,-0.493, ğŸ’Š Pharmaceuticals,USA
655,Puma Biotechnology,-82.8, ğŸ’Š Pharmaceuticals,USA
656,Portage Biotech,-0.2129, ğŸ’Š Pharmaceuticals,British Virgin Islands
657,MiNK Therapeutics,-1.36, ğŸ’Š Pharmaceuticals,USA
658,Perspective Therapeutics,-2.78, ğŸ’Š Pharmaceuticals,USA
659,Sagimet Biosciences,-2.79, ğŸ’Š Pharmaceuticals,USA
662,Turnstone Biologics,-2.46, ğŸ’Š Pharmaceuticals,USA
663,Reneo Pharmaceuticals,-2.58, ğŸ’Š Pharmaceuticals,USA
664,Trevi Therapeutics,-3.68, ğŸ’Š Pharmaceuticals,USA
665,ImmunoPrecise Antibodies,-2.12, ğŸ’Š Pharmaceuticals,USA
666,Ikena Oncology,-0.9588, ğŸ’Š Pharmaceuticals,USA
667,Eyenovia,-1.96, ğŸ’Š Pharmaceuticals,USA
668,Longboard Pharmaceuticals,-1.61, ğŸ’Š Pharmaceuticals,USA
669,Nykode Therapeutics,-11.8, ğŸ’Š Pharmaceuticals,Norway
670,Jasper Therapeutics,-0.6289, ğŸ’Š Pharmaceuticals,USA
671,Nanobiotix,-3.67, ğŸ’Š Pharmaceuticals,France
672,MyMD Pharmaceuticals,-0.8818, ğŸ’Š Pharmaceuticals,USA
673,Oramed Pharmaceuticals,-4.18, ğŸ’Š Pharmaceuticals,USA
674,OmniAb,-27.6, ğŸ’Š Pharmaceuticals,USA
676,MediWound,-3.58, ğŸ’Š Pharmaceuticals,Israel
679,Gamida Cell,-0.2611, ğŸ’Š Pharmaceuticals,Israel
680,Orchestra BioMed,-5.06, ğŸ’Š Pharmaceuticals,USA
681,Oculis Holding AG,-6.87, ğŸ’Š Pharmaceuticals,Switzerland
682,Ocean Biomedical,-0.2735, ğŸ’Š Pharmaceuticals,USA
683,Tyra Biosciences,-9.51, ğŸ’Š Pharmaceuticals,USA
684,Cybin,-2.38, ğŸ’Š Pharmaceuticals,Canada
685,Fusion Pharmaceuticals,-2.48, ğŸ’Š Pharmaceuticals,Canada
686,Fulcrum Therapeutics,-2.53, ğŸ’Š Pharmaceuticals,USA
687,Inozyme Pharma,-2.39, ğŸ’Š Pharmaceuticals,USA
688,Immunome,-3.61, ğŸ’Š Pharmaceuticals,USA
689,RayzeBio,-68.8, ğŸ’Š Pharmaceuticals,USA
690,Neumora Therapeutics,-6.94, ğŸ’Š Pharmaceuticals,USA
693,Imunon,-0.2361, ğŸ’Š Pharmaceuticals,USA
694,Renovaro Biosciences,-1.5, ğŸ’Š Pharmaceuticals,USA
695,CervoMed,-1.05, ğŸ’Š Pharmaceuticals,USA
1,Biglari,1.96,ğŸ´ Food,USA
2,GEN Restaurant Group,2.15,ğŸ´ Food,USA
3,Cal-Maine Foods,3.64,ğŸ´ Food,USA
4,SÃ¼dzucker,4.89,ğŸ´ Food,Germany
5,Ottogi,4.98,ğŸ´ Food,S. Korea
6,Fonterra,5.8,ğŸ´ Food,New Zealand
7,Indofood,6.04,ğŸ´ Food,Indonesia
8,Kyokuyo,6.58,ğŸ´ Food,Japan
9,Bachoco,8.28,ğŸ´ Food,Mexico
10,Bunge,8.37,ğŸ´ Food,USA
11,Bloomin' Brands,8.62,ğŸ´ Food,USA
12,Darling Ingredients,8.8,ğŸ´ Food,USA
13,Agrana,9.19,ğŸ´ Food,Austria
14,Dine Brands Global,9.34,ğŸ´ Food,USA
15,Grupo Bimbo,9.83,ğŸ´ Food,Mexico
16,Fresh Del Monte Produce,9.93,ğŸ´ Food,Cayman Islands
17,Archer Daniels Midland (ADM),10.3,ğŸ´ Food,USA
18,Migros Ticaret A.S.,10.4,ğŸ´ Food,Turkey
19,Dole PLC,10.5,ğŸ´ Food,Ireland
20,Jack in the Box,10.7,ğŸ´ Food,USA
21,PPB Group Berhad,11.1,ğŸ´ Food,Malaysia
22,Ahold Delhaize,11.2,ğŸ´ Food,Netherlands
23,Brinker International,11.3,ğŸ´ Food,USA
24,Dhampur Sugar Mills,11.5,ğŸ´ Food,India
25,Muyuan Foods,11.6,ğŸ´ Food,China
26,ORION,11.7,ğŸ´ Food,S. Korea
27,Thai Union Group,11.8,ğŸ´ Food,Thailand
28,East India Distilleries Parry,11.9,ğŸ´ Food,India
29,Ingredion,12.0,ğŸ´ Food,USA
30,JBS,12.1,ğŸ´ Food,Brazil
31,Empire Company,12.4,ğŸ´ Food,Canada
32,Conagra Brands,12.5,ğŸ´ Food,USA
33,Seneca Foods,12.9,ğŸ´ Food,USA
34,AVI Limited,12.9,ğŸ´ Food,South Africa
35,Nomad Foods,13.0,ğŸ´ Food,UK
36,Austevoll Seafood,13.1,ğŸ´ Food,Norway
37,MTY Food Group,13.2,ğŸ´ Food,Canada
38,Cloetta,13.2,ğŸ´ Food,Sweden
39,El Pollo Loco,13.3,ğŸ´ Food,USA
40,George Weston,13.4,ğŸ´ Food,Canada
41,Aramark,13.5,ğŸ´ Food,USA
42,Nathan's Famous,13.7,ğŸ´ Food,USA
43,Meiji Holdings,13.8,ğŸ´ Food,Japan
44,Lamb Weston,14.2,ğŸ´ Food,USA
45,Campbell Soup,14.2,ğŸ´ Food,USA
46,Kraft Heinz,14.3,ğŸ´ Food,USA
47,Indofood CBP,14.3,ğŸ´ Food,Indonesia
48,Arcos Dorados Holdings,14.5,ğŸ´ Food,Uruguay
49,Vadilal Industries,14.9,ğŸ´ Food,India
50,General Mills,15.7,ğŸ´ Food,USA
51,Post Holdings,15.7,ğŸ´ Food,USA
52,Pizza Pizza,16.0,ğŸ´ Food,Canada
53,Nongshim,16.2,ğŸ´ Food,S. Korea
54,Brim hf.,16.5,ğŸ´ Food,Iceland
55,Sprouts Farmers Market,17.0,ğŸ´ Food,USA
56,The ONE Group Hospitality,17.4,ğŸ´ Food,USA
57,Saputo,17.6,ğŸ´ Food,Canada
58,Bafang Yunji,18.4,ğŸ´ Food,Taiwan
59,Samyang Foods,18.4,ğŸ´ Food,S. Korea
60,The Cheesecake Factory,18.5,ğŸ´ Food,USA
61,Denny's,18.7,ğŸ´ Food,USA
62,SpartanNash,18.8,ğŸ´ Food,USA
63,Darden Restaurants,19.3,ğŸ´ Food,USA
64,Kirin Holdings,19.4,ğŸ´ Food,Japan
65,Gruma (Maseca),19.8,ğŸ´ Food,Mexico
66,Zad Holding Company,19.8,ğŸ´ Food,Qatar
67,The Hershey Company,20.1,ğŸ´ Food,USA
68,Sysco,20.1,ğŸ´ Food,USA
69,Ebro Foods,20.2,ğŸ´ Food,Spain
70,Hormel Foods,20.2,ğŸ´ Food,USA
71,Flowers Foods,20.3,ğŸ´ Food,USA
72,Wendyâ€™s Company,20.5,ğŸ´ Food,USA
73,Toyo Suisan,20.7,ğŸ´ Food,Japan
74,Uni-President Enterprises,20.9,ğŸ´ Food,Taiwan
75,Kellogg's,20.9,ğŸ´ Food,USA
76,Restaurant Brands International,21.3,ğŸ´ Food,Canada
77,Mondelez,21.3,ğŸ´ Food,USA
78,Mowi,21.3,ğŸ´ Food,Norway
79,Mayora,21.5,ğŸ´ Food,Indonesia
80,AAK,21.9,ğŸ´ Food,Sweden
81,US Foods,22.5,ğŸ´ Food,USA
82,Chuy's,23.9,ğŸ´ Food,USA
83,Yum China,24.0,ğŸ´ Food,China
84,Rave Restaurant Group,24.4,ğŸ´ Food,USA
85,Performance Food Group,24.6,ğŸ´ Food,USA
86,McDonald,24.7,ğŸ´ Food,USA
87,Bid Corp,24.7,ğŸ´ Food,South Africa
88,The a2 Milk Company,25.0,ğŸ´ Food,New Zealand
89,Vital Farms,25.4,ğŸ´ Food,USA
90,Savola Group,25.4,ğŸ´ Food,S. Arabia
91,Domino's Pizza,25.4,ğŸ´ Food,USA
92,Texas Roadhouse,25.6,ğŸ´ Food,USA
93,Baladna,25.8,ğŸ´ Food,Qatar
94,Hostess Brands,26.2,ğŸ´ Food,USA
95,Nissin Foods,26.8,ğŸ´ Food,Japan
96,Almarai,26.9,ğŸ´ Food,S. Arabia
97,Emmi AG,27.2,ğŸ´ Food,Switzerland
98,McCormick & Company,27.4,ğŸ´ Food,USA
99,Tootsie Roll Industries,27.5,ğŸ´ Food,USA
100,Strauss Group,28.0,ğŸ´ Food,Israel
101,Fine Organics,28.2,ğŸ´ Food,India
102,Unilever Indonesia,28.3,ğŸ´ Food,Indonesia
103,Papa John's Pizza,28.4,ğŸ´ Food,USA
104,Ajinomoto,29.2,ğŸ´ Food,Japan
105,Simply Good Foods,29.4,ğŸ´ Food,USA
106,Milkfood Limited,29.4,ğŸ´ Food,India
107,Apex Frozen Foods,31.7,ğŸ´ Food,India
108,Lancaster Colony Corporation,32.0,ğŸ´ Food,USA
109,Foshan Haitian Flavouring and Food,33.2,ğŸ´ Food,China
110,Premium Brands,35.3,ğŸ´ Food,Canada
111,Leroy Seafood,36.8,ğŸ´ Food,Norway
112,Parag Milk Foods,37.5,ğŸ´ Food,India
113,Balchem,37.7,ğŸ´ Food,USA
114,HelloFresh,38.2,ğŸ´ Food,Germany
115,McDonald's Japan,38.8,ğŸ´ Food,Japan
116,Kikkoman,39.0,ğŸ´ Food,Japan
117,Jollibee,39.5,ğŸ´ Food,Philippines
118,Lifeway Foods,39.7,ğŸ´ Food,USA
119,Alamar Foods Company,40.0,ğŸ´ Food,S. Arabia
120,Kobe Bussan,41.5,ğŸ´ Food,Japan
121,Marel,42.6,ğŸ´ Food,Iceland
122,Nestle Malaysia,42.8,ğŸ´ Food,Malaysia
123,Chr. Hansen,45.1,ğŸ´ Food,Denmark
124,Charoen Pokphand Indonesia,45.4,ğŸ´ Food,Indonesia
125,BJ's Restaurants,45.9,ğŸ´ Food,USA
126,Bakkafrost,46.6,ğŸ´ Food,Denmark
127,Chocoladefabriken Lindt & SprÃ¼ngli,47.2,ğŸ´ Food,Switzerland
128,First Watch Restaurant,48.0,ğŸ´ Food,USA
129,Tyson Foods,48.5,ğŸ´ Food,USA
130,J&J Snack Foods,49.0,ğŸ´ Food,USA
131,The Chefs' Warehouse,51.1,ğŸ´ Food,USA
132,Chipotle Mexican Grill,52.3,ğŸ´ Food,USA
133,Portillo's,53.1,ğŸ´ Food,USA
134,Potbelly Corporation,55.0,ğŸ´ Food,USA
135,Patanjali Foods,56.1,ğŸ´ Food,India
136,Hindustan Unilever,56.7,ğŸ´ Food,India
137,SalMar ASA,58.6,ğŸ´ Food,Norway
138,Hai Di Lao Hot Pot,60.1,ğŸ´ Food,China
139,Charoen Pokphand Foods,61.3,ğŸ´ Food,Thailand
140,Vidhi Specialty Food,61.9,ğŸ´ Food,India
141,Lotus Bakeries,65.2,ğŸ´ Food,Belgium
142,NestlÃ© India,78.9,ğŸ´ Food,India
143,Wingstop Restaurants,102.0,ğŸ´ Food,USA
144,Hatsun Agro Products,105.0,ğŸ´ Food,India
145,Devyani International,106.0,ğŸ´ Food,India
146,Jubilant FoodWorks,150.0,ğŸ´ Food,India
147,Pilgrim's Pride,200.0,ğŸ´ Food,USA
148,CafÃ© de Coral,276.0,ğŸ´ Food,Hong Kong
149,Adani Wilmar,315.0,ğŸ´ Food,India
150,AmRest,511.0,ğŸ´ Food,Spain
151,Shake Shack,,ğŸ´ Food,USA
152,Kura Sushi USA,,ğŸ´ Food,USA
153,Utz Brands,,ğŸ´ Food,USA
154,Cranswick,,ğŸ´ Food,UK
155,Associated British Foods,,ğŸ´ Food,UK
156,Compass Group,,ğŸ´ Food,UK
157,Unilever,24.0,ğŸ´ Food,UK
159,Mengniu Dairy,16.9,ğŸ´ Food,China
160,J.M. Smucker Company,-755.0,ğŸ´ Food,USA
161,NestlÃ©,17.1,ğŸ´ Food,Switzerland
162,Beyond Meat,-1.5,ğŸ´ Food,USA
165,Olam,13.5,ğŸ´ Food,Singapore
166,SATS,,ğŸ´ Food,Singapore
167,AquaBounty,-0.3996,ğŸ´ Food,USA
168,Fiesta Restaurant Group,-40.4,ğŸ´ Food,USA
169,Red Robin,-2.91,ğŸ´ Food,USA
171,Farmmi,2.24,ğŸ´ Food,China
172,Calavo Growers,-109.0,ğŸ´ Food,USA
173,Delivery Hero,-43.2,ğŸ´ Food,Germany
174,DoorDash,-35.4,ğŸ´ Food,USA
175,HF Foods Group,-17.3,ğŸ´ Food,USA
176,Carrols Restaurant Group,-24.4,ğŸ´ Food,USA
177,Krispy Kreme,-129.0,ğŸ´ Food,USA
178,Village Farms International,-1.17,ğŸ´ Food,Canada
179,Zomato,-118.0,ğŸ´ Food,India
180,Hain Celestial,-8.39,ğŸ´ Food,USA
181,Barbeque Nation Hospitality,-948.0,ğŸ´ Food,India
182,Whole Earth Brands,-1.66,ğŸ´ Food,USA
183,Stryve Foods,-0.3409,ğŸ´ Food,USA
184,Oatly,-1.05,ğŸ´ Food,Sweden
185,Missfresh,-0.0048,ğŸ´ Food,China
186,Real Good Food plc,-0.8173,ğŸ´ Food,UK
187,Olo,-15.4,ğŸ´ Food,USA
188,Sweetgreen,-6.77,ğŸ´ Food,USA
189,Sovos Brands,-156.0,ğŸ´ Food,USA
190,Grab Holdings,-11.6,ğŸ´ Food,Singapore
191,Just Eat Takeaway,-0.5639,ğŸ´ Food,Netherlands
192,Mission Produce,-12.9,ğŸ´ Food,USA
193,PAR Technology,-14.7,ğŸ´ Food,USA
194,Savencia Fromage & Dairy,8.69,ğŸ´ Food,France
195,The Restaurant Group plc,-752.0,ğŸ´ Food,UK
196,Edible Garden,-0.0261,ğŸ´ Food,USA
197,Wilmar International,11.2,ğŸ´ Food,Singapore
200,Ocado,-997.0,ğŸ´ Food,UK
203,SSP Group,,ğŸ´ Food,UK
204,Maple Leaf Foods,-18.9,ğŸ´ Food,Canada
205,Blue Apron Holdings,-0.4741,ğŸ´ Food,USA
206,Tiger Brands,12.9,ğŸ´ Food,South Africa
207,B&G Foods,-32.3,ğŸ´ Food,USA
208,SunOpta,-17.6,ğŸ´ Food,Canada
209,Alto Ingredients,-2.55,ğŸ´ Food,USA
210,Local Bounti,-0.3419,ğŸ´ Food,USA
211,Tingyi (master kang),20.1,ğŸ´ Food,China
212,Want Want China,96.0,ğŸ´ Food,Hong Kong
214,(DIA) Distribuidora Internacional de AlimentaciÃ³n,-0.4383,ğŸ´ Food,Spain
215,Noodles & Company,-52.7,ğŸ´ Food,USA
216,TH International (Tims China),-2.17,ğŸ´ Food,China
217,Dingdong Maicai,-8.17,ğŸ´ Food,China
218,Freshpet,-52.9,ğŸ´ Food,USA
223,Arnarlax (Icelandic Salmon),150.0,ğŸ´ Food,Iceland
225,BRF,-11.0,ğŸ´ Food,Brazil
226,TreeHouse Foods,-30.6,ğŸ´ Food,USA
227,YanGuFang International Group,8.8,ğŸ´ Food,China
228,Dali Foods Group,11.3,ğŸ´ Food,China
229,FAT Brands,-0.701,ğŸ´ Food,USA
230,CAVA Group,-311.0,ğŸ´ Food,USA
231,BranchOut Food,-0.8802,ğŸ´ Food,USA
234,Italmobiliare,-28.5,ğŸ´ Food,Italy
237,Grieg Seafood,-22.9,ğŸ´ Food,Norway
238,Davis Commodities,5.96,ğŸ´ Food,Singapore
1,Dongfeng Motor,2.78,ğŸš— Automakers,China
2,Hyundai,2.95,ğŸš— Automakers,S. Korea
3,Mitsubishi Motors,3.79,ğŸš— Automakers,Japan
4,Volkswagen,3.88,ğŸš— Automakers,Germany
5,General Motors,3.93,ğŸš— Automakers,USA
6,Mercedes-Benz,4.16,ğŸš— Automakers,Germany
7,Kia,4.54,ğŸš— Automakers,S. Korea
8,BMW,5.58,ğŸš— Automakers,Germany
9,Mazda,5.81,ğŸš— Automakers,Japan
10,Ford,6.66,ğŸš— Automakers,USA
11,Ford Otosan,6.82,ğŸš— Automakers,Turkey
12,TofaÅŸ TÃ¼rk Otomobil FabrikasÄ±,6.89,ğŸš— Automakers,Turkey
13,Nissan,7.52,ğŸš— Automakers,Japan
14,Subaru,7.69,ğŸš— Automakers,Japan
15,Isuzu,8.39,ğŸš— Automakers,Japan
16,Honda,8.44,ğŸš— Automakers,Japan
17,Volvo Car,8.49,ğŸš— Automakers,Sweden
18,Polaris,8.67,ğŸš— Automakers,USA
19,Toyota,9.15,ğŸš— Automakers,Japan
20,Suzuki Motor,11.6,ğŸš— Automakers,Japan
21,SAIC Motor,12.3,ğŸš— Automakers,China
22,Mahindra & Mahindra,14.6,ğŸš— Automakers,India
23,GAC (Guangzhou Automobile Group),15.0,ğŸš— Automakers,China
24,Chongqing Changan,16.0,ğŸš— Automakers,China
25,Geely,16.5,ğŸš— Automakers,China
26,Force Motors,19.9,ğŸš— Automakers,India
27,Maruti Suzuki India,28.7,ğŸš— Automakers,India
28,BYD,32.4,ğŸš— Automakers,China
29,Great Wall Motors,35.9,ğŸš— Automakers,China
30,Ferrari,52.1,ğŸš— Automakers,Italy
31,Tesla,68.7,ğŸš— Automakers,USA
32,Li Auto,156.0,ğŸš— Automakers,China
33,Tata Motors,341.0,ğŸš— Automakers,India
34,Renault,-28.3,ğŸš— Automakers,France
35,Nikola,-0.5949,ğŸš— Automakers,USA
36,NIO,-4.14,ğŸš— Automakers,China
37,Aston Martin,-463.0,ğŸš— Automakers,UK
38,Hotai Motor,-35.9,ğŸš— Automakers,Taiwan
39,XPeng,-12.2,ğŸš— Automakers,China
40,Electra Meccanica,-0.4353,ğŸš— Automakers,Canada
41,Arcimoto,-0.0403,ğŸš— Automakers,USA
42,Fisker,-1.28,ğŸš— Automakers,USA
43,FAW Car,,ğŸš— Automakers,China
44,Stellantis,10.6,ğŸš— Automakers,Netherlands
45,Canoo,-0.3161,ğŸš— Automakers,USA
46,Arrival,-0.0104,ğŸš— Automakers,UK
47,Lucid Motors,-2.94,ğŸš— Automakers,USA
48,Rivian,-2.47,ğŸš— Automakers,USA
49,REE Automotive,-0.4988,ğŸš— Automakers,Israel
50,Cenntro Electric Group,-1.35,ğŸš— Automakers,USA
51,Mullen Automotive,-0.0013,ğŸš— Automakers,USA
52,Faraday Future,-0.0063,ğŸš— Automakers,USA
53,Phoenix Motor,-1.71,ğŸš— Automakers,USA
54,Polestar,-15.3,ğŸš— Automakers,Sweden
55,Kandi Technologies Group,-55.5,ğŸš— Automakers,China
57,Leapmotor,-12.2,ğŸš— Automakers,China
58,VinFast Auto,-5.98,ğŸš— Automakers,Vietnam
59,NWTN Inc.,-172.0,ğŸš— Automakers,UAE
60,Seres Group,-30.6,ğŸš— Automakers,China
1,Polished.com,0.8977,ğŸ›’ E-Commerce,USA
2,Schibsted,3.9,ğŸ›’ E-Commerce,Norway
3,Vipshop,8.45,ğŸ›’ E-Commerce,China
4,Allied Tecnologia,9.51,ğŸ›’ E-Commerce,Brazil
5,Vivid Seats,11.6,ğŸ›’ E-Commerce,USA
6,Americanas,11.9,ğŸ›’ E-Commerce,Brazil
7,MSTC Limited,12.4,ğŸ›’ E-Commerce,India
8,CEWE,13.2,ğŸ›’ E-Commerce,Germany
9,Jingdong Mall,14.3,ğŸ›’ E-Commerce,China
10,eBay,16.7,ğŸ›’ E-Commerce,USA
11,Alibaba,16.8,ğŸ›’ E-Commerce,China
12,ZOZO,21.8,ğŸ›’ E-Commerce,Japan
13,Pinduoduo,26.3,ğŸ›’ E-Commerce,China
14,Etsy,26.6,ğŸ›’ E-Commerce,USA
15,Wirtualna Polska (WP Holding),26.7,ğŸ›’ E-Commerce,Poland
16,Uxin Limited,27.7,ğŸ›’ E-Commerce,China
17,Liquidity Services,28.1,ğŸ›’ E-Commerce,USA
18,Revolve,33.3,ğŸ›’ E-Commerce,USA
19,Monotaro,33.5,ğŸ›’ E-Commerce,Japan
20,momo.com Inc.,34.1,ğŸ›’ E-Commerce,Taiwan
21,Copart,39.3,ğŸ›’ E-Commerce,USA
22,Infibeam Avenues,40.5,ğŸ›’ E-Commerce,India
23,IndiaMART,48.9,ğŸ›’ E-Commerce,India
24,Coupang,67.7,ğŸ›’ E-Commerce,S. Korea
25,Zalando,69.9,ğŸ›’ E-Commerce,Germany
26,Amazon,74.9,ğŸ›’ E-Commerce,USA
27,MercadoLibre,77.5,ğŸ›’ E-Commerce,Argentina
28,Sea (Garena),78.7,ğŸ›’ E-Commerce,Singapore
29,Mercari,83.2,ğŸ›’ E-Commerce,Japan
30,Natural Health Trends,135.0,ğŸ›’ E-Commerce,USA
31,Chewy,170.0,ğŸ›’ E-Commerce,USA
32,Alibaba Health Information Technology,455.0,ğŸ›’ E-Commerce,Hong Kong
33,Nykaa,,ğŸ›’ E-Commerce,India
34,Shopify,-78.8,ğŸ›’ E-Commerce,Canada
35,Jumia,-1.96,ğŸ›’ E-Commerce,Germany
36,Rakuten,-2.53,ğŸ›’ E-Commerce,Japan
37,Wayfair,-5.9,ğŸ›’ E-Commerce,USA
38,Cimpress,-12.1,ğŸ›’ E-Commerce,Ireland
39,Groupon,-2.0,ğŸ›’ E-Commerce,USA
40,Adevinta,-6.76,ğŸ›’ E-Commerce,Norway
41,The RealReal,-1.06,ğŸ›’ E-Commerce,USA
42,Overstock.com,-4.67,ğŸ›’ E-Commerce,USA
43,CarParts.com,-21.3,ğŸ›’ E-Commerce,USA
44,BigCommerce,-6.11,ğŸ›’ E-Commerce,USA
45,ContextLogic (wish.com),-0.274,ğŸ›’ E-Commerce,USA
46,1-800-PetMeds,-25.6,ğŸ›’ E-Commerce,USA
47,JD Health,-94.3,ğŸ›’ E-Commerce,China
48,Lightspeed POS,-2.53,ğŸ›’ E-Commerce,Canada
49,Newegg,-15.7,ğŸ›’ E-Commerce,USA
50,The Original BARK Company,-2.4,ğŸ›’ E-Commerce,USA
51,Mister Spex,-2.27,ğŸ›’ E-Commerce,Germany
52,Global-e,-29.4,ğŸ›’ E-Commerce,Israel
53,Baozun,-2.16,ğŸ›’ E-Commerce,China
54,Meituan,-60.9,ğŸ›’ E-Commerce,China
56,Missfresh,-0.0048,ğŸ›’ E-Commerce,China
57,VTEX,-50.9,ğŸ›’ E-Commerce,UK
58,Kidpik,-0.4075,ğŸ›’ E-Commerce,USA
59,Rent the Runway,-0.3071,ğŸ›’ E-Commerce,USA
60,Onion Global,-0.0164,ğŸ›’ E-Commerce,China
61,Allegro.eu,-23.6,ğŸ›’ E-Commerce,Poland
62,Lulu's Fashion Lounge,-6.82,ğŸ›’ E-Commerce,USA
63,Hour Loop,-20.2,ğŸ›’ E-Commerce,USA
64,MYT Netherlands Parent (Mytheresa),-15.5,ğŸ›’ E-Commerce,Germany
65,a.k.a. Brands,-0.5431,ğŸ›’ E-Commerce,USA
66,ThredUp,-2.55,ğŸ›’ E-Commerce,USA
67,Kaspien,-0.0517,ğŸ›’ E-Commerce,USA
68,GoTo,-4.6,ğŸ›’ E-Commerce,Indonesia
69,SIGNA Sports United,-0.0574,ğŸ›’ E-Commerce,Germany
70,Bukalapak.com,-2.24,ğŸ›’ E-Commerce,Indonesia
71,Ocado,-997.0,ğŸ›’ E-Commerce,UK
73,THG (The Hut Group),-558.0,ğŸ›’ E-Commerce,UK
74,Shift Technologies,-0.0138,ğŸ›’ E-Commerce,USA
75,Grove Collaborative,-2.8,ğŸ›’ E-Commerce,USA
76,Treasure Global,-0.3212,ğŸ›’ E-Commerce,Malaysia
77,Dada Nexus,-5.17,ğŸ›’ E-Commerce,China
78,Jeffs' Brands,-12.3,ğŸ›’ E-Commerce,Israel
79,1stdibs.Com,-5.18,ğŸ›’ E-Commerce,USA
80,Yunji,-0.1129,ğŸ›’ E-Commerce,China
81,Boohoo Group,-568.0,ğŸ›’ E-Commerce,UK
82,Zur Rose Group,-2.3,ğŸ›’ E-Commerce,Switzerland
83,Dingdong Maicai,-8.17,ğŸ›’ E-Commerce,China
84,Global Fashion Group,-0.2503,ğŸ›’ E-Commerce,Luxembourg
85,Carvana,-2.54,ğŸ›’ E-Commerce,USA
86,Upexi,-3.56,ğŸ›’ E-Commerce,USA
87,Nogin,-0.023,ğŸ›’ E-Commerce,USA
89,About You,-4.4,ğŸ›’ E-Commerce,Germany
90,Katapult Holdings,-0.999,ğŸ›’ E-Commerce,USA
92,LightInTheBox Holding,-2.67,ğŸ›’ E-Commerce,Singapore
95,Redcare Pharmacy,-53.1,ğŸ›’ E-Commerce,Netherlands
1,Biglari,1.96,ğŸ” Restaurant chains,USA
2,GEN Restaurant Group,2.15,ğŸ” Restaurant chains,USA
3,Bloomin' Brands,8.62,ğŸ” Restaurant chains,USA
4,Dine Brands Global,9.34,ğŸ” Restaurant chains,USA
5,Jack in the Box,10.7,ğŸ” Restaurant chains,USA
6,Brinker International,11.3,ğŸ” Restaurant chains,USA
7,MTY Food Group,13.2,ğŸ” Restaurant chains,Canada
8,El Pollo Loco,13.3,ğŸ” Restaurant chains,USA
9,Dave & Buster's,13.4,ğŸ” Restaurant chains,USA
10,Nathan's Famous,13.7,ğŸ” Restaurant chains,USA
11,Arcos Dorados Holdings,14.5,ğŸ” Restaurant chains,Uruguay
12,Pizza Pizza,16.0,ğŸ” Restaurant chains,Canada
13,The ONE Group Hospitality,17.4,ğŸ” Restaurant chains,USA
14,Bafang Yunji,18.4,ğŸ” Restaurant chains,Taiwan
15,The Cheesecake Factory,18.5,ğŸ” Restaurant chains,USA
16,Denny's,18.7,ğŸ” Restaurant chains,USA
17,Darden Restaurants,19.3,ğŸ” Restaurant chains,USA
18,Wendyâ€™s Company,20.5,ğŸ” Restaurant chains,USA
19,Restaurant Brands International,21.3,ğŸ” Restaurant chains,Canada
20,Chuy's,23.9,ğŸ” Restaurant chains,USA
21,Yum China,24.0,ğŸ” Restaurant chains,China
22,Yum! Brands,24.1,ğŸ” Restaurant chains,USA
23,Rave Restaurant Group,24.4,ğŸ” Restaurant chains,USA
24,McDonald,24.7,ğŸ” Restaurant chains,USA
25,Domino's Pizza,25.4,ğŸ” Restaurant chains,USA
26,Texas Roadhouse,25.6,ğŸ” Restaurant chains,USA
27,Papa John's Pizza,28.4,ğŸ” Restaurant chains,USA
28,McDonald's Japan,38.8,ğŸ” Restaurant chains,Japan
29,Jollibee,39.5,ğŸ” Restaurant chains,Philippines
30,BJ's Restaurants,45.9,ğŸ” Restaurant chains,USA
31,First Watch Restaurant,48.0,ğŸ” Restaurant chains,USA
32,Chipotle Mexican Grill,52.3,ğŸ” Restaurant chains,USA
33,Portillo's,53.1,ğŸ” Restaurant chains,USA
34,Potbelly Corporation,55.0,ğŸ” Restaurant chains,USA
35,Hai Di Lao Hot Pot,60.1,ğŸ” Restaurant chains,China
36,Wingstop Restaurants,102.0,ğŸ” Restaurant chains,USA
37,Devyani International,106.0,ğŸ” Restaurant chains,India
38,CafÃ© de Coral,276.0,ğŸ” Restaurant chains,Hong Kong
39,AmRest,511.0,ğŸ” Restaurant chains,Spain
40,Shake Shack,,ğŸ” Restaurant chains,USA
41,Kura Sushi USA,,ğŸ” Restaurant chains,USA
42,Fiesta Restaurant Group,-40.4,ğŸ” Restaurant chains,USA
43,Red Robin,-2.91,ğŸ” Restaurant chains,USA
45,Carrols Restaurant Group,-24.4,ğŸ” Restaurant chains,USA
46,Barbeque Nation Hospitality,-948.0,ğŸ” Restaurant chains,India
47,Sweetgreen,-6.77,ğŸ” Restaurant chains,USA
48,The Restaurant Group plc,-752.0,ğŸ” Restaurant chains,UK
49,SSP Group,,ğŸ” Restaurant chains,UK
50,Noodles & Company,-52.7,ğŸ” Restaurant chains,USA
51,TH International (Tims China),-2.17,ğŸ” Restaurant chains,China
53,FAT Brands,-0.701,ğŸ” Restaurant chains,USA
54,CAVA Group,-311.0,ğŸ” Restaurant chains,USA
