Rank,Company,Employees,Category,Country
1,Walgreens Boots Alliance,"325,000", ğŸ’Š Pharmaceuticals,USA
2,CVS Health,"219,000", ğŸ’Š Pharmaceuticals,USA
3,Johnson & Johnson,"152,700", ğŸ’Š Pharmaceuticals,USA
4,Sinopharm,"114,766", ğŸ’Š Pharmaceuticals,China
5,Roche,"103,613", ğŸ’Š Pharmaceuticals,Switzerland
6,Bayer,"101,735", ğŸ’Š Pharmaceuticals,Germany
7,Novartis,"101,703", ğŸ’Š Pharmaceuticals,Switzerland
8,Sanofi,"91,573", ğŸ’Š Pharmaceuticals,France
9,AstraZeneca,"83,500", ğŸ’Š Pharmaceuticals,UK
10,Pfizer,"83,000", ğŸ’Š Pharmaceuticals,USA
11,LabCorp,"80,000", ğŸ’Š Pharmaceuticals,USA
12,GlaxoSmithKline,"69,400", ğŸ’Š Pharmaceuticals,UK
13,Merck,"67,000", ğŸ’Š Pharmaceuticals,USA
14,China Resources Pharmaceutical Group,"67,000", ğŸ’Š Pharmaceuticals,Hong Kong
15,Merck KGaA,"64,011", ğŸ’Š Pharmaceuticals,Germany
16,Baxter,"60,000", ğŸ’Š Pharmaceuticals,USA
17,Novo Nordisk,"57,089", ğŸ’Š Pharmaceuticals,Denmark
18,AbbVie,"50,000", ğŸ’Š Pharmaceuticals,USA
19,Takeda Pharmaceutical,"49,095", ğŸ’Š Pharmaceuticals,Japan
20,Rite Aid,"47,000", ğŸ’Š Pharmaceuticals,USA
21,WuXi AppTec,"43,800", ğŸ’Š Pharmaceuticals,China
22,ICON plc,"41,150", ğŸ’Š Pharmaceuticals,Ireland
23,Eli Lilly,"39,000", ğŸ’Š Pharmaceuticals,USA
24,Sun Pharmaceutical,"38,000", ğŸ’Š Pharmaceuticals,India
25,Viatris,"38,000", ğŸ’Š Pharmaceuticals,USA
26,Bristol-Myers Squibb,"34,300", ğŸ’Š Pharmaceuticals,USA
27,Teva Pharmaceutical Industries,"34,004", ğŸ’Š Pharmaceuticals,Israel
28,Otsuka Holdings,"33,482", ğŸ’Š Pharmaceuticals,Japan
29,CSL,"30,000", ğŸ’Š Pharmaceuticals,Australia
30,Sino Biopharmaceutical,"26,272", ğŸ’Š Pharmaceuticals,China
31,Cipla,"25,927", ğŸ’Š Pharmaceuticals,India
32,Dr. Reddy's,"25,863", ğŸ’Š Pharmaceuticals,India
33,Amgen,"25,200", ğŸ’Š Pharmaceuticals,USA
34,Grifols,"24,000", ğŸ’Š Pharmaceuticals,Spain
35,Zydus Lifesciences,"23,000", ğŸ’Š Pharmaceuticals,India
36,Lupin Limited,"20,933", ğŸ’Š Pharmaceuticals,India
37,Jiangsu Hengrui Medicine,"20,636", ğŸ’Š Pharmaceuticals,China
38,Bausch Health,"19,900", ğŸ’Š Pharmaceuticals,Canada
39,Catalent,"19,000", ğŸ’Š Pharmaceuticals,USA
40,Lonza,"17,494", ğŸ’Š Pharmaceuticals,Switzerland
41,Daiichi SankyÅ,"17,435", ğŸ’Š Pharmaceuticals,Japan
42,Gilead Sciences,"17,000", ğŸ’Š Pharmaceuticals,USA
43,Alkem Laboratories,"16,966", ğŸ’Š Pharmaceuticals,India
44,Divis Laboratories,"16,543", ğŸ’Š Pharmaceuticals,India
45,Clicks Group,"16,492", ğŸ’Š Pharmaceuticals,South Africa
46,Ipca Laboratories,"16,167", ğŸ’Š Pharmaceuticals,India
47,Aurobindo Pharma,"15,431", ğŸ’Š Pharmaceuticals,India
48,Glenmark Pharmaceuticals,"15,415", ğŸ’Š Pharmaceuticals,India
49,Biocon,"15,000", ğŸ’Š Pharmaceuticals,India
50,Alembic Pharmaceuticals,"14,593", ğŸ’Š Pharmaceuticals,India
51,Astellas Pharma,"14,484", ğŸ’Š Pharmaceuticals,Japan
52,Zoetis,"13,800", ğŸ’Š Pharmaceuticals,USA
53,Torrent Pharmaceuticals,"13,247", ğŸ’Š Pharmaceuticals,India
54,WuXi Biologics,"12,373", ğŸ’Š Pharmaceuticals,China
55,Richter Gedeon,"12,167", ğŸ’Š Pharmaceuticals,Hungary
56,Regeneron Pharmaceuticals,"12,099", ğŸ’Š Pharmaceuticals,USA
57,Eisai,"11,076", ğŸ’Š Pharmaceuticals,Japan
58,West Pharmaceutical,"10,700", ğŸ’Š Pharmaceuticals,USA
59,Hansoh Pharma,"10,523", ğŸ’Š Pharmaceuticals,China
60,Organon,"10,000", ğŸ’Š Pharmaceuticals,USA
61,BeiGene,"9,400", ğŸ’Š Pharmaceuticals,China
62,Elanco,"9,000", ğŸ’Š Pharmaceuticals,USA
63,Perrigo,"8,900", ğŸ’Š Pharmaceuticals,Ireland
64,Hikma Pharmaceuticals,"8,800", ğŸ’Š Pharmaceuticals,UK
65,Taisho Pharmaceutical,"8,784", ğŸ’Š Pharmaceuticals,Japan
66,Biogen,"8,725", ğŸ’Š Pharmaceuticals,USA
67,Aspen Pharmacare,"8,580", ğŸ’Š Pharmaceuticals,South Africa
68,UCB,"8,108", ğŸ’Š Pharmaceuticals,Belgium
69,Chugai Pharmaceutical,"7,771", ğŸ’Š Pharmaceuticals,Japan
70,Amneal Pharmaceuticals,"7,600", ğŸ’Š Pharmaceuticals,USA
71,Rohto Pharmaceutical,"7,176", ğŸ’Š Pharmaceuticals,Japan
72,FDC India,"6,336", ğŸ’Š Pharmaceuticals,India
73,Piramal Pharma,"6,295", ğŸ’Š Pharmaceuticals,India
74,Sumitomo Pharma,"6,250", ğŸ’Š Pharmaceuticals,Japan
75,Indoco Remedies,"6,000", ğŸ’Š Pharmaceuticals,India
76,Jubilant Pharmova,"6,000", ğŸ’Š Pharmaceuticals,India
77,kyowa Kirin,"5,982", ğŸ’Š Pharmaceuticals,Japan
78,Laurus Labs,"5,753", ğŸ’Š Pharmaceuticals,India
79,Shionogi,"5,680", ğŸ’Š Pharmaceuticals,Japan
80,Lundbeck,"5,500", ğŸ’Š Pharmaceuticals,Denmark
81,Procaps Group,"5,500", ğŸ’Š Pharmaceuticals,Luxembourg
82,Medpace,"5,400", ğŸ’Š Pharmaceuticals,USA
83,Virbac SA,"5,386", ğŸ’Š Pharmaceuticals,France
84,BioNTech,"5,100", ğŸ’Š Pharmaceuticals,Germany
85,Ipsen,"5,072", ğŸ’Š Pharmaceuticals,France
86,Evotec,"4,952", ğŸ’Š Pharmaceuticals,Germany
87,Vertex Pharmaceuticals,"4,800", ğŸ’Š Pharmaceuticals,USA
88,Gland Pharma,"4,752", ğŸ’Š Pharmaceuticals,India
89,Recordati,"4,369", ğŸ’Š Pharmaceuticals,Italy
90,Santen Pharmaceutical,"4,144", ğŸ’Š Pharmaceuticals,Japan
91,Natco Pharma,"4,025", ğŸ’Š Pharmaceuticals,India
92,Moderna,"3,900", ğŸ’Š Pharmaceuticals,USA
93,Ono Pharmaceutical,"3,761", ğŸ’Š Pharmaceuticals,Japan
94,Abbott India,"3,700", ğŸ’Š Pharmaceuticals,India
95,Orion Corporation,"3,527", ğŸ’Š Pharmaceuticals,Finland
96,KOBAYASHI Pharmaceutical,"3,495", ğŸ’Š Pharmaceuticals,Japan
97,Siegfried Holding,"3,411", ğŸ’Š Pharmaceuticals,Switzerland
98,Seagen,"3,256", ğŸ’Š Pharmaceuticals,USA
99,Hualan Biological Engineering,"3,243", ğŸ’Š Pharmaceuticals,China
100,Galenica,"3,241", ğŸ’Š Pharmaceuticals,Switzerland
101,BioMarin Pharmaceutical,"3,082", ğŸ’Š Pharmaceuticals,USA
102,Fagron,"3,035", ğŸ’Š Pharmaceuticals,Belgium
103,Bio-Techne,"3,000", ğŸ’Š Pharmaceuticals,USA
104,Endo International,"2,861", ğŸ’Š Pharmaceuticals,Ireland
105,Jazz Pharmaceuticals,"2,800", ğŸ’Š Pharmaceuticals,Ireland
106,ALK-AbellÃ³,"2,712", ğŸ’Š Pharmaceuticals,Denmark
107,Mallinckrodt Pharmaceuticals,"2,673", ğŸ’Š Pharmaceuticals,UK
108,Sanofi India Limited,"2,651", ğŸ’Š Pharmaceuticals,India
109,Strides Pharma,"2,647", ğŸ’Š Pharmaceuticals,India
110,Emergent BioSolutions,"2,500", ğŸ’Š Pharmaceuticals,USA
111,Akeso,"2,341", ğŸ’Š Pharmaceuticals,China
112,Incyte,"2,324", ğŸ’Š Pharmaceuticals,USA
113,Alkermes,"2,280", ğŸ’Š Pharmaceuticals,Ireland
114,Biotest,"2,228", ğŸ’Š Pharmaceuticals,Germany
115,Nippon Shinyaku,"2,186", ğŸ’Š Pharmaceuticals,Japan
116,Horizon Therapeutics,"2,145", ğŸ’Š Pharmaceuticals,Ireland
117,KYORIN Pharmaceutical,"2,138", ğŸ’Š Pharmaceuticals,Japan
118,Inotiv,"2,099", ğŸ’Š Pharmaceuticals,USA
119,Zai Lab,"2,036", ğŸ’Š Pharmaceuticals,China
120,Alnylam Pharmaceuticals,"2,002", ğŸ’Š Pharmaceuticals,USA
121,Dechra Pharmaceuticals,"1,998", ğŸ’Š Pharmaceuticals,UK
122,Laboratorios Farmaceuticos Rovi,"1,993", ğŸ’Š Pharmaceuticals,Spain
123,Novavax,"1,992", ğŸ’Š Pharmaceuticals,USA
124,Hikal,"1,906", ğŸ’Š Pharmaceuticals,India
125,Genmab,"1,846", ğŸ’Š Pharmaceuticals,Denmark
126,Almirall,"1,814", ğŸ’Š Pharmaceuticals,Spain
127,Bachem,"1,776", ğŸ’Š Pharmaceuticals,Switzerland
128,Sequent Scientific,"1,771", ğŸ’Š Pharmaceuticals,India
129,Tilray,"1,700", ğŸ’Š Pharmaceuticals,Canada
130,Faes Farma,"1,690", ğŸ’Š Pharmaceuticals,Spain
131,Nectar Lifesciences,"1,669", ğŸ’Š Pharmaceuticals,India
132,Amphastar Pharmaceuticals,"1,615", ğŸ’Š Pharmaceuticals,USA
133,Swedish Orphan Biovitrum,"1,554", ğŸ’Š Pharmaceuticals,Sweden
134,Neuland Laboratories,"1,554", ğŸ’Š Pharmaceuticals,India
135,Taro Pharmaceutical,"1,554", ğŸ’Š Pharmaceuticals,Israel
136,Aarti Drugs,"1,450", ğŸ’Š Pharmaceuticals,India
137,Marksans Pharma,"1,412", ğŸ’Š Pharmaceuticals,India
138,PTC Therapeutics,"1,402", ğŸ’Š Pharmaceuticals,USA
139,Legend Biotech,"1,390", ğŸ’Š Pharmaceuticals,USA
140,Galapagos NV,"1,338", ğŸ’Š Pharmaceuticals,Belgium
141,Ultragenyx,"1,311", ğŸ’Š Pharmaceuticals,USA
142,Neurocrine Biosciences,"1,300", ğŸ’Š Pharmaceuticals,USA
143,Ginkgo Bioworks,"1,292", ğŸ’Š Pharmaceuticals,USA
144,HUTCHMED,"1,280", ğŸ’Š Pharmaceuticals,Hong Kong
145,Exelixis,"1,223", ğŸ’Š Pharmaceuticals,USA
146,PolyPeptide Group,"1,219", ğŸ’Š Pharmaceuticals,Switzerland
147,RPG Life Sciences,"1,214", ğŸ’Š Pharmaceuticals,India
148,Sarepta Therapeutics,"1,162", ğŸ’Š Pharmaceuticals,USA
149,Bavarian Nordic,"1,040", ğŸ’Š Pharmaceuticals,Denmark
150,Indivior PLC,"1,000", ğŸ’Š Pharmaceuticals,USA
151,United Therapeutics,985, ğŸ’Š Pharmaceuticals,USA
152,Alvotech,917, ğŸ’Š Pharmaceuticals,Iceland
153,Curevac,904, ğŸ’Š Pharmaceuticals,Germany
154,Roivant Sciences,904, ğŸ’Š Pharmaceuticals,UK
155,Argenx,843, ğŸ’Š Pharmaceuticals,Netherlands
156,Shinpoong Pharm,815, ğŸ’Š Pharmaceuticals,S. Korea
157,Sorrento Therapeutics,799, ğŸ’Š Pharmaceuticals,USA
158,Ascendis Pharma,797, ğŸ’Š Pharmaceuticals,Denmark
159,Ionis Pharmaceuticals,796, ğŸ’Š Pharmaceuticals,USA
160,Adaptive Biotechnologies,790, ğŸ’Š Pharmaceuticals,USA
161,Glaukos,783, ğŸ’Š Pharmaceuticals,USA
162,Bliss GVS Pharma,763, ğŸ’Š Pharmaceuticals,India
163,Valneva SE,719, ğŸ’Š Pharmaceuticals,France
164,ImmunityBio,703, ğŸ’Š Pharmaceuticals,USA
165,Lifecore Biomedical,689, ğŸ’Š Pharmaceuticals,USA
166,Sage Therapeutics,689, ğŸ’Š Pharmaceuticals,USA
167,PeptiDream,670, ğŸ’Š Pharmaceuticals,Japan
168,Blueprint Medicines,651, ğŸ’Š Pharmaceuticals,USA
169,Maravai LifeSciences,650, ğŸ’Š Pharmaceuticals,USA
170,Morphosys,623, ğŸ’Š Pharmaceuticals,Germany
171,ADMA Biologics,617, ğŸ’Š Pharmaceuticals,USA
172,Supernus Pharmaceuticals,612, ğŸ’Š Pharmaceuticals,USA
173,ANI Pharmaceuticals,600, ğŸ’Š Pharmaceuticals,USA
174,Intellia Therapeutics,598, ğŸ’Š Pharmaceuticals,USA
175,FibroGen,592, ğŸ’Š Pharmaceuticals,USA
176,Mirati Therapeutics,587, ğŸ’Š Pharmaceuticals,USA
177,Hester Biosciences,584, ğŸ’Š Pharmaceuticals,India
178,Olink Holding,582, ğŸ’Š Pharmaceuticals,Sweden
179,Intra-Cellular Therapies,561, ğŸ’Š Pharmaceuticals,USA
180,Fate Therapeutics,551, ğŸ’Š Pharmaceuticals,USA
181,Medios AG,546, ğŸ’Š Pharmaceuticals,Germany
182,ACADIA Pharmaceuticals,540, ğŸ’Š Pharmaceuticals,USA
183,Adaptimmune Therapeutics,534, ğŸ’Š Pharmaceuticals,UK
184,Agenus,533, ğŸ’Š Pharmaceuticals,USA
185,BioCryst Pharmaceuticals,531, ğŸ’Š Pharmaceuticals,USA
186,AbCellera,525, ğŸ’Š Pharmaceuticals,Canada
187,Beam Therapeutics,523, ğŸ’Š Pharmaceuticals,USA
188,Pharma Mar,515, ğŸ’Š Pharmaceuticals,Spain
189,Iovance Biotherapeutics,503, ğŸ’Š Pharmaceuticals,USA
190,uniQure,501, ğŸ’Š Pharmaceuticals,Netherlands
191,Recursion Pharmaceuticals,500, ğŸ’Š Pharmaceuticals,USA
192,Amicus Therapeutics,484, ğŸ’Š Pharmaceuticals,USA
193,Exscientia,481, ğŸ’Š Pharmaceuticals,UK
194,Sangamo Therapeutics,478, ğŸ’Š Pharmaceuticals,USA
195,Travere Therapeutics,462, ğŸ’Š Pharmaceuticals,USA
196,CRISPR Therapeutics,458, ğŸ’Š Pharmaceuticals,Switzerland
197,Seres Therapeutics,431, ğŸ’Š Pharmaceuticals,USA
198,2seventy bio,425, ğŸ’Š Pharmaceuticals,USA
199,Sana Biotechnology,424, ğŸ’Š Pharmaceuticals,USA
200,Arvinas,415, ğŸ’Š Pharmaceuticals,USA
201,Cytokinetics,409, ğŸ’Š Pharmaceuticals,USA
202,Immunocore,408, ğŸ’Š Pharmaceuticals,UK
203,SPARC,403, ğŸ’Š Pharmaceuticals,India
204,Immatics,402, ğŸ’Š Pharmaceuticals,Germany
205,REGENXBIO,401, ğŸ’Š Pharmaceuticals,USA
206,Autolus Therapeutics,399, ğŸ’Š Pharmaceuticals,UK
207,Arrowhead Pharmaceuticals,397, ğŸ’Š Pharmaceuticals,USA
208,Axsome Therapeutics,393, ğŸ’Š Pharmaceuticals,USA
209,Halozyme Therapeutics,393, ğŸ’Š Pharmaceuticals,USA
210,BridgeBio Pharma,392, ğŸ’Š Pharmaceuticals,USA
211,MannKind Corp,391, ğŸ’Š Pharmaceuticals,USA
212,Agios Pharmaceuticals,389, ğŸ’Š Pharmaceuticals,USA
213,Karyopharm Therapeutics,385, ğŸ’Š Pharmaceuticals,USA
214,Kamada,380, ğŸ’Š Pharmaceuticals,Israel
215,I-Mab Biopharma,378, ğŸ’Š Pharmaceuticals,China
216,InterCure,370, ğŸ’Š Pharmaceuticals,Israel
217,Avid Bioservices,365, ğŸ’Š Pharmaceuticals,USA
218,Amarin Corporation,365, ğŸ’Š Pharmaceuticals,Ireland
219,EQRx,362, ğŸ’Š Pharmaceuticals,USA
220,Allogene Therapeutics,359, ğŸ’Š Pharmaceuticals,USA
221,MacroGenics,357, ğŸ’Š Pharmaceuticals,USA
222,Xeris Pharmaceuticals,355, ğŸ’Š Pharmaceuticals,USA
223,Dynavax Technologies,351, ğŸ’Š Pharmaceuticals,USA
224,MeiraGTx,343, ğŸ’Š Pharmaceuticals,USA
225,Poseida Therapeutics,343, ğŸ’Š Pharmaceuticals,USA
226,Intercept Pharmaceuticals,341, ğŸ’Š Pharmaceuticals,USA
227,Pharming Group,332, ğŸ’Š Pharmaceuticals,Netherlands
228,Atara Biotherapeutics,330, ğŸ’Š Pharmaceuticals,USA
229,Relay Therapeutics,328, ğŸ’Š Pharmaceuticals,USA
230,bluebird bio,323, ğŸ’Š Pharmaceuticals,USA
231,Cerevel Therapeutics,319, ğŸ’Š Pharmaceuticals,USA
232,ADC Therapeutics,317, ğŸ’Š Pharmaceuticals,Switzerland
233,Gracell Biotechnologies,314, ğŸ’Š Pharmaceuticals,China
234,Coherus BioSciences,307, ğŸ’Š Pharmaceuticals,USA
235,Vericel,305, ğŸ’Š Pharmaceuticals,USA
236,Zymeworks,304, ğŸ’Š Pharmaceuticals,Canada
237,Aurinia Pharmaceuticals,300, ğŸ’Š Pharmaceuticals,Canada
238,Corcept Therapeutics,299, ğŸ’Š Pharmaceuticals,USA
239,Nurix Therapeutics,297, ğŸ’Š Pharmaceuticals,USA
240,Amylyx Pharmaceuticals,296, ğŸ’Š Pharmaceuticals,USA
241,Cosmo Pharmaceuticals,295, ğŸ’Š Pharmaceuticals,Ireland
242,Sutro Biopharma,292, ğŸ’Š Pharmaceuticals,USA
243,Vanda Pharmaceuticals,290, ğŸ’Š Pharmaceuticals,USA
244,Xencor,281, ğŸ’Š Pharmaceuticals,USA
245,IGM Biosciences,280, ğŸ’Š Pharmaceuticals,USA
246,ImmunoGen,277, ğŸ’Š Pharmaceuticals,USA
247,Societal CDMO,275, ğŸ’Š Pharmaceuticals,USA
248,Ocular Therapeutix,274, ğŸ’Š Pharmaceuticals,USA
249,Lyell Immunopharma,274, ğŸ’Š Pharmaceuticals,USA
250,Alector,273, ğŸ’Š Pharmaceuticals,USA
251,Arcutis Biotherapeutics,268, ğŸ’Š Pharmaceuticals,USA
252,Rockwell Medical,253, ğŸ’Š Pharmaceuticals,USA
253,Wave Life Sciences,250, ğŸ’Š Pharmaceuticals,Singapore
254,Codexis,248, ğŸ’Š Pharmaceuticals,USA
255,Adagene,248, ğŸ’Š Pharmaceuticals,China
256,Rocket Pharmaceuticals,240, ğŸ’Š Pharmaceuticals,USA
257,NGM Biopharmaceuticals,239, ğŸ’Š Pharmaceuticals,USA
258,TG Therapeutics,237, ğŸ’Š Pharmaceuticals,USA
259,Bicycle Therapeutics,236, ğŸ’Š Pharmaceuticals,UK
260,Telix Pharmaceuticals,234, ğŸ’Š Pharmaceuticals,Australia
261,Veru,233, ğŸ’Š Pharmaceuticals,USA
262,Gritstone bio,233, ğŸ’Š Pharmaceuticals,USA
263,Cellectis,231, ğŸ’Š Pharmaceuticals,France
264,Mersana Therapeutics,228, ğŸ’Š Pharmaceuticals,USA
265,SpringWorks Therapeutics,227, ğŸ’Š Pharmaceuticals,USA
266,Editas Medicine,226, ğŸ’Š Pharmaceuticals,USA
267,Celularity,225, ğŸ’Š Pharmaceuticals,USA
268,CASI Pharmaceuticals,224, ğŸ’Š Pharmaceuticals,USA
269,Evolus,224, ğŸ’Š Pharmaceuticals,USA
270,Kiniksa Pharmaceuticals,220, ğŸ’Š Pharmaceuticals,Bermuda
271,Zealand Pharma,220, ğŸ’Š Pharmaceuticals,Denmark
272,Ironwood Pharmaceuticals,219, ğŸ’Š Pharmaceuticals,USA
273,Affimed,219, ğŸ’Š Pharmaceuticals,Germany
274,Harrow Health,217, ğŸ’Š Pharmaceuticals,USA
275,Nektar Therapeutics,216, ğŸ’Š Pharmaceuticals,USA
276,Innate Pharma,211, ğŸ’Š Pharmaceuticals,France
277,Karuna Therapeutics,210, ğŸ’Š Pharmaceuticals,USA
278,Krystal Biotech,210, ğŸ’Š Pharmaceuticals,USA
279,Crinetics Pharmaceuticals,210, ğŸ’Š Pharmaceuticals,USA
280,Precigen,209, ğŸ’Š Pharmaceuticals,USA
281,Collegium Pharmaceutical,207, ğŸ’Š Pharmaceuticals,USA
282,Akebia Therapeutics,204, ğŸ’Š Pharmaceuticals,USA
283,Verve Therapeutics,204, ğŸ’Š Pharmaceuticals,USA
284,Xenon Pharmaceuticals,203, ğŸ’Š Pharmaceuticals,Canada
285,Heron Therapeutics,203, ğŸ’Š Pharmaceuticals,USA
286,Harmony Biosciences,200, ğŸ’Š Pharmaceuticals,USA
287,Mirum Pharmaceuticals,200, ğŸ’Š Pharmaceuticals,USA
288,Esperion Therapeutics,199, ğŸ’Š Pharmaceuticals,USA
289,JanOne,199, ğŸ’Š Pharmaceuticals,USA
290,Cytosorbents,198, ğŸ’Š Pharmaceuticals,USA
291,Precision BioSciences,197, ğŸ’Š Pharmaceuticals,USA
292,Omeros Corporation,196, ğŸ’Š Pharmaceuticals,USA
293,UroGen Pharma,194, ğŸ’Š Pharmaceuticals,USA
294,Protalix BioTherapeutics,193, ğŸ’Š Pharmaceuticals,Israel
295,Absci,193, ğŸ’Š Pharmaceuticals,USA
296,Instil Bio,192, ğŸ’Š Pharmaceuticals,USA
297,Puma Biotechnology,192, ğŸ’Š Pharmaceuticals,USA
298,VBI Vaccines,190, ğŸ’Š Pharmaceuticals,USA
299,Fortress Biotech,187, ğŸ’Š Pharmaceuticals,USA
300,Avidity Biosciences,186, ğŸ’Š Pharmaceuticals,USA
301,Inovio Pharmaceuticals,184, ğŸ’Š Pharmaceuticals,USA
302,BioXcel Therapeutics,183, ğŸ’Š Pharmaceuticals,USA
303,Calliditas Therapeutics,181, ğŸ’Š Pharmaceuticals,Sweden
304,Repare Therapeutics,180, ğŸ’Š Pharmaceuticals,Canada
305,Gossamer Bio,178, ğŸ’Š Pharmaceuticals,USA
306,Rhythm Pharmaceuticals,177, ğŸ’Š Pharmaceuticals,USA
307,Molecular Partners,175, ğŸ’Š Pharmaceuticals,Switzerland
308,Prime Medicine,175, ğŸ’Š Pharmaceuticals,USA
309,Kymera Therapeutics,174, ğŸ’Š Pharmaceuticals,USA
310,Arcturus Therapeutics,170, ğŸ’Š Pharmaceuticals,USA
311,G1 Therapeutics,170, ğŸ’Š Pharmaceuticals,USA
312,Orchard Therapeutics,166, ğŸ’Š Pharmaceuticals,UK
313,Nkarta,165, ğŸ’Š Pharmaceuticals,USA
314,Aytu BioScience,164, ğŸ’Š Pharmaceuticals,USA
315,Vaxart,164, ğŸ’Š Pharmaceuticals,USA
316,Merus,164, ğŸ’Š Pharmaceuticals,Netherlands
317,Immunovant,164, ğŸ’Š Pharmaceuticals,USA
318,LianBio,163, ğŸ’Š Pharmaceuticals,USA
319,Rani Therapeutics,163, ğŸ’Š Pharmaceuticals,USA
320,Foghorn Therapeutics,161, ğŸ’Š Pharmaceuticals,USA
321,Enanta Pharmaceuticals,160, ğŸ’Š Pharmaceuticals,USA
322,Nykode Therapeutics,158, ğŸ’Š Pharmaceuticals,Norway
323,Zentalis Pharmaceuticals,156, ğŸ’Š Pharmaceuticals,USA
324,Rigel Pharmaceuticals,155, ğŸ’Š Pharmaceuticals,USA
325,Nautilus Biotechnology,153, ğŸ’Š Pharmaceuticals,USA
326,Marinus Pharmaceuticals,151, ğŸ’Š Pharmaceuticals,USA
327,Generation Bio,150, ğŸ’Š Pharmaceuticals,USA
328,Celldex Therapeutics,148, ğŸ’Š Pharmaceuticals,USA
329,Y-mAbs Therapeutics,147, ğŸ’Š Pharmaceuticals,USA
330,C4 Therapeutics,146, ğŸ’Š Pharmaceuticals,USA
331,EyePoint Pharmaceuticals,144, ğŸ’Š Pharmaceuticals,USA
332,Theratechnologies,144, ğŸ’Š Pharmaceuticals,Canada
333,Gamida Cell,143, ğŸ’Š Pharmaceuticals,Israel
334,OptiNose,141, ğŸ’Š Pharmaceuticals,USA
335,Tenaya Therapeutics,141, ğŸ’Š Pharmaceuticals,USA
336,Cogent Biosciences,138, ğŸ’Š Pharmaceuticals,USA
337,4D Molecular Therapeutics,137, ğŸ’Š Pharmaceuticals,USA
338,Pliant Therapeutics,136, ğŸ’Š Pharmaceuticals,USA
339,TScan Therapeutics,136, ğŸ’Š Pharmaceuticals,USA
340,Lexicon Pharmaceuticals,135, ğŸ’Š Pharmaceuticals,USA
341,Eagle Pharmaceuticals,134, ğŸ’Š Pharmaceuticals,USA
342,Ardelyx,133, ğŸ’Š Pharmaceuticals,USA
343,Atai Life Sciences,133, ğŸ’Š Pharmaceuticals,Germany
344,Vor Biopharma,133, ğŸ’Š Pharmaceuticals,USA
345,Monte Rosa Therapeutics,133, ğŸ’Š Pharmaceuticals,USA
346,Inhibrx,132, ğŸ’Š Pharmaceuticals,USA
347,Adicet Bio,132, ğŸ’Š Pharmaceuticals,USA
348,Kura Oncology,131, ğŸ’Š Pharmaceuticals,USA
349,Aquestive Therapeutics,130, ğŸ’Š Pharmaceuticals,USA
350,ProQR,130, ğŸ’Š Pharmaceuticals,Netherlands
351,Entrada Therapeutics,130, ğŸ’Š Pharmaceuticals,USA
352,Erasca,129, ğŸ’Š Pharmaceuticals,USA
353,POINT Biopharma,129, ğŸ’Š Pharmaceuticals,USA
354,Pieris Pharmaceuticals,127, ğŸ’Š Pharmaceuticals,USA
355,Prothena,127, ğŸ’Š Pharmaceuticals,Ireland
356,AC Immune,126, ğŸ’Š Pharmaceuticals,Switzerland
357,Alpine Immune Sciences,126, ğŸ’Š Pharmaceuticals,USA
358,Voyager Therapeutics,125, ğŸ’Š Pharmaceuticals,USA
359,iTeos Therapeutics,125, ğŸ’Š Pharmaceuticals,USA
360,Day One Biopharmaceuticals,125, ğŸ’Š Pharmaceuticals,USA
361,MaxCyte,125, ğŸ’Š Pharmaceuticals,USA
362,RVL Pharmaceuticals,125, ğŸ’Š Pharmaceuticals,USA
363,Adverum Biotechnologies,123, ğŸ’Š Pharmaceuticals,USA
364,Allakos,123, ğŸ’Š Pharmaceuticals,USA
365,Prelude Therapeutics,122, ğŸ’Š Pharmaceuticals,USA
366,Senti Biosciences,122, ğŸ’Š Pharmaceuticals,USA
367,Silence Therapeutics,122, ğŸ’Š Pharmaceuticals,UK
368,Graphite Bio,120, ğŸ’Š Pharmaceuticals,USA
369,Avacta Group,120, ğŸ’Š Pharmaceuticals,UK
370,Tonix Pharmaceuticals,117, ğŸ’Š Pharmaceuticals,USA
371,Syros Pharmaceuticals,117, ğŸ’Š Pharmaceuticals,USA
372,CytomX Therapeutics,116, ğŸ’Š Pharmaceuticals,USA
373,Omega Therapeutics,116, ğŸ’Š Pharmaceuticals,USA
374,Kodiak Sciences,115, ğŸ’Š Pharmaceuticals,USA
375,Scholar Rock Holding,114, ğŸ’Š Pharmaceuticals,USA
376,Redhill Biopharma,113, ğŸ’Š Pharmaceuticals,Israel
377,ChromaDex,113, ğŸ’Š Pharmaceuticals,USA
378,Phathom Pharmaceuticals,112, ğŸ’Š Pharmaceuticals,USA
379,RAPT Therapeutics,111, ğŸ’Š Pharmaceuticals,USA
380,Acorda Therapeutics,111, ğŸ’Š Pharmaceuticals,USA
381,Theravance Biopharma,111, ğŸ’Š Pharmaceuticals,Cayman Islands
382,PureTech Health,111, ğŸ’Š Pharmaceuticals,USA
383,AlloVir,111, ğŸ’Š Pharmaceuticals,USA
384,Tango Therapeutics,110, ğŸ’Š Pharmaceuticals,USA
385,Praxis Precision Medicines,109, ğŸ’Š Pharmaceuticals,USA
386,iCAD,108, ğŸ’Š Pharmaceuticals,USA
387,Geron,107, ğŸ’Š Pharmaceuticals,USA
388,Syndax Pharmaceuticals,107, ğŸ’Š Pharmaceuticals,USA
389,Morphic Therapeutic,107, ğŸ’Š Pharmaceuticals,USA
390,Keros Therapeutics,107, ğŸ’Š Pharmaceuticals,USA
391,IDEAYA Biosciences,107, ğŸ’Š Pharmaceuticals,USA
392,Cara Therapeutics,106, ğŸ’Š Pharmaceuticals,USA
393,Fusion Pharmaceuticals,106, ğŸ’Š Pharmaceuticals,Canada
394,iBio,105, ğŸ’Š Pharmaceuticals,USA
395,KalVista Pharmaceuticals,105, ğŸ’Š Pharmaceuticals,USA
396,Shattuck Labs,105, ğŸ’Š Pharmaceuticals,USA
397,Protagonist Therapeutics,103, ğŸ’Š Pharmaceuticals,USA
398,Talis Biomedical,102, ğŸ’Š Pharmaceuticals,USA
399,Nanobiotix,102, ğŸ’Š Pharmaceuticals,France
400,Innoviva,101, ğŸ’Š Pharmaceuticals,USA
401,Aclaris Therapeutics,100, ğŸ’Š Pharmaceuticals,USA
402,Scilex Holding,100, ğŸ’Š Pharmaceuticals,USA
403,Arcellx,98, ğŸ’Š Pharmaceuticals,USA
404,IMV,97, ğŸ’Š Pharmaceuticals,Canada
405,Arbutus Biopharma,96, ğŸ’Š Pharmaceuticals,USA
406,AnaptysBio,96, ğŸ’Š Pharmaceuticals,USA
407,scPharmaceuticals,96, ğŸ’Š Pharmaceuticals,USA
408,OmniAb,95, ğŸ’Š Pharmaceuticals,USA
409,Kronos Bio,94, ğŸ’Š Pharmaceuticals,USA
410,Kinnate Biopharma,94, ğŸ’Š Pharmaceuticals,USA
411,Xilio Therapeutics,89, ğŸ’Š Pharmaceuticals,USA
412,Chimerix,89, ğŸ’Š Pharmaceuticals,USA
413,Fulcrum Therapeutics,89, ğŸ’Š Pharmaceuticals,USA
414,ORIC Pharmaceuticals,88, ğŸ’Š Pharmaceuticals,USA
415,DBV Technologies,88, ğŸ’Š Pharmaceuticals,France
416,Solid Biosciences,87, ğŸ’Š Pharmaceuticals,USA
417,Vaxxinity,87, ğŸ’Š Pharmaceuticals,USA
418,ProKidney,87, ğŸ’Š Pharmaceuticals,USA
419,Tarsus Pharmaceuticals,87, ğŸ’Š Pharmaceuticals,USA
420,Viridian Therapeutics,86, ğŸ’Š Pharmaceuticals,USA
421,Zomedica Pharmaceuticals,85, ğŸ’Š Pharmaceuticals,USA
422,ImmunoPrecise Antibodies,85, ğŸ’Š Pharmaceuticals,USA
423,Ocugen,84, ğŸ’Š Pharmaceuticals,USA
424,XBiotech,84, ğŸ’Š Pharmaceuticals,USA
425,Kezar Life Sciences,84, ğŸ’Š Pharmaceuticals,USA
426,Talaris Therapeutics,84, ğŸ’Š Pharmaceuticals,USA
427,Invivyd,84, ğŸ’Š Pharmaceuticals,USA
428,MediWound,83, ğŸ’Š Pharmaceuticals,Israel
429,Centessa Pharmaceuticals,82, ğŸ’Š Pharmaceuticals,UK
430,Catalyst Pharmaceuticals,82, ğŸ’Š Pharmaceuticals,USA
431,Biofrontera,81, ğŸ’Š Pharmaceuticals,USA
432,Aadi Bioscience,80, ğŸ’Š Pharmaceuticals,USA
433,Annexon,80, ğŸ’Š Pharmaceuticals,USA
434,AVROBIO,78, ğŸ’Š Pharmaceuticals,USA
435,Mesoblast,77, ğŸ’Š Pharmaceuticals,Australia
436,Summit Therapeutics,76, ğŸ’Š Pharmaceuticals,UK
437,Ventyx Biosciences,76, ğŸ’Š Pharmaceuticals,USA
438,Capricor Therapeutics,74, ğŸ’Š Pharmaceuticals,USA
439,Genocea Biosciences,74, ğŸ’Š Pharmaceuticals,USA
440,Ikena Oncology,74, ğŸ’Š Pharmaceuticals,USA
441,BeyondSpring,73, ğŸ’Š Pharmaceuticals,USA
442,Immunic,73, ğŸ’Š Pharmaceuticals,USA
443,Atea Pharmaceuticals,73, ğŸ’Š Pharmaceuticals,USA
444,Pyxis Oncology,73, ğŸ’Š Pharmaceuticals,USA
445,Synlogic,72, ğŸ’Š Pharmaceuticals,USA
446,Armata Pharmaceuticals,72, ğŸ’Š Pharmaceuticals,USA
447,Lineage Cell Therapeutics,70, ğŸ’Š Pharmaceuticals,USA
448,Aura Biosciences,70, ğŸ’Š Pharmaceuticals,USA
449,Nuvalent,70, ğŸ’Š Pharmaceuticals,USA
450,Immuneering,68, ğŸ’Š Pharmaceuticals,USA
451,Structure Therapeutics,68, ğŸ’Š Pharmaceuticals,USA
452,Pharvaris,66, ğŸ’Š Pharmaceuticals,Netherlands
453,BioAtla,66, ğŸ’Š Pharmaceuticals,USA
454,Cabaletta Bio,66, ğŸ’Š Pharmaceuticals,USA
455,aTyr Pharma,65, ğŸ’Š Pharmaceuticals,USA
456,ALX Oncology,65, ğŸ’Š Pharmaceuticals,USA
457,Taysha Gene Therapies,65, ğŸ’Š Pharmaceuticals,USA
458,Selecta Biosciences,64, ğŸ’Š Pharmaceuticals,USA
459,Design Therapeutics,64, ğŸ’Š Pharmaceuticals,USA
460,Lyra Therapeutics,64, ğŸ’Š Pharmaceuticals,USA
461,Liquidia Technologies,63, ğŸ’Š Pharmaceuticals,USA
462,Athira Pharma,63, ğŸ’Š Pharmaceuticals,USA
463,Rain Therapeutics,63, ğŸ’Š Pharmaceuticals,USA
464,electroCore,62, ğŸ’Š Pharmaceuticals,USA
465,PMV Pharmaceuticals,62, ğŸ’Š Pharmaceuticals,USA
466,Janux Therapeutics,62, ğŸ’Š Pharmaceuticals,USA
467,HilleVax,62, ğŸ’Š Pharmaceuticals,USA
468,Olema Pharmaceuticals,62, ğŸ’Š Pharmaceuticals,USA
469,CymaBay Therapeutics,60, ğŸ’Š Pharmaceuticals,USA
470,Jaguar Health,60, ğŸ’Š Pharmaceuticals,USA
471,Icosavax,60, ğŸ’Š Pharmaceuticals,USA
472,Vigil Neuroscience,59, ğŸ’Š Pharmaceuticals,USA
473,Verastem Oncology,57, ğŸ’Š Pharmaceuticals,USA
474,Abeona Therapeutics,57, ğŸ’Š Pharmaceuticals,USA
475,IO Biotech,57, ğŸ’Š Pharmaceuticals,Denmark
476,ACELYRIN,56, ğŸ’Š Pharmaceuticals,USA
477,Inozyme Pharma,56, ğŸ’Š Pharmaceuticals,USA
478,Sol-Gel Technologies,55, ğŸ’Š Pharmaceuticals,Israel
479,Biora Therapeutics,54, ğŸ’Š Pharmaceuticals,USA
480,Nuvation Bio,53, ğŸ’Š Pharmaceuticals,USA
481,Altimmune,52, ğŸ’Š Pharmaceuticals,USA
482,Curis,51, ğŸ’Š Pharmaceuticals,USA
483,Disc Medicine,51, ğŸ’Š Pharmaceuticals,USA
484,ESSA Pharma,50, ğŸ’Š Pharmaceuticals,Canada
485,Vivani Medical,50, ğŸ’Š Pharmaceuticals,USA
486,Cybin,50, ğŸ’Š Pharmaceuticals,Canada
487,Actinium Pharmaceuticals,49, ğŸ’Š Pharmaceuticals,USA
488,PepGen,49, ğŸ’Š Pharmaceuticals,USA
489,Mind Medicine,48, ğŸ’Š Pharmaceuticals,USA
490,Reneo Pharmaceuticals,48, ğŸ’Š Pharmaceuticals,USA
491,Frequency Therapeutics,46, ğŸ’Š Pharmaceuticals,USA
492,Ovid Therapeutics,46, ğŸ’Š Pharmaceuticals,USA
493,Vera Therapeutics,46, ğŸ’Š Pharmaceuticals,USA
494,Terns Pharmaceuticals,46, ğŸ’Š Pharmaceuticals,USA
495,Werewolf Therapeutics,46, ğŸ’Š Pharmaceuticals,USA
496,Harpoon Therapeutics,45, ğŸ’Š Pharmaceuticals,USA
497,89bio,45, ğŸ’Š Pharmaceuticals,USA
498,Acrivon Therapeutics,45, ğŸ’Š Pharmaceuticals,USA
499,Leap Therapeutics,44, ğŸ’Š Pharmaceuticals,USA
500,InflaRx,44, ğŸ’Š Pharmaceuticals,Germany
501,Aerovate Therapeutics,43, ğŸ’Š Pharmaceuticals,USA
502,Avadel Pharmaceuticals,41, ğŸ’Š Pharmaceuticals,Ireland
503,BrainStorm Cell Therapeutics,41, ğŸ’Š Pharmaceuticals,USA
504,Akero Therapeutics,41, ğŸ’Š Pharmaceuticals,USA
505,Vincerx Pharma,41, ğŸ’Š Pharmaceuticals,USA
506,Eyenovia,41, ğŸ’Š Pharmaceuticals,USA
507,Cormedix,40, ğŸ’Š Pharmaceuticals,USA
508,X4 Pharmaceuticals,40, ğŸ’Š Pharmaceuticals,USA
509,Milestone Pharmaceuticals,39, ğŸ’Š Pharmaceuticals,Canada
510,SIGA Technologies,39, ğŸ’Š Pharmaceuticals,USA
511,Viracta Therapeutics,39, ğŸ’Š Pharmaceuticals,USA
512,Acumen Pharmaceuticals,39, ğŸ’Š Pharmaceuticals,USA
513,GlycoMimetics,38, ğŸ’Š Pharmaceuticals,USA
514,Anavex Life Sciences,38, ğŸ’Š Pharmaceuticals,USA
515,Vaccinex,38, ğŸ’Š Pharmaceuticals,USA
516,Theseus Pharmaceuticals,38, ğŸ’Š Pharmaceuticals,USA
517,Tyra Biosciences,38, ğŸ’Š Pharmaceuticals,USA
518,MiNK Therapeutics,37, ğŸ’Š Pharmaceuticals,USA
519,Immunome,37, ğŸ’Š Pharmaceuticals,USA
520,SCYNEXIS,36, ğŸ’Š Pharmaceuticals,USA
521,Clearside Biomedical,36, ğŸ’Š Pharmaceuticals,USA
522,Mereo BioPharma Group,36, ğŸ’Š Pharmaceuticals,UK
523,Evofem Biosciences,35, ğŸ’Š Pharmaceuticals,USA
524,Aptose Biosciences,35, ğŸ’Š Pharmaceuticals,Canada
525,Trevena,35, ğŸ’Š Pharmaceuticals,USA
526,AN2 Therapeutics,35, ğŸ’Š Pharmaceuticals,USA
527,Spero Therapeutics,35, ğŸ’Š Pharmaceuticals,USA
528,Verona Pharma,35, ğŸ’Š Pharmaceuticals,UK
529,Jasper Therapeutics,35, ğŸ’Š Pharmaceuticals,USA
530,Matinas BioPharma,34, ğŸ’Š Pharmaceuticals,USA
531,Kala Pharmaceuticals,34, ğŸ’Š Pharmaceuticals,USA
532,Alaunos Therapeutics,34, ğŸ’Š Pharmaceuticals,USA
533,ASLAN Pharmaceuticals,34, ğŸ’Š Pharmaceuticals,Singapore
534,Corbus Pharmaceuticals,33, ğŸ’Š Pharmaceuticals,USA
535,VistaGen Therapeutics,33, ğŸ’Š Pharmaceuticals,USA
536,Lumos Pharma,33, ğŸ’Š Pharmaceuticals,USA
537,Vaccitech,33, ğŸ’Š Pharmaceuticals,UK
538,BiondVax,33, ğŸ’Š Pharmaceuticals,Israel
539,Palatin Technologies,33, ğŸ’Š Pharmaceuticals,USA
540,GH Research,32, ğŸ’Š Pharmaceuticals,Ireland
541,Zevra Therapeutics,32, ğŸ’Š Pharmaceuticals,USA
542,Longboard Pharmaceuticals,32, ğŸ’Š Pharmaceuticals,USA
543,Unity Biotechnology,31, ğŸ’Š Pharmaceuticals,USA
544,Regulus Therapeutics,31, ğŸ’Š Pharmaceuticals,USA
545,Imunon,31, ğŸ’Š Pharmaceuticals,USA
546,Assertio Therapeutics,30, ğŸ’Š Pharmaceuticals,USA
547,Spruce Biosciences,30, ğŸ’Š Pharmaceuticals,USA
548,Oncolytics Biotech,29, ğŸ’Š Pharmaceuticals,Canada
549,Corvus Pharmaceuticals,29, ğŸ’Š Pharmaceuticals,USA
550,Genprex,28, ğŸ’Š Pharmaceuticals,USA
551,Pulmatrix,28, ğŸ’Š Pharmaceuticals,USA
552,NuCana,28, ğŸ’Š Pharmaceuticals,UK
553,Savara Pharmaceuticals,28, ğŸ’Š Pharmaceuticals,USA
554,Third Harmonic Bio,28, ğŸ’Š Pharmaceuticals,USA
555,Oculis Holding AG,28, ğŸ’Š Pharmaceuticals,Switzerland
556,PDS Biotechnology,26, ğŸ’Š Pharmaceuticals,USA
557,Larimar Therapeutics,26, ğŸ’Š Pharmaceuticals,USA
558,Zynerba Pharmaceuticals,25, ğŸ’Š Pharmaceuticals,USA
559,Dare Bioscience,25, ğŸ’Š Pharmaceuticals,USA
560,Hepion Pharmaceuticals,25, ğŸ’Š Pharmaceuticals,USA
561,Athersys,24, ğŸ’Š Pharmaceuticals,USA
562,Petros Pharmaceuticals,24, ğŸ’Š Pharmaceuticals,USA
563,ContraFect,23, ğŸ’Š Pharmaceuticals,USA
564,Agile Therapeutics,22, ğŸ’Š Pharmaceuticals,USA
565,AIM ImmunoTech,22, ğŸ’Š Pharmaceuticals,USA
566,Viking Therapeutics,22, ğŸ’Š Pharmaceuticals,USA
567,Rafael Holdings,22, ğŸ’Š Pharmaceuticals,USA
568,Lantern Pharma,22, ğŸ’Š Pharmaceuticals,USA
569,Verrica Pharmaceuticals,22, ğŸ’Š Pharmaceuticals,USA
570,Trevi Therapeutics,22, ğŸ’Š Pharmaceuticals,USA
571,Quince Therapeutics,21, ğŸ’Š Pharmaceuticals,USA
572,Citius Pharmaceuticals,21, ğŸ’Š Pharmaceuticals,USA
573,Achieve Life Sciences,20, ğŸ’Š Pharmaceuticals,Canada
574,Journey Medical,20, ğŸ’Š Pharmaceuticals,USA
575,MoonLake Immunotherapeutics,20, ğŸ’Š Pharmaceuticals,Switzerland
576,AcelRx Pharmaceuticals,19, ğŸ’Š Pharmaceuticals,USA
577,Tempest Therapeutics,19, ğŸ’Š Pharmaceuticals,USA
578,Longeveron,19, ğŸ’Š Pharmaceuticals,USA
579,Bellerophon Therapeutics,18, ğŸ’Š Pharmaceuticals,USA
580,Aptorum Group,18, ğŸ’Š Pharmaceuticals,Hong Kong
581,MAIA Biotechnology,18, ğŸ’Š Pharmaceuticals,USA
582,Benitec Biopharma,18, ğŸ’Š Pharmaceuticals,USA
583,Lipocine,17, ğŸ’Š Pharmaceuticals,USA
584,Outlook Therapeutics,17, ğŸ’Š Pharmaceuticals,USA
585,Sellas Life Sciences,17, ğŸ’Š Pharmaceuticals,USA
586,NanoViricides,17, ğŸ’Š Pharmaceuticals,USA
587,NewAmsterdam Pharma Company,17, ğŸ’Š Pharmaceuticals,Netherlands
588,Cyclerion Therapeutics,16, ğŸ’Š Pharmaceuticals,USA
589,Adial Pharmaceuticals,16, ğŸ’Š Pharmaceuticals,USA
590,Seelos Therapeutics,16, ğŸ’Š Pharmaceuticals,USA
591,Onconova Therapeutics,16, ğŸ’Š Pharmaceuticals,USA
592,Altamira Therapeutics,16, ğŸ’Š Pharmaceuticals,Bermuda
593,Aldeyra Therapeutics,15, ğŸ’Š Pharmaceuticals,USA
594,Cingulate,15, ğŸ’Š Pharmaceuticals,USA
595,Genelux,15, ğŸ’Š Pharmaceuticals,USA
596,eFFECTOR Therapeutics,15, ğŸ’Š Pharmaceuticals,USA
597,Advaxis,14, ğŸ’Š Pharmaceuticals,USA
598,Iterum Therapeutics,14, ğŸ’Š Pharmaceuticals,Ireland
599,Relmada Therapeutics,14, ğŸ’Š Pharmaceuticals,USA
600,bioAffinity Technologies,14, ğŸ’Š Pharmaceuticals,USA
601,vTv Therapeutics,13, ğŸ’Š Pharmaceuticals,USA
602,Soligenix,13, ğŸ’Š Pharmaceuticals,USA
603,MediciNova,13, ğŸ’Š Pharmaceuticals,USA
604,Regencell Bioscience,13, ğŸ’Š Pharmaceuticals,Hong Kong
605,VYNE Therapeutics,12, ğŸ’Š Pharmaceuticals,USA
606,Galectin Therapeutics,12, ğŸ’Š Pharmaceuticals,USA
607,Allena Pharmaceuticals,12, ğŸ’Š Pharmaceuticals,USA
608,Cocrystal Pharma,12, ğŸ’Š Pharmaceuticals,USA
609,Aptinyx,12, ğŸ’Š Pharmaceuticals,USA
610,Sio Gene Therapies,12, ğŸ’Š Pharmaceuticals,USA
611,Mineralys Therapeutics,12, ğŸ’Š Pharmaceuticals,USA
612,Atossa Therapeutics,11, ğŸ’Š Pharmaceuticals,USA
613,Nuvectis Pharma,11, ğŸ’Š Pharmaceuticals,USA
614,Monopar Therapeutics,11, ğŸ’Š Pharmaceuticals,USA
615,XOMA,11, ğŸ’Š Pharmaceuticals,USA
616,Adamis Pharmaceuticals,11, ğŸ’Š Pharmaceuticals,USA
617,BB Biotech,10, ğŸ’Š Pharmaceuticals,Switzerland
618,Azitra,10, ğŸ’Š Pharmaceuticals,USA
619,Organovo,9, ğŸ’Š Pharmaceuticals,USA
620,Baudax Bio,9, ğŸ’Š Pharmaceuticals,USA
621,Minerva Neurosciences,9, ğŸ’Š Pharmaceuticals,USA
622,Eterna Therapeutics,9, ğŸ’Š Pharmaceuticals,USA
623,Aprea Therapeutics,9, ğŸ’Š Pharmaceuticals,USA
624,Tiziana Life Sciences,9, ğŸ’Š Pharmaceuticals,UK
625,Context Therapeutics,9, ğŸ’Š Pharmaceuticals,USA
626,Phio Pharmaceuticals,9, ğŸ’Š Pharmaceuticals,USA
627,Sonoma Pharmaceuticals,9, ğŸ’Š Pharmaceuticals,USA
628,MyMD Pharmaceuticals,9, ğŸ’Š Pharmaceuticals,USA
629,Ocuphire Pharma,9, ğŸ’Š Pharmaceuticals,USA
630,Ampio Pharmaceuticals,8, ğŸ’Š Pharmaceuticals,USA
631,Can Fite Biopharma,8, ğŸ’Š Pharmaceuticals,Israel
632,Calithera Biosciences,8, ğŸ’Š Pharmaceuticals,USA
633,Okyo Pharma,7, ğŸ’Š Pharmaceuticals,UK
634,Ensysce Biosciences,7, ğŸ’Š Pharmaceuticals,USA
635,Oragenics,6, ğŸ’Š Pharmaceuticals,USA
636,Aileron Therapeutics,6, ğŸ’Š Pharmaceuticals,USA
637,Humanigen,6, ğŸ’Š Pharmaceuticals,USA
638,PainReform,6, ğŸ’Š Pharmaceuticals,Israel
639,Coya Therapeutics,6, ğŸ’Š Pharmaceuticals,USA
640,Portage Biotech,6, ğŸ’Š Pharmaceuticals,British Virgin Islands
641,Avalon GloboCare,5, ğŸ’Š Pharmaceuticals,USA
642,AgeX Therapeutics,5, ğŸ’Š Pharmaceuticals,USA
643,180 Life Sciences,5, ğŸ’Š Pharmaceuticals,USA
644,Belite Bio,5, ğŸ’Š Pharmaceuticals,USA
645,Lipella Pharmaceuticals,5, ğŸ’Š Pharmaceuticals,USA
646,Galmed Pharmaceuticals,4, ğŸ’Š Pharmaceuticals,Israel
647,Evoke Pharma,4, ğŸ’Š Pharmaceuticals,USA
648,Titan Pharmaceuticals,4, ğŸ’Š Pharmaceuticals,USA
649,Anixa Biosciences,4, ğŸ’Š Pharmaceuticals,USA
650,Quoin Pharmaceuticals,4, ğŸ’Š Pharmaceuticals,USA
651,Bullfrog AI,4, ğŸ’Š Pharmaceuticals,USA
652,Xenetic Biosciences,4, ğŸ’Š Pharmaceuticals,USA
653,Intensity Therapeutics,3, ğŸ’Š Pharmaceuticals,USA
654,PaxMedica,3, ğŸ’Š Pharmaceuticals,USA
655,Greenwich LifeSciences,3, ğŸ’Š Pharmaceuticals,USA
656,Cadrenal Therapeutics,3, ğŸ’Š Pharmaceuticals,USA
657,Hoth Therapeutics,2, ğŸ’Š Pharmaceuticals,USA
658,Mangoceuticals,2, ğŸ’Š Pharmaceuticals,USA
659,TherapeuticsMD,1, ğŸ’Š Pharmaceuticals,USA
660,Hillstream BioPharma,1, ğŸ’Š Pharmaceuticals,USA
1,Compass Group,"500,000", ğŸ´ Food,UK
2,Sodexo,"422,000", ğŸ´ Food,France
3,Ahold Delhaize,"414,000", ğŸ´ Food,Netherlands
4,Yum China,"400,000", ğŸ´ Food,China
5,X5 Retail Group,"325,000", ğŸ´ Food,Netherlands
6,NestlÃ©,"275,000", ğŸ´ Food,Switzerland
7,Aramark,"273,875", ğŸ´ Food,USA
8,JBS,"260,000", ğŸ´ Food,Brazil
9,George Weston,"221,285", ğŸ´ Food,Canada
10,Darden Restaurants,"190,000", ğŸ´ Food,USA
11,Tyson Foods,"142,000", ğŸ´ Food,USA
12,Grupo Bimbo,"141,824", ğŸ´ Food,Mexico
13,Muyuan Foods,"140,403", ğŸ´ Food,China
14,Associated British Foods,"132,000", ğŸ´ Food,UK
15,Empire Company,"131,000", ğŸ´ Food,Canada
16,Unilever,"126,988", ğŸ´ Food,UK
17,Chipotle Mexican Grill,"104,958", ğŸ´ Food,USA
18,WH Group,"104,000", ğŸ´ Food,Hong Kong
19,McDonald,"100,000", ğŸ´ Food,USA
20,Wilmar International,"100,000", ğŸ´ Food,Singapore
21,BRF,"100,000", ğŸ´ Food,Brazil
22,Danone,"96,166", ğŸ´ Food,France
23,Indofood,"91,246", ğŸ´ Food,Indonesia
24,Mondelez,"91,000", ğŸ´ Food,USA
25,Bloomin' Brands,"87,000", ğŸ´ Food,USA
26,Texas Roadhouse,"82,000", ğŸ´ Food,USA
27,Hai Di Lao Hot Pot,"73,987", ğŸ´ Food,China
28,Sysco,"71,000", ğŸ´ Food,USA
29,Tingyi (master kang),"64,302", ğŸ´ Food,China
30,Brinker International,"62,025", ğŸ´ Food,USA
31,Pilgrim's Pride,"62,000", ğŸ´ Food,USA
32,Delivery Hero,"51,444", ğŸ´ Food,Germany
33,The Cheesecake Factory,"47,500", ğŸ´ Food,USA
34,Migros Ticaret A.S.,"47,434", ğŸ´ Food,Turkey
35,Mengniu Dairy,"47,329", ğŸ´ Food,China
36,Olam,"43,100", ğŸ´ Food,Singapore
37,Want Want China,"41,229", ğŸ´ Food,Hong Kong
38,Archer Daniels Midland (ADM),"40,360", ğŸ´ Food,USA
39,Dali Foods Group,"39,518", ğŸ´ Food,China
40,Dole PLC,"37,422", ğŸ´ Food,Ireland
41,Kraft Heinz,"37,000", ğŸ´ Food,USA
42,SSP Group,"37,000", ğŸ´ Food,UK
43,Indofood CBP,"35,438", ğŸ´ Food,Indonesia
44,Performance Food Group,"35,000", ğŸ´ Food,USA
45,Almarai,"34,670", ğŸ´ Food,S. Arabia
46,Ajinomoto,"34,615", ğŸ´ Food,Japan
47,General Mills,"34,000", ğŸ´ Food,USA
48,Bachoco,"32,000", ğŸ´ Food,Mexico
49,Sprouts Farmers Market,"31,000", ğŸ´ Food,USA
50,Kirin Holdings,"30,538", ğŸ´ Food,Japan
51,Kellogg's,"30,000", ğŸ´ Food,USA
52,Jubilant FoodWorks,"29,346", ğŸ´ Food,India
53,Fresh Del Monte Produce,"29,168", ğŸ´ Food,Cayman Islands
54,US Foods,"29,000", ğŸ´ Food,USA
55,Greggs,"28,493", ğŸ´ Food,UK
56,(DIA) Distribuidora Internacional de AlimentaciÃ³n,"26,686", ğŸ´ Food,Spain
57,Bid Corp,"24,978", ğŸ´ Food,South Africa
58,Red Robin,"24,335", ğŸ´ Food,USA
59,Just Eat Takeaway,"24,000", ğŸ´ Food,Netherlands
60,Krispy Kreme,"23,500", ğŸ´ Food,USA
61,Gruma (Maseca),"23,500", ğŸ´ Food,Mexico
62,Bunge,"23,000", ğŸ´ Food,USA
63,Kerry Group,"23,000", ğŸ´ Food,Ireland
64,AmRest,"22,450", ğŸ´ Food,Spain
65,BJ's Restaurants,"22,225", ğŸ´ Food,USA
66,Savencia Fromage & Dairy,"21,797", ğŸ´ Food,France
67,Hormel Foods,"20,000", ğŸ´ Food,USA
68,Ocado,"19,744", ğŸ´ Food,UK
69,Fonterra,"19,608", ğŸ´ Food,New Zealand
70,HelloFresh,"19,595", ğŸ´ Food,Germany
71,CafÃ© de Coral,"19,555", ğŸ´ Food,Hong Kong
72,DSM-Firmenich,"19,263", ğŸ´ Food,Switzerland
73,Saputo,"19,200", ğŸ´ Food,Canada
74,SÃ¼dzucker,"19,087", ğŸ´ Food,Germany
75,Hindustan Unilever,"18,970", ğŸ´ Food,India
76,Conagra Brands,"18,600", ğŸ´ Food,USA
77,Strauss Group,"18,160", ğŸ´ Food,Israel
78,The Hershey Company,"18,075", ğŸ´ Food,USA
79,The Restaurant Group plc,"18,000", ğŸ´ Food,UK
80,Meiji Holdings,"17,290", ğŸ´ Food,Japan
81,DoorDash,"16,800", ğŸ´ Food,USA
82,Devyani International,"15,685", ğŸ´ Food,India
83,Nissin Foods,"15,227", ğŸ´ Food,Japan
84,Campbell Soup,"14,700", ğŸ´ Food,USA
85,SATS,"14,600", ğŸ´ Food,Singapore
86,Darling Ingredients,"14,600", ğŸ´ Food,USA
87,McCormick & Company,"14,200", ğŸ´ Food,USA
88,Chocoladefabriken Lindt & SprÃ¼ngli,"14,000", ğŸ´ Food,Switzerland
89,Maple Leaf Foods,"14,000", ğŸ´ Food,Canada
90,Barry Callebaut,"13,672", ğŸ´ Food,Switzerland
91,Mayora,"13,194", ğŸ´ Food,Indonesia
92,Ingredion,"12,000", ğŸ´ Food,USA
93,Papa John's Pizza,"12,000", ğŸ´ Food,USA
94,First Watch Restaurant,"12,000", ğŸ´ Food,USA
95,Grab Holdings,"11,934", ğŸ´ Food,Singapore
96,Jollibee,"11,823", ğŸ´ Food,Philippines
97,Shake Shack,"11,704", ğŸ´ Food,USA
98,SpartanNash,"10,500", ğŸ´ Food,USA
99,Cranswick,"10,422", ğŸ´ Food,UK
100,Post Holdings,"10,420", ğŸ´ Food,USA
101,Mowi,"10,381", ğŸ´ Food,Norway
102,Tiger Brands,"10,158", ğŸ´ Food,South Africa
103,Emmi AG,"9,368", ğŸ´ Food,Switzerland
104,AVI Limited,"9,315", ğŸ´ Food,South Africa
105,Flowers Foods,"9,200", ğŸ´ Food,USA
106,Charoen Pokphand Indonesia,"9,099", ğŸ´ Food,Indonesia
107,Agrana,"8,797", ğŸ´ Food,Austria
108,NestlÃ© India,"8,117", ğŸ´ Food,India
109,Portillo's,"8,040", ğŸ´ Food,USA
110,Lamb Weston,"8,000", ğŸ´ Food,USA
111,Marel,"8,000", ğŸ´ Food,Iceland
112,Noodles & Company,"8,000", ğŸ´ Food,USA
113,Kikkoman,"7,775", ğŸ´ Food,Japan
114,Nomad Foods,"7,535", ğŸ´ Food,UK
115,TreeHouse Foods,"7,500", ğŸ´ Food,USA
116,Chuy's,"7,400", ğŸ´ Food,USA
117,Foshan Haitian Flavouring and Food,"7,313", ğŸ´ Food,China
118,Austevoll Seafood,"7,235", ğŸ´ Food,Norway
119,MTY Food Group,"7,062", ğŸ´ Food,Canada
120,Barbeque Nation Hospitality,"6,878", ğŸ´ Food,India
121,Domino's Pizza,"6,500", ğŸ´ Food,USA
122,Restaurant Brands International,"6,400", ğŸ´ Food,Canada
123,Glanbia plc,"6,163", ğŸ´ Food,Ireland
124,Carrols Restaurant Group,"6,075", ğŸ´ Food,USA
125,Leroy Seafood,"6,000", ğŸ´ Food,Norway
126,Potbelly Corporation,"6,000", ğŸ´ Food,USA
127,Sweetgreen,"5,952", ğŸ´ Food,USA
128,J.M. Smucker Company,"5,800", ğŸ´ Food,USA
129,Fairwood Holdings,"5,600", ğŸ´ Food,Hong Kong
130,Hatsun Agro Products,"5,541", ğŸ´ Food,India
131,Ebro Foods,"5,088", ğŸ´ Food,Spain
132,J&J Snack Foods,"5,000", ğŸ´ Food,USA
133,El Pollo Loco,"4,931", ğŸ´ Food,USA
134,Nestle Malaysia,"4,906", ğŸ´ Food,Malaysia
135,Wendyâ€™s Company,"4,833", ğŸ´ Food,USA
136,Toyo Suisan,"4,745", ğŸ´ Food,Japan
137,Unilever Indonesia,"4,704", ğŸ´ Food,Indonesia
138,PPB Group Berhad,"4,433", ğŸ´ Food,Malaysia
139,Fiesta Restaurant Group,"4,350", ğŸ´ Food,USA
140,Zomato,"4,204", ğŸ´ Food,India
141,The Chefs' Warehouse,"4,124", ğŸ´ Food,USA
142,Sligro Food,"4,113", ğŸ´ Food,Netherlands
143,AAK,"4,000", ğŸ´ Food,Sweden
144,Mission Produce,"3,900", ğŸ´ Food,USA
145,Chr. Hansen,"3,834", ğŸ´ Food,Denmark
146,Denny's,"3,700", ğŸ´ Food,USA
147,The ONE Group Hospitality,"3,700", ğŸ´ Food,USA
148,Tate & Lyle,"3,604", ğŸ´ Food,UK
149,Utz Brands,"3,550", ğŸ´ Food,USA
150,Patanjali Foods,"3,547", ğŸ´ Food,India
151,Dingdong Maicai,"3,363", ğŸ´ Food,China
152,Calavo Growers,"3,266", ğŸ´ Food,USA
153,Lancaster Colony Corporation,"3,200", ğŸ´ Food,USA
154,B&G Foods,"3,093", ğŸ´ Food,USA
155,Hain Celestial,"3,078", ğŸ´ Food,USA
156,Ottogi,"3,018", ğŸ´ Food,S. Korea
157,Cal-Maine Foods,"2,845", ğŸ´ Food,USA
158,Seneca Foods,"2,809", ğŸ´ Food,USA
159,TH International (Tims China),"2,807", ğŸ´ Food,China
160,Hostess Brands,"2,800", ğŸ´ Food,USA
161,Apex Frozen Foods,"2,713", ğŸ´ Food,India
162,Lotus Bakeries,"2,698", ğŸ´ Food,Belgium
163,Adani Wilmar,"2,600", ğŸ´ Food,India
164,Cloetta,"2,600", ğŸ´ Food,Sweden
165,Biglari,"2,559", ğŸ´ Food,USA
166,Corbion,"2,443", ğŸ´ Food,Netherlands
167,GEN Restaurant Group,"2,350", ğŸ´ Food,USA
168,Tootsie Roll Industries,"2,300", ğŸ´ Food,USA
169,McDonald's Japan,"2,272", ğŸ´ Food,Japan
170,East India Distilleries Parry,"2,230", ğŸ´ Food,India
171,Kyokuyo,"2,112", ğŸ´ Food,Japan
172,Kura Sushi USA,"2,100", ğŸ´ Food,USA
173,SalMar ASA,"2,023", ğŸ´ Food,Norway
174,Oatly,"2,009", ğŸ´ Food,Sweden
175,Missfresh,"1,925", ğŸ´ Food,China
176,Village Farms International,"1,800", ğŸ´ Food,Canada
177,Bakkafrost,"1,778", ğŸ´ Food,Denmark
178,PAR Technology,"1,719", ğŸ´ Food,USA
179,Samyang Foods,"1,651", ğŸ´ Food,S. Korea
180,Parag Milk Foods,"1,572", ğŸ´ Food,India
181,Kobe Bussan,"1,565", ğŸ´ Food,Japan
182,Blue Apron Holdings,"1,503", ğŸ´ Food,USA
183,SunOpta,"1,453", ğŸ´ Food,Canada
184,Balchem,"1,331", ğŸ´ Food,USA
185,Italmobiliare,"1,305", ğŸ´ Food,Italy
186,Dhampur Sugar Mills,"1,213", ğŸ´ Food,India
187,FAT Brands,"1,100", ğŸ´ Food,USA
188,Jack in the Box,"1,030", ğŸ´ Food,USA
189,Freshpet,"1,011", ğŸ´ Food,USA
190,HF Foods Group,890, ğŸ´ Food,USA
191,Beyond Meat,787, ğŸ´ Food,USA
192,Fine Organics,760, ğŸ´ Food,India
193,Whole Earth Brands,760, ğŸ´ Food,USA
194,Grieg Seafood,750, ğŸ´ Food,Norway
195,Brim hf.,713, ğŸ´ Food,Iceland
196,Olo,712, ğŸ´ Food,USA
197,Sovos Brands,690, ğŸ´ Food,USA
198,Vadilal Industries,668, ğŸ´ Food,India
199,Dine Brands Global,637, ğŸ´ Food,USA
200,Alto Ingredients,439, ğŸ´ Food,USA
201,The a2 Milk Company,427, ğŸ´ Food,New Zealand
202,Vital Farms,368, ğŸ´ Food,USA
203,YanGuFang International Group,291, ğŸ´ Food,China
204,Lifeway Foods,289, ğŸ´ Food,USA
205,Local Bounti,289, ğŸ´ Food,USA
206,Simply Good Foods,260, ğŸ´ Food,USA
207,Wingstop Restaurants,239, ğŸ´ Food,USA
208,Arnarlax (Icelandic Salmon),177, ğŸ´ Food,Iceland
209,Atlantic Sapphire,177, ğŸ´ Food,Norway
210,Stryve Foods,156, ğŸ´ Food,USA
211,Nathan's Famous,138, ğŸ´ Food,USA
212,Real Good Food plc,130, ğŸ´ Food,UK
213,AquaBounty,100, ğŸ´ Food,USA
214,Edible Garden,77, ğŸ´ Food,USA
215,Vidhi Specialty Food,71, ğŸ´ Food,India
216,Farmmi,56, ğŸ´ Food,China
217,Rave Restaurant Group,24, ğŸ´ Food,USA
218,Moolec Science,12, ğŸ´ Food,Luxembourg
219,BranchOut Food,4, ğŸ´ Food,USA
1,Volkswagen,"676,915", ğŸš— Automakers,Germany
2,BYD,"570,100", ğŸš— Automakers,China
3,Toyota,"375,235", ğŸš— Automakers,Japan
4,Stellantis,"272,367", ğŸš— Automakers,Netherlands
5,Mahindra & Mahindra,"260,000", ğŸš— Automakers,India
6,SAIC Motor,"215,999", ğŸš— Automakers,China
7,Honda,"197,039", ğŸš— Automakers,Japan
8,Ford,"173,000", ğŸš— Automakers,USA
9,Mercedes-Benz,"169,355", ğŸš— Automakers,Germany
10,General Motors,"167,000", ğŸš— Automakers,USA
11,BMW,"149,475", ğŸš— Automakers,Germany
12,Nissan,"131,719", ğŸš— Automakers,Japan
13,Tesla,"127,855", ğŸš— Automakers,USA
14,Dongfeng Motor,"119,420", ğŸš— Automakers,China
15,Renault,"105,812", ğŸš— Automakers,France
16,GAC (Guangzhou Automobile Group),"100,121", ğŸš— Automakers,China
17,Great Wall Motors,"87,367", ğŸš— Automakers,China
18,Tata Motors,"81,811", ğŸš— Automakers,India
19,Suzuki Motor,"70,012", ğŸš— Automakers,Japan
20,Hyundai,"63,942", ğŸš— Automakers,S. Korea
21,Geely,"49,000", ğŸš— Automakers,China
22,Mazda,"48,481", ğŸš— Automakers,Japan
23,Isuzu,"44,495", ğŸš— Automakers,Japan
24,Chongqing Changan,"42,894", ğŸš— Automakers,China
25,Volvo Car,"42,300", ğŸš— Automakers,Sweden
26,Subaru,"37,521", ğŸš— Automakers,Japan
27,Kia,"34,178", ğŸš— Automakers,S. Korea
28,Mitsubishi Motors,"28,428", ğŸš— Automakers,Japan
29,NIO,"26,763", ğŸš— Automakers,China
30,Ford Otosan,"21,007", ğŸš— Automakers,Turkey
31,FAW Car,"20,344", ğŸš— Automakers,China
32,Li Auto,"19,396", ğŸš— Automakers,China
33,Seres Group,"16,777", ğŸš— Automakers,China
34,Maruti Suzuki India,"16,259", ğŸš— Automakers,India
35,Polaris,"16,200", ğŸš— Automakers,USA
36,XPeng,"15,829", ğŸš— Automakers,China
37,Rivian,"14,122", ğŸš— Automakers,USA
38,Leapmotor,"8,336", ğŸš— Automakers,China
39,Lucid Motors,"7,200", ğŸš— Automakers,USA
40,TofaÅŸ TÃ¼rk Otomobil FabrikasÄ±,"5,528", ğŸš— Automakers,Turkey
41,Ferrari,"4,961", ğŸš— Automakers,Italy
42,Force Motors,"3,928", ğŸš— Automakers,India
43,Arrival,"2,695", ğŸš— Automakers,UK
44,Aston Martin,"2,473", ğŸš— Automakers,UK
45,Polestar,"2,377", ğŸš— Automakers,Sweden
46,Nikola,"1,500", ğŸš— Automakers,USA
47,Kandi Technologies Group,971, ğŸš— Automakers,China
48,Fisker,900, ğŸš— Automakers,USA
49,Canoo,812, ğŸš— Automakers,USA
50,Faraday Future,586, ğŸš— Automakers,USA
51,REE Automotive,291, ğŸš— Automakers,Israel
52,Cenntro Electric Group,279, ğŸš— Automakers,USA
53,Arcimoto,153, ğŸš— Automakers,USA
54,Mullen Automotive,118, ğŸš— Automakers,USA
55,Electra Meccanica,104, ğŸš— Automakers,Canada
56,NWTN Inc.,103, ğŸš— Automakers,UAE
57,Phoenix Motor,60, ğŸš— Automakers,USA
1,Amazon,"1,541,000",ğŸ›’ E-Commerce,USA
2,Jingdong Mall,"450,679",ğŸ›’ E-Commerce,China
3,Alibaba,"235,216",ğŸ›’ E-Commerce,China
4,Meituan,"91,932",ğŸ›’ E-Commerce,China
5,Sea (Garena),"63,800",ğŸ›’ E-Commerce,Singapore
6,Coupang,"63,000",ğŸ›’ E-Commerce,S. Korea
7,MercadoLibre,"40,548",ğŸ›’ E-Commerce,Argentina
8,Rakuten,"32,079",ğŸ›’ E-Commerce,Japan
9,Ocado,"19,744",ğŸ›’ E-Commerce,UK
10,Chewy,"19,400",ğŸ›’ E-Commerce,USA
11,Zalando,"16,761",ğŸ›’ E-Commerce,Germany
12,Carvana,"16,600",ğŸ›’ E-Commerce,USA
13,Wayfair,"15,745",ğŸ›’ E-Commerce,USA
14,Cimpress,"15,000",ğŸ›’ E-Commerce,Ireland
15,Ozon,"14,834",ğŸ›’ E-Commerce,USA
16,Pinduoduo,"12,992",ğŸ›’ E-Commerce,China
17,Shopify,"11,600",ğŸ›’ E-Commerce,Canada
18,eBay,"11,600",ğŸ›’ E-Commerce,USA
19,Copart,"9,500",ğŸ›’ E-Commerce,USA
20,GoTo,"9,113",ğŸ›’ E-Commerce,Indonesia
21,THG (The Hut Group),"8,239",ğŸ›’ E-Commerce,UK
22,Baozun,"7,588",ğŸ›’ E-Commerce,China
23,Vipshop,"6,815",ğŸ›’ E-Commerce,China
24,Schibsted,"6,161",ğŸ›’ E-Commerce,Norway
25,Global Fashion Group,"6,031",ğŸ›’ E-Commerce,Luxembourg
26,Allegro.eu,"5,930",ğŸ›’ E-Commerce,Poland
27,Adevinta,"5,700",ğŸ›’ E-Commerce,Norway
28,Boohoo Group,"5,567",ğŸ›’ E-Commerce,UK
29,IndiaMART,"4,583",ğŸ›’ E-Commerce,India
30,Jumia,"4,318",ğŸ›’ E-Commerce,Germany
31,CEWE,"4,000",ğŸ›’ E-Commerce,Germany
32,SIGNA Sports United,"3,623",ğŸ›’ E-Commerce,Germany
33,The RealReal,"3,468",ğŸ›’ E-Commerce,USA
34,Dingdong Maicai,"3,363",ğŸ›’ E-Commerce,China
35,ASOS,"3,351",ğŸ›’ E-Commerce,UK
36,Lightspeed POS,"3,000",ğŸ›’ E-Commerce,Canada
37,Groupon,"2,904",ğŸ›’ E-Commerce,USA
38,Etsy,"2,790",ğŸ›’ E-Commerce,USA
39,Nykaa,"2,764",ğŸ›’ E-Commerce,India
40,JD Health,"2,739",ğŸ›’ E-Commerce,China
41,Dada Nexus,"2,631",ğŸ›’ E-Commerce,China
42,ThredUp,"2,416",ğŸ›’ E-Commerce,USA
43,Mercari,"2,209",ğŸ›’ E-Commerce,Japan
44,Hong Kong Technology Venture Company (HKTV),"2,186",ğŸ›’ E-Commerce,Hong Kong
45,Zur Rose Group,"2,131",ğŸ›’ E-Commerce,Switzerland
46,Missfresh,"1,925",ğŸ›’ E-Commerce,China
47,Allied Tecnologia,"1,900",ğŸ›’ E-Commerce,Brazil
48,Bukalapak.com,"1,762",ğŸ›’ E-Commerce,Indonesia
49,Redcare Pharmacy,"1,638",ğŸ›’ E-Commerce,Netherlands
50,Alibaba Health Information Technology,"1,560",ğŸ›’ E-Commerce,Hong Kong
51,ZOZO,"1,555",ğŸ›’ E-Commerce,Japan
52,CarParts.com,"1,532",ğŸ›’ E-Commerce,USA
53,BigCommerce,"1,500",ğŸ›’ E-Commerce,USA
54,Revolve,"1,384",ğŸ›’ E-Commerce,USA
55,Newegg,"1,355",ğŸ›’ E-Commerce,USA
56,PFSweb,"1,352",ğŸ›’ E-Commerce,USA
57,Mister Spex,"1,350",ğŸ›’ E-Commerce,Germany
58,VTEX,"1,349",ğŸ›’ E-Commerce,UK
59,Monotaro,"1,275",ğŸ›’ E-Commerce,Japan
60,About You,"1,257",ğŸ›’ E-Commerce,Germany
61,Wirtualna Polska (WP Holding),"1,208",ğŸ›’ E-Commerce,Poland
62,MYT Netherlands Parent (Mytheresa),"1,196",ğŸ›’ E-Commerce,Germany
63,Overstock.com,"1,050",ğŸ›’ E-Commerce,USA
64,a.k.a. Brands,"1,000",ğŸ›’ E-Commerce,USA
65,ContextLogic (wish.com),886,ğŸ›’ E-Commerce,USA
66,Rent the Runway,880,ğŸ›’ E-Commerce,USA
67,Onion Global,855,ğŸ›’ E-Commerce,China
68,LightInTheBox Holding,816,ğŸ›’ E-Commerce,Singapore
69,Uxin Limited,814,ğŸ›’ E-Commerce,China
70,Lulu's Fashion Lounge,805,ğŸ›’ E-Commerce,USA
71,Global-e,767,ğŸ›’ E-Commerce,Israel
72,Infibeam Avenues,750,ğŸ›’ E-Commerce,India
73,Liquidity Services,735,ğŸ›’ E-Commerce,USA
74,The Original BARK Company,643,ğŸ›’ E-Commerce,USA
75,Vivid Seats,575,ğŸ›’ E-Commerce,USA
76,Yunji,493,ğŸ›’ E-Commerce,China
77,Polished.com,482,ğŸ›’ E-Commerce,USA
78,Shift Technologies,459,ğŸ›’ E-Commerce,USA
79,MSTC Limited,315,ğŸ›’ E-Commerce,India
80,1stdibs.Com,310,ğŸ›’ E-Commerce,USA
81,1-800-PetMeds,302,ğŸ›’ E-Commerce,USA
82,Nogin,213,ğŸ›’ E-Commerce,USA
83,Hour Loop,186,ğŸ›’ E-Commerce,USA
84,Natural Health Trends,136,ğŸ›’ E-Commerce,USA
85,Upexi,130,ğŸ›’ E-Commerce,USA
86,Katapult Holdings,120,ğŸ›’ E-Commerce,USA
87,Kaspien,80,ğŸ›’ E-Commerce,USA
88,Treasure Global,48,ğŸ›’ E-Commerce,Malaysia
89,Kidpik,25,ğŸ›’ E-Commerce,USA
90,Jeffs' Brands,9,ğŸ›’ E-Commerce,Israel
1,Yum China,"400,000",ğŸ” Restaurant chains,China
2,Darden Restaurants,"190,000",ğŸ” Restaurant chains,USA
3,Chipotle Mexican Grill,"104,958",ğŸ” Restaurant chains,USA
4,McDonald,"100,000",ğŸ” Restaurant chains,USA
5,Bloomin' Brands,"87,000",ğŸ” Restaurant chains,USA
6,Texas Roadhouse,"82,000",ğŸ” Restaurant chains,USA
7,Hai Di Lao Hot Pot,"73,987",ğŸ” Restaurant chains,China
8,Brinker International,"62,025",ğŸ” Restaurant chains,USA
9,The Cheesecake Factory,"47,500",ğŸ” Restaurant chains,USA
10,SSP Group,"37,000",ğŸ” Restaurant chains,UK
11,Yum! Brands,"36,000",ğŸ” Restaurant chains,USA
12,Red Robin,"24,335",ğŸ” Restaurant chains,USA
13,Dave & Buster's,"22,748",ğŸ” Restaurant chains,USA
14,AmRest,"22,450",ğŸ” Restaurant chains,Spain
15,BJ's Restaurants,"22,225",ğŸ” Restaurant chains,USA
16,CafÃ© de Coral,"19,555",ğŸ” Restaurant chains,Hong Kong
17,The Restaurant Group plc,"18,000",ğŸ” Restaurant chains,UK
18,Devyani International,"15,685",ğŸ” Restaurant chains,India
19,Papa John's Pizza,"12,000",ğŸ” Restaurant chains,USA
20,First Watch Restaurant,"12,000",ğŸ” Restaurant chains,USA
21,Jollibee,"11,823",ğŸ” Restaurant chains,Philippines
22,Shake Shack,"11,704",ğŸ” Restaurant chains,USA
23,Portillo's,"8,040",ğŸ” Restaurant chains,USA
24,Noodles & Company,"8,000",ğŸ” Restaurant chains,USA
25,Chuy's,"7,400",ğŸ” Restaurant chains,USA
26,MTY Food Group,"7,062",ğŸ” Restaurant chains,Canada
27,Barbeque Nation Hospitality,"6,878",ğŸ” Restaurant chains,India
28,Domino's Pizza,"6,500",ğŸ” Restaurant chains,USA
29,Restaurant Brands International,"6,400",ğŸ” Restaurant chains,Canada
30,Carrols Restaurant Group,"6,075",ğŸ” Restaurant chains,USA
31,Potbelly Corporation,"6,000",ğŸ” Restaurant chains,USA
32,Sweetgreen,"5,952",ğŸ” Restaurant chains,USA
33,Fairwood Holdings,"5,600",ğŸ” Restaurant chains,Hong Kong
34,El Pollo Loco,"4,931",ğŸ” Restaurant chains,USA
35,Wendyâ€™s Company,"4,833",ğŸ” Restaurant chains,USA
36,Fiesta Restaurant Group,"4,350",ğŸ” Restaurant chains,USA
37,Denny's,"3,700",ğŸ” Restaurant chains,USA
38,The ONE Group Hospitality,"3,700",ğŸ” Restaurant chains,USA
39,TH International (Tims China),"2,807",ğŸ” Restaurant chains,China
40,Biglari,"2,559",ğŸ” Restaurant chains,USA
41,GEN Restaurant Group,"2,350",ğŸ” Restaurant chains,USA
42,McDonald's Japan,"2,272",ğŸ” Restaurant chains,Japan
43,Kura Sushi USA,"2,100",ğŸ” Restaurant chains,USA
44,FAT Brands,"1,100",ğŸ” Restaurant chains,USA
45,Jack in the Box,"1,030",ğŸ” Restaurant chains,USA
46,Dine Brands Global,637,ğŸ” Restaurant chains,USA
47,Wingstop Restaurants,239,ğŸ” Restaurant chains,USA
48,Nathan's Famous,138,ğŸ” Restaurant chains,USA
49,Rave Restaurant Group,24,ğŸ” Restaurant chains,USA
