Rank,Category,Company,Market_Capital,Country
1, ğŸ’Š Pharmaceuticals,Eli Lilly,564920000000.0,USA
2, ğŸ’Š Pharmaceuticals,Novo Nordisk,460640000000.0,Denmark
3, ğŸ’Š Pharmaceuticals,Johnson & Johnson,363060000000.0,USA
4, ğŸ’Š Pharmaceuticals,Merck,257649999999.99997,USA
5, ğŸ’Š Pharmaceuticals,AbbVie,244470000000.0,USA
6, ğŸ’Š Pharmaceuticals,Roche,216420000000.0,Switzerland
7, ğŸ’Š Pharmaceuticals,Novartis,200040000000.0,Switzerland
8, ğŸ’Š Pharmaceuticals,AstraZeneca,197570000000.0,UK
9, ğŸ’Š Pharmaceuticals,Pfizer,171190000000.0,USA
10, ğŸ’Š Pharmaceuticals,Amgen,141600000000.0,USA
11, ğŸ’Š Pharmaceuticals,Sanofi,117120000000.0,France
12, ğŸ’Š Pharmaceuticals,Bristol-Myers Squibb,100550000000.0,USA
13, ğŸ’Š Pharmaceuticals,Gilead Sciences,94320000000.0,USA
14, ğŸ’Š Pharmaceuticals,Vertex Pharmaceuticals,91020000000.0,USA
15, ğŸ’Š Pharmaceuticals,CVS Health,88970000000.0,USA
16, ğŸ’Š Pharmaceuticals,Regeneron Pharmaceuticals,87120000000.0,USA
17, ğŸ’Š Pharmaceuticals,Zoetis,82340000000.0,USA
18, ğŸ’Š Pharmaceuticals,CSL,81800000000.0,Australia
19, ğŸ’Š Pharmaceuticals,Merck KGaA,75860000000.0,Germany
20, ğŸ’Š Pharmaceuticals,GlaxoSmithKline,72590000000.0,UK
21, ğŸ’Š Pharmaceuticals,Chugai Pharmaceutical,54420000000.0,Japan
22, ğŸ’Š Pharmaceuticals,Daiichi SankyÅ,52100000000.0,Japan
23, ğŸ’Š Pharmaceuticals,Takeda Pharmaceutical,44310000000.0,Japan
24, ğŸ’Š Pharmaceuticals,Jiangsu Hengrui Medicine,42140000000.0,China
25, ğŸ’Š Pharmaceuticals,Seagen,40190000000.0,USA
26, ğŸ’Š Pharmaceuticals,WuXi AppTec,35580000000.0,China
27, ğŸ’Š Pharmaceuticals,Bayer,35080000000.0,Germany
28, ğŸ’Š Pharmaceuticals,Sun Pharmaceutical,34530000000.0,India
29, ğŸ’Š Pharmaceuticals,Biogen,33500000000.0,USA
30, ğŸ’Š Pharmaceuticals,Moderna,29800000000.0,USA
31, ğŸ’Š Pharmaceuticals,Lonza,29230000000.0,Switzerland
32, ğŸ’Š Pharmaceuticals,Argenx,29120000000.0,Netherlands
33, ğŸ’Š Pharmaceuticals,Horizon Therapeutics,26630000000.0,Ireland
34, ğŸ’Š Pharmaceuticals,West Pharmaceutical,25980000000.0,USA
35, ğŸ’Š Pharmaceuticals,WuXi Biologics,25870000000.0,China
36, ğŸ’Š Pharmaceuticals,BioNTech,23480000000.0,Germany
37, ğŸ’Š Pharmaceuticals,ICON plc,22380000000.0,Ireland
38, ğŸ’Š Pharmaceuticals,Astellas Pharma,21770000000.0,Japan
39, ğŸ’Š Pharmaceuticals,Genmab,20600000000.0,Denmark
40, ğŸ’Š Pharmaceuticals,Alnylam Pharmaceuticals,20440000000.0,USA
41, ğŸ’Š Pharmaceuticals,Otsuka Holdings,20280000000.0,Japan
42, ğŸ’Š Pharmaceuticals,BeiGene,20140000000.0,China
43, ğŸ’Š Pharmaceuticals,Celltrion,18480000000.0,S. Korea
44, ğŸ’Š Pharmaceuticals,Baxter,18190000000.0,USA
45, ğŸ’Š Pharmaceuticals,LabCorp,17960000000.0,USA
46, ğŸ’Š Pharmaceuticals,Walgreens Boots Alliance,17870000000.0,USA
47, ğŸ’Š Pharmaceuticals,BioMarin Pharmaceutical,16649999999.999998,USA
48, ğŸ’Š Pharmaceuticals,Royalty Pharma,16290000000.0,UK
49, ğŸ’Š Pharmaceuticals,Eisai,14790000000.0,Japan
50, ğŸ’Š Pharmaceuticals,UCB,14230000000.0,Belgium
51, ğŸ’Š Pharmaceuticals,Shionogi,13670000000.0,Japan
52, ğŸ’Š Pharmaceuticals,Incyte,11960000000.0,USA
53, ğŸ’Š Pharmaceuticals,Divis Laboratories,11750000000.0,India
54, ğŸ’Š Pharmaceuticals,Hansoh Pharma,11370000000.0,China
55, ğŸ’Š Pharmaceuticals,Cipla,11340000000.0,India
56, ğŸ’Š Pharmaceuticals,Dr. Reddy's,11310000000.0,India
57, ğŸ’Š Pharmaceuticals,Viatris,11240000000.0,USA
58, ğŸ’Š Pharmaceuticals,Legend Biotech,10950000000.0,USA
59, ğŸ’Š Pharmaceuticals,Neurocrine Biosciences,10900000000.0,USA
60, ğŸ’Š Pharmaceuticals,United Therapeutics,10830000000.0,USA
61, ğŸ’Š Pharmaceuticals,Teva Pharmaceutical Industries,10670000000.0,Israel
62, ğŸ’Š Pharmaceuticals,Bio-Techne,10050000000.0,USA
63, ğŸ’Š Pharmaceuticals,Recordati,10020000000.0,Italy
64, ğŸ’Š Pharmaceuticals,Ipsen,9410000000.0,France
65, ğŸ’Š Pharmaceuticals,Sino Biopharmaceutical,9350000000.0,China
66, ğŸ’Š Pharmaceuticals,Mankind Pharma,9300000000.0,India
67, ğŸ’Š Pharmaceuticals,Ono Pharmaceutical,8980000000.0,Japan
68, ğŸ’Š Pharmaceuticals,kyowa Kirin,8860000000.0,Japan
69, ğŸ’Š Pharmaceuticals,Torrent Pharmaceuticals,8560000000.000001,India
70, ğŸ’Š Pharmaceuticals,Medpace,8490000000.0,USA
71, ğŸ’Š Pharmaceuticals,Grifols,8320000000.0,Spain
72, ğŸ’Š Pharmaceuticals,Swedish Orphan Biovitrum,8300000000.000001,Sweden
73, ğŸ’Š Pharmaceuticals,Sinopharm,7980000000.0,China
74, ğŸ’Š Pharmaceuticals,Sarepta Therapeutics,7830000000.0,USA
75, ğŸ’Š Pharmaceuticals,Zydus Lifesciences,7670000000.0,India
76, ğŸ’Š Pharmaceuticals,Jazz Pharmaceuticals,7660000000.0,Ireland
77, ğŸ’Š Pharmaceuticals,Aurobindo Pharma,7230000000.0,India
78, ğŸ’Š Pharmaceuticals,Roivant Sciences,7230000000.0,UK
79, ğŸ’Š Pharmaceuticals,Catalent,7130000000.0,USA
80, ğŸ’Š Pharmaceuticals,Ionis Pharmaceuticals,7110000000.0,USA
81, ğŸ’Š Pharmaceuticals,Karuna Therapeutics,7090000000.0,USA
82, ğŸ’Š Pharmaceuticals,Exelixis,6680000000.0,USA
83, ğŸ’Š Pharmaceuticals,Lupin Limited,6550000000.0,India
84, ğŸ’Š Pharmaceuticals,Alkem Laboratories,6490000000.0,India
85, ğŸ’Š Pharmaceuticals,Abbott India,6090000000.0,India
86, ğŸ’Š Pharmaceuticals,Hualan Biological Engineering,5950000000.0,China
87, ğŸ’Š Pharmaceuticals,Bachem,5920000000.0,Switzerland
88, ğŸ’Š Pharmaceuticals,Elanco,5870000000.0,USA
89, ğŸ’Š Pharmaceuticals,Intra-Cellular Therapies,5700000000.0,USA
90, ğŸ’Š Pharmaceuticals,Orion Corporation,5640000000.0,Finland
91, ğŸ’Š Pharmaceuticals,CRISPR Therapeutics,5590000000.0,Switzerland
92, ğŸ’Š Pharmaceuticals,Dechra Pharmaceuticals,5460000000.0,UK
93, ğŸ’Š Pharmaceuticals,Halozyme Therapeutics,5290000000.0,USA
94, ğŸ’Š Pharmaceuticals,Ascendis Pharma,5250000000.0,Denmark
95, ğŸ’Š Pharmaceuticals,BridgeBio Pharma,5130000000.0,USA
96, ğŸ’Š Pharmaceuticals,Akeso,5110000000.0,China
97, ğŸ’Š Pharmaceuticals,Rohto Pharmaceutical,4860000000.0,Japan
98, ğŸ’Š Pharmaceuticals,Hikma Pharmaceuticals,4850000000.0,UK
99, ğŸ’Š Pharmaceuticals,Lundbeck,4740000000.0,Denmark
100, ğŸ’Š Pharmaceuticals,Immunovant,4720000000.0,USA
101, ğŸ’Š Pharmaceuticals,Richter Gedeon,4640000000.0,Hungary
102, ğŸ’Š Pharmaceuticals,Cerevel Therapeutics,4380000000.0,USA
103, ğŸ’Š Pharmaceuticals,ImmunoGen,4290000000.0,USA
104, ğŸ’Š Pharmaceuticals,Aspen Pharmacare,4240000000.0,South Africa
105, ğŸ’Š Pharmaceuticals,China Resources Pharmaceutical Group,4139999999.9999995,Hong Kong
106, ğŸ’Š Pharmaceuticals,Perrigo,4120000000.0,Ireland
107, ğŸ’Š Pharmaceuticals,Blueprint Medicines,4070000000.0000005,USA
108, ğŸ’Š Pharmaceuticals,Alkermes,4059999999.9999995,Ireland
109, ğŸ’Š Pharmaceuticals,Galenica,4010000000.0,Switzerland
110, ğŸ’Š Pharmaceuticals,Mirati Therapeutics,3980000000.0,USA
111, ğŸ’Š Pharmaceuticals,Nuvalent,3910000000.0,USA
112, ğŸ’Š Pharmaceuticals,Siegfried Holding,3780000000.0,Switzerland
113, ğŸ’Š Pharmaceuticals,Clicks Group,3760000000.0,South Africa
114, ğŸ’Š Pharmaceuticals,Evotec,3660000000.0,Germany
115, ğŸ’Š Pharmaceuticals,ACADIA Pharmaceuticals,3610000000.0,USA
116, ğŸ’Š Pharmaceuticals,KOBAYASHI Pharmaceutical,3460000000.0,Japan
117, ğŸ’Š Pharmaceuticals,Biocon,3380000000.0,India
118, ğŸ’Š Pharmaceuticals,Gland Pharma,3370000000.0,India
119, ğŸ’Š Pharmaceuticals,Yuhan,3370000000.0,S. Korea
120, ğŸ’Š Pharmaceuticals,Santen Pharmaceutical,3320000000.0,Japan
121, ğŸ’Š Pharmaceuticals,Ipca Laboratories,3240000000.0,India
122, ğŸ’Š Pharmaceuticals,Olink Holding,3210000000.0,Sweden
123, ğŸ’Š Pharmaceuticals,HUTCHMED,3170000000.0,Hong Kong
124, ğŸ’Š Pharmaceuticals,Ultragenyx,3130000000.0,USA
125, ğŸ’Š Pharmaceuticals,Cytokinetics,3120000000.0,USA
126, ğŸ’Š Pharmaceuticals,Amicus Therapeutics,3120000000.0,USA
127, ğŸ’Š Pharmaceuticals,Arrowhead Pharmaceuticals,3100000000.0,USA
128, ğŸ’Š Pharmaceuticals,Glaukos,3070000000.0,USA
129, ğŸ’Š Pharmaceuticals,Laboratorios Farmaceuticos Rovi,3040000000.0,Spain
130, ğŸ’Š Pharmaceuticals,Taisho Pharmaceutical,3020000000.0,Japan
131, ğŸ’Š Pharmaceuticals,ALK-AbellÃ³,3020000000.0,Denmark
132, ğŸ’Š Pharmaceuticals,Ginkgo Bioworks,2920000000.0,USA
133, ğŸ’Š Pharmaceuticals,Krystal Biotech,2870000000.0,USA
134, ğŸ’Š Pharmaceuticals,Organon,2870000000.0,USA
135, ğŸ’Š Pharmaceuticals,Axsome Therapeutics,2840000000.0,USA
136, ğŸ’Š Pharmaceuticals,Zealand Pharma,2800000000.0,Denmark
137, ğŸ’Š Pharmaceuticals,ImmunityBio,2790000000.0,USA
138, ğŸ’Š Pharmaceuticals,Zai Lab,2710000000.0,China
139, ğŸ’Š Pharmaceuticals,MoonLake Immunotherapeutics,2710000000.0,Switzerland
140, ğŸ’Š Pharmaceuticals,Intellia Therapeutics,2700000000.0,USA
141, ğŸ’Š Pharmaceuticals,Amphastar Pharmaceuticals,2680000000.0,USA
142, ğŸ’Š Pharmaceuticals,Glenmark Pharmaceuticals,2620000000.0,India
143, ğŸ’Š Pharmaceuticals,Corcept Therapeutics,2610000000.0,USA
144, ğŸ’Š Pharmaceuticals,Arcellx,2590000000.0,USA
145, ğŸ’Š Pharmaceuticals,Virbac SA,2550000000.0,France
146, ğŸ’Š Pharmaceuticals,Bausch Health,2500000000.0,Canada
147, ğŸ’Š Pharmaceuticals,Nippon Shinyaku,2460000000.0,Japan
148, ğŸ’Š Pharmaceuticals,Galapagos NV,2430000000.0,Belgium
149, ğŸ’Š Pharmaceuticals,Alvotech,2420000000.0,Iceland
150, ğŸ’Š Pharmaceuticals,Biohaven Pharmaceutical,2420000000.0,USA
151, ğŸ’Š Pharmaceuticals,BB Biotech,2410000000.0,Switzerland
152, ğŸ’Š Pharmaceuticals,Beam Therapeutics,2400000000.0,USA
153, ğŸ’Š Pharmaceuticals,Laurus Labs,2380000000.0,India
154, ğŸ’Š Pharmaceuticals,Indivior PLC,2380000000.0,USA
155, ğŸ’Š Pharmaceuticals,Structure Therapeutics,2380000000.0,USA
156, ğŸ’Š Pharmaceuticals,Immunocore,2230000000.0,UK
157, ğŸ’Š Pharmaceuticals,Sanofi India Limited,2200000000.0,India
158, ğŸ’Š Pharmaceuticals,Crinetics Pharmaceuticals,2049999999.9999998,USA
159, ğŸ’Š Pharmaceuticals,IDEAYA Biosciences,2029999999.9999998,USA
160, ğŸ’Š Pharmaceuticals,CymaBay Therapeutics,2020000000.0,USA
161, ğŸ’Š Pharmaceuticals,Telix Pharmaceuticals,1990000000.0,Australia
162, ğŸ’Š Pharmaceuticals,Rhythm Pharmaceuticals,1980000000.0,USA
163, ğŸ’Š Pharmaceuticals,Rocket Pharmaceuticals,1970000000.0,USA
164, ğŸ’Š Pharmaceuticals,Piramal Pharma,1970000000.0,India
165, ğŸ’Š Pharmaceuticals,TG Therapeutics,1910000000.0,USA
166, ğŸ’Š Pharmaceuticals,Almirall,1910000000.0,Spain
167, ğŸ’Š Pharmaceuticals,Hanmi Pharmaceutical,1890000000.0,S. Korea
168, ğŸ’Š Pharmaceuticals,Xenon Pharmaceuticals,1870000000.0,Canada
169, ğŸ’Š Pharmaceuticals,Neumora Therapeutics,1810000000.0,USA
170, ğŸ’Š Pharmaceuticals,ProKidney,1810000000.0,USA
171, ğŸ’Š Pharmaceuticals,Prothena,1750000000.0,Ireland
172, ğŸ’Š Pharmaceuticals,Dynavax Technologies,1740000000.0,USA
173, ğŸ’Š Pharmaceuticals,Bavarian Nordic,1710000000.0,Denmark
174, ğŸ’Š Pharmaceuticals,Alembic Pharmaceuticals,1700000000.0,India
175, ğŸ’Š Pharmaceuticals,Natco Pharma,1690000000.0,India
176, ğŸ’Š Pharmaceuticals,Vericel,1690000000.0,USA
177, ğŸ’Š Pharmaceuticals,Harmony Biosciences,1660000000.0,USA
178, ğŸ’Š Pharmaceuticals,PTC Therapeutics,1630000000.0,USA
179, ğŸ’Š Pharmaceuticals,Biotest,1590000000.0,Germany
180, ğŸ’Š Pharmaceuticals,Celldex Therapeutics,1510000000.0,USA
181, ğŸ’Š Pharmaceuticals,Supernus Pharmaceuticals,1490000000.0,USA
182, ğŸ’Š Pharmaceuticals,Mirum Pharmaceuticals,1490000000.0,USA
183, ğŸ’Š Pharmaceuticals,Ironwood Pharmaceuticals,1480000000.0,USA
184, ğŸ’Š Pharmaceuticals,Catalyst Pharmaceuticals,1470000000.0,USA
185, ğŸ’Š Pharmaceuticals,Recursion Pharmaceuticals,1460000000.0,USA
186, ğŸ’Š Pharmaceuticals,POINT Biopharma,1440000000.0,USA
187, ğŸ’Š Pharmaceuticals,RayzeBio,1420000000.0,USA
188, ğŸ’Š Pharmaceuticals,Taro Pharmaceutical,1380000000.0,Israel
189, ğŸ’Š Pharmaceuticals,Iovance Biotherapeutics,1380000000.0,USA
190, ğŸ’Š Pharmaceuticals,Fagron,1370000000.0,Belgium
191, ğŸ’Š Pharmaceuticals,Summit Therapeutics,1360000000.0,UK
192, ğŸ’Š Pharmaceuticals,Merus,1360000000.0,Netherlands
193, ğŸ’Š Pharmaceuticals,Amneal Pharmaceuticals,1360000000.0,USA
194, ğŸ’Š Pharmaceuticals,Tilray,1300000000.0,Canada
195, ğŸ’Š Pharmaceuticals,Maravai LifeSciences,1290000000.0,USA
196, ğŸ’Š Pharmaceuticals,Aurinia Pharmaceuticals,1290000000.0,Canada
197, ğŸ’Š Pharmaceuticals,SpringWorks Therapeutics,1290000000.0,USA
198, ğŸ’Š Pharmaceuticals,AbCellera,1280000000.0,Canada
199, ğŸ’Š Pharmaceuticals,Sumitomo Pharma,1270000000.0,Japan
200, ğŸ’Š Pharmaceuticals,Disc Medicine,1250000000.0,USA
201, ğŸ’Š Pharmaceuticals,Agios Pharmaceuticals,1220000000.0,USA
202, ğŸ’Š Pharmaceuticals,Curevac,1220000000.0,Germany
203, ğŸ’Š Pharmaceuticals,Arvinas,1170000000.0,USA
204, ğŸ’Š Pharmaceuticals,Sage Therapeutics,1160000000.0,USA
205, ğŸ’Š Pharmaceuticals,Viking Therapeutics,1150000000.0,USA
206, ğŸ’Š Pharmaceuticals,Morphic Therapeutic,1150000000.0,USA
207, ğŸ’Š Pharmaceuticals,EQRx,1140000000.0,USA
208, ğŸ’Š Pharmaceuticals,Xencor,1140000000.0,USA
209, ğŸ’Š Pharmaceuticals,Verona Pharma,1120000000.0,UK
210, ğŸ’Š Pharmaceuticals,Kiniksa Pharmaceuticals,1110000000.0,Bermuda
211, ğŸ’Š Pharmaceuticals,BioCryst Pharmaceuticals,1090000000.0,USA
212, ğŸ’Š Pharmaceuticals,Kymera Therapeutics,1090000000.0,USA
213, ğŸ’Š Pharmaceuticals,Granules India,1070000000.0000001,India
214, ğŸ’Š Pharmaceuticals,Syndax Pharmaceuticals,1060000000.0,USA
215, ğŸ’Š Pharmaceuticals,Faes Farma,1060000000.0,Spain
216, ğŸ’Š Pharmaceuticals,PeptiDream,1060000000.0,Japan
217, ğŸ’Š Pharmaceuticals,Geron,1050000000.0,USA
218, ğŸ’Š Pharmaceuticals,ANI Pharmaceuticals,1050000000.0,USA
219, ğŸ’Š Pharmaceuticals,Belite Bio,1040000000.0,USA
220, ğŸ’Š Pharmaceuticals,Day One Biopharmaceuticals,1030000000.0,USA
221, ğŸ’Š Pharmaceuticals,Avadel Pharmaceuticals,1020000000.0,Ireland
222, ğŸ’Š Pharmaceuticals,SPARC,1000000000.0,India
223, ğŸ’Š Pharmaceuticals,Ardelyx,1000000000.0,USA
224, ğŸ’Š Pharmaceuticals,Relay Therapeutics,990000000.0,USA
225, ğŸ’Š Pharmaceuticals,MannKind Corp,980000000.0,USA
226, ğŸ’Š Pharmaceuticals,Inhibrx,970000000.0,USA
227, ğŸ’Š Pharmaceuticals,Protagonist Therapeutics,970000000.0,USA
228, ğŸ’Š Pharmaceuticals,Keros Therapeutics,900000000.0,USA
229, ğŸ’Š Pharmaceuticals,ADMA Biologics,890000000.0,USA
230, ğŸ’Š Pharmaceuticals,Akero Therapeutics,880000000.0,USA
231, ğŸ’Š Pharmaceuticals,Apogee Therapeutics,870000000.0,USA
232, ğŸ’Š Pharmaceuticals,Innoviva,860000000.0,USA
233, ğŸ’Š Pharmaceuticals,Amylyx Pharmaceuticals,850000000.0,USA
234, ğŸ’Š Pharmaceuticals,Valneva SE,850000000.0,France
235, ğŸ’Š Pharmaceuticals,Editas Medicine,850000000.0,USA
236, ğŸ’Š Pharmaceuticals,Collegium Pharmaceutical,840000000.0,USA
237, ğŸ’Š Pharmaceuticals,REGENXBIO,840000000.0,USA
238, ğŸ’Š Pharmaceuticals,Sana Biotechnology,830000000.0,USA
239, ğŸ’Š Pharmaceuticals,Pliant Therapeutics,830000000.0,USA
240, ğŸ’Š Pharmaceuticals,ACELYRIN,820000000.0,USA
241, ğŸ’Š Pharmaceuticals,Viridian Therapeutics,820000000.0,USA
242, ğŸ’Š Pharmaceuticals,Scholar Rock Holding,810000000.0,USA
243, ğŸ’Š Pharmaceuticals,NewAmsterdam Pharma Company,810000000.0,Netherlands
244, ğŸ’Š Pharmaceuticals,Alpine Immune Sciences,800000000.0,USA
245, ğŸ’Š Pharmaceuticals,Jubilant Pharmova,790000000.0,India
246, ğŸ’Š Pharmaceuticals,Neuland Laboratories,790000000.0,India
247, ğŸ’Š Pharmaceuticals,FDC India,790000000.0,India
248, ğŸ’Š Pharmaceuticals,Intercept Pharmaceuticals,790000000.0,USA
249, ğŸ’Š Pharmaceuticals,Tango Therapeutics,790000000.0,USA
250, ğŸ’Š Pharmaceuticals,Cabaletta Bio,790000000.0,USA
251, ğŸ’Š Pharmaceuticals,Autolus Therapeutics,770000000.0,UK
252, ğŸ’Š Pharmaceuticals,Marksans Pharma,770000000.0,India
253, ğŸ’Š Pharmaceuticals,Verve Therapeutics,760000000.0,USA
254, ğŸ’Š Pharmaceuticals,Pharming Group,750000000.0,Netherlands
255, ğŸ’Š Pharmaceuticals,Olema Pharmaceuticals,750000000.0,USA
256, ğŸ’Š Pharmaceuticals,Zentalis Pharmaceuticals,730000000.0,USA
257, ğŸ’Š Pharmaceuticals,Pharma Mar,730000000.0,Spain
258, ğŸ’Š Pharmaceuticals,Exscientia,720000000.0,UK
259, ğŸ’Š Pharmaceuticals,PolyPeptide Group,700000000.0,Switzerland
260, ğŸ’Š Pharmaceuticals,Cosmo Pharmaceuticals,700000000.0,Ireland
261, ğŸ’Š Pharmaceuticals,Prime Medicine,700000000.0,USA
262, ğŸ’Š Pharmaceuticals,Kura Oncology,690000000.0,USA
263, ğŸ’Š Pharmaceuticals,KYORIN Pharmaceutical,690000000.0,Japan
264, ğŸ’Š Pharmaceuticals,Immatics,690000000.0,Germany
265, ğŸ’Š Pharmaceuticals,Abivax,670000000.0,France
266, ğŸ’Š Pharmaceuticals,HilleVax,660000000.0,USA
267, ğŸ’Š Pharmaceuticals,Pharvaris,660000000.0,Netherlands
268, ğŸ’Š Pharmaceuticals,Novavax,640000000.0,USA
269, ğŸ’Š Pharmaceuticals,Centessa Pharmaceuticals,630000000.0,UK
270, ğŸ’Š Pharmaceuticals,Morphosys,630000000.0,Germany
271, ğŸ’Š Pharmaceuticals,Arcturus Therapeutics,620000000.0,USA
272, ğŸ’Š Pharmaceuticals,Adaptive Biotechnologies,610000000.0,USA
273, ğŸ’Š Pharmaceuticals,Nykode Therapeutics,610000000.0,Norway
274, ğŸ’Š Pharmaceuticals,Vera Therapeutics,580000000.0,USA
275, ğŸ’Š Pharmaceuticals,Zymeworks,580000000.0,Canada
276, ğŸ’Š Pharmaceuticals,Tarsus Pharmaceuticals,580000000.0,USA
277, ğŸ’Š Pharmaceuticals,89bio,570000000.0,USA
278, ğŸ’Š Pharmaceuticals,PureTech Health,560000000.0,USA
279, ğŸ’Š Pharmaceuticals,Cogent Biosciences,560000000.0,USA
280, ğŸ’Š Pharmaceuticals,Anavex Life Sciences,540000000.0,USA
281, ğŸ’Š Pharmaceuticals,Strides Pharma,540000000.0,India
282, ğŸ’Š Pharmaceuticals,Evolus,530000000.0,USA
283, ğŸ’Š Pharmaceuticals,Wave Life Sciences,530000000.0,Singapore
284, ğŸ’Š Pharmaceuticals,Aarti Drugs,520000000.0,India
285, ğŸ’Š Pharmaceuticals,4D Molecular Therapeutics,510000000.0,USA
286, ğŸ’Š Pharmaceuticals,Theravance Biopharma,510000000.0,Cayman Islands
287, ğŸ’Š Pharmaceuticals,OmniAb,510000000.0,USA
288, ğŸ’Š Pharmaceuticals,Icosavax,500000000.0,USA
289, ğŸ’Š Pharmaceuticals,Gracell Biotechnologies,500000000.0,China
290, ğŸ’Š Pharmaceuticals,Bicycle Therapeutics,500000000.0,UK
291, ğŸ’Š Pharmaceuticals,Shinpoong Pharm,490000000.0,S. Korea
292, ğŸ’Š Pharmaceuticals,Tyra Biosciences,490000000.0,USA
293, ğŸ’Š Pharmaceuticals,Savara Pharmaceuticals,490000000.0,USA
294, ğŸ’Š Pharmaceuticals,Avacta Group,480000000.0,UK
295, ğŸ’Š Pharmaceuticals,Calliditas Therapeutics,480000000.0,Sweden
296, ğŸ’Š Pharmaceuticals,AN2 Therapeutics,470000000.0,USA
297, ğŸ’Š Pharmaceuticals,RAPT Therapeutics,460000000.0,USA
298, ğŸ’Š Pharmaceuticals,MaxCyte,460000000.0,USA
299, ğŸ’Š Pharmaceuticals,ALX Oncology,450000000.0,USA
300, ğŸ’Š Pharmaceuticals,Avidity Biosciences,450000000.0,USA
301, ğŸ’Š Pharmaceuticals,MacroGenics,450000000.0,USA
302, ğŸ’Š Pharmaceuticals,Allogene Therapeutics,450000000.0,USA
303, ğŸ’Š Pharmaceuticals,Medios AG,450000000.0,Germany
304, ğŸ’Š Pharmaceuticals,LianBio,440000000.0,USA
305, ğŸ’Š Pharmaceuticals,Silence Therapeutics,440000000.0,UK
306, ğŸ’Š Pharmaceuticals,Liquidia Technologies,430000000.0,USA
307, ğŸ’Š Pharmaceuticals,Lyell Immunopharma,430000000.0,USA
308, ğŸ’Š Pharmaceuticals,Travere Therapeutics,420000000.0,USA
309, ğŸ’Š Pharmaceuticals,Aerovate Therapeutics,420000000.0,USA
310, ğŸ’Š Pharmaceuticals,Janux Therapeutics,420000000.0,USA
311, ğŸ’Š Pharmaceuticals,bluebird bio,410000000.0,USA
312, ğŸ’Š Pharmaceuticals,Alector,400000000.0,USA
313, ğŸ’Š Pharmaceuticals,Phathom Pharmaceuticals,400000000.0,USA
314, ğŸ’Š Pharmaceuticals,Hikal,390000000.0,India
315, ğŸ’Š Pharmaceuticals,ORIC Pharmaceuticals,390000000.0,USA
316, ğŸ’Š Pharmaceuticals,Aura Biosciences,390000000.0,USA
317, ğŸ’Š Pharmaceuticals,Indoco Remedies,380000000.0,India
318, ğŸ’Š Pharmaceuticals,UroGen Pharma,380000000.0,USA
319, ğŸ’Š Pharmaceuticals,SIGA Technologies,370000000.0,USA
320, ğŸ’Š Pharmaceuticals,Entrada Therapeutics,370000000.0,USA
321, ğŸ’Š Pharmaceuticals,AnaptysBio,370000000.0,USA
322, ğŸ’Š Pharmaceuticals,Adlai Nortye,370000000.0,Cayman Islands
323, ğŸ’Š Pharmaceuticals,Orchard Therapeutics,360000000.0,UK
324, ğŸ’Š Pharmaceuticals,GH Research,350000000.0,Ireland
325, ğŸ’Š Pharmaceuticals,Oculis Holding AG,350000000.0,Switzerland
326, ğŸ’Š Pharmaceuticals,Nautilus Biotechnology,350000000.0,USA
327, ğŸ’Š Pharmaceuticals,Sequent Scientific,350000000.0,India
328, ğŸ’Š Pharmaceuticals,iTeos Therapeutics,340000000.0,USA
329, ğŸ’Š Pharmaceuticals,Fusion Pharmaceuticals,340000000.0,Canada
330, ğŸ’Š Pharmaceuticals,MeiraGTx,340000000.0,USA
331, ğŸ’Š Pharmaceuticals,Taysha Gene Therapies,340000000.0,USA
332, ğŸ’Š Pharmaceuticals,Avid Bioservices,340000000.0,USA
333, ğŸ’Š Pharmaceuticals,Procaps Group,340000000.0,Luxembourg
334, ğŸ’Š Pharmaceuticals,Idorsia,340000000.0,Switzerland
335, ğŸ’Š Pharmaceuticals,Immunome,330000000.0,USA
336, ğŸ’Š Pharmaceuticals,Erasca,330000000.0,USA
337, ğŸ’Š Pharmaceuticals,Marinus Pharmaceuticals,330000000.0,USA
338, ğŸ’Š Pharmaceuticals,uniQure,320000000.0,Netherlands
339, ğŸ’Š Pharmaceuticals,Harrow Health,320000000.0,USA
340, ğŸ’Š Pharmaceuticals,Amarin Corporation,310000000.0,Ireland
341, ğŸ’Š Pharmaceuticals,IGM Biosciences,310000000.0,USA
342, ğŸ’Š Pharmaceuticals,Arbutus Biopharma,300000000.0,USA
343, ğŸ’Š Pharmaceuticals,Third Harmonic Bio,300000000.0,USA
344, ğŸ’Š Pharmaceuticals,Voyager Therapeutics,300000000.0,USA
345, ğŸ’Š Pharmaceuticals,Nurix Therapeutics,300000000.0,USA
346, ğŸ’Š Pharmaceuticals,Genelux,290000000.0,USA
347, ğŸ’Š Pharmaceuticals,Mereo BioPharma Group,290000000.0,UK
348, ğŸ’Š Pharmaceuticals,Precigen,280000000.0,USA
349, ğŸ’Š Pharmaceuticals,Fulcrum Therapeutics,280000000.0,USA
350, ğŸ’Š Pharmaceuticals,RPG Life Sciences,270000000.0,India
351, ğŸ’Š Pharmaceuticals,Kamada,270000000.0,Israel
352, ğŸ’Š Pharmaceuticals,Nuvation Bio,270000000.0,USA
353, ğŸ’Š Pharmaceuticals,Nanobiotix,270000000.0,France
354, ğŸ’Š Pharmaceuticals,Lexicon Pharmaceuticals,260000000.0,USA
355, ğŸ’Š Pharmaceuticals,KalVista Pharmaceuticals,260000000.0,USA
356, ğŸ’Š Pharmaceuticals,Agenus,250000000.0,USA
357, ğŸ’Š Pharmaceuticals,AC Immune,250000000.0,Switzerland
358, ğŸ’Š Pharmaceuticals,TScan Therapeutics,250000000.0,USA
359, ğŸ’Š Pharmaceuticals,Poseida Therapeutics,240000000.0,USA
360, ğŸ’Š Pharmaceuticals,ESSA Pharma,240000000.0,Canada
361, ğŸ’Š Pharmaceuticals,Mineralys Therapeutics,240000000.0,USA
362, ğŸ’Š Pharmaceuticals,Xeris Pharmaceuticals,240000000.0,USA
363, ğŸ’Š Pharmaceuticals,Y-mAbs Therapeutics,230000000.0,USA
364, ğŸ’Š Pharmaceuticals,Ovid Therapeutics,230000000.0,USA
365, ğŸ’Š Pharmaceuticals,Fate Therapeutics,230000000.0,USA
366, ğŸ’Š Pharmaceuticals,Atea Pharmaceuticals,230000000.0,USA
367, ğŸ’Š Pharmaceuticals,Inozyme Pharma,220000000.0,USA
368, ğŸ’Š Pharmaceuticals,Terns Pharmaceuticals,220000000.0,USA
369, ğŸ’Š Pharmaceuticals,Coherus BioSciences,220000000.0,USA
370, ğŸ’Š Pharmaceuticals,Immutep,220000000.0,Australia
371, ğŸ’Š Pharmaceuticals,Lifecore Biomedical,210000000.0,USA
372, ğŸ’Š Pharmaceuticals,Harpoon Therapeutics,210000000.0,USA
373, ğŸ’Š Pharmaceuticals,Immuneering,210000000.0,USA
374, ğŸ’Š Pharmaceuticals,Mesoblast,210000000.0,Australia
375, ğŸ’Š Pharmaceuticals,Orchestra BioMed,210000000.0,USA
376, ğŸ’Š Pharmaceuticals,EyePoint Pharmaceuticals,210000000.0,USA
377, ğŸ’Š Pharmaceuticals,Heron Therapeutics,200000000.0,USA
378, ğŸ’Š Pharmaceuticals,Repare Therapeutics,200000000.0,Canada
379, ğŸ’Š Pharmaceuticals,Innate Pharma,200000000.0,France
380, ğŸ’Š Pharmaceuticals,Vanda Pharmaceuticals,200000000.0,USA
381, ğŸ’Š Pharmaceuticals,Cellectis,200000000.0,France
382, ğŸ’Š Pharmaceuticals,Renovaro Biosciences,200000000.0,USA
383, ğŸ’Š Pharmaceuticals,Reneo Pharmaceuticals,200000000.0,USA
384, ğŸ’Š Pharmaceuticals,Cormedix,200000000.0,USA
385, ğŸ’Š Pharmaceuticals,Puma Biotechnology,190000000.0,USA
386, ğŸ’Š Pharmaceuticals,scPharmaceuticals,190000000.0,USA
387, ğŸ’Š Pharmaceuticals,Vaccitech,190000000.0,UK
388, ğŸ’Š Pharmaceuticals,Cybin,190000000.0,Canada
389, ğŸ’Š Pharmaceuticals,PDS Biotechnology,190000000.0,USA
390, ğŸ’Š Pharmaceuticals,Enanta Pharmaceuticals,180000000.0,USA
391, ğŸ’Š Pharmaceuticals,Akebia Therapeutics,180000000.0,USA
392, ğŸ’Š Pharmaceuticals,Prelude Therapeutics,180000000.0,USA
393, ğŸ’Š Pharmaceuticals,Foghorn Therapeutics,180000000.0,USA
394, ğŸ’Š Pharmaceuticals,Merrimack Pharmaceuticals,180000000.0,USA
395, ğŸ’Š Pharmaceuticals,Zura Bio,180000000.0,USA
396, ğŸ’Š Pharmaceuticals,Atai Life Sciences,180000000.0,Germany
397, ğŸ’Š Pharmaceuticals,Mersana Therapeutics,180000000.0,USA
398, ğŸ’Š Pharmaceuticals,XOMA,170000000.0,USA
399, ğŸ’Š Pharmaceuticals,Arcutis Biotherapeutics,170000000.0,USA
400, ğŸ’Š Pharmaceuticals,Ocular Therapeutix,170000000.0,USA
401, ğŸ’Š Pharmaceuticals,Lineage Cell Therapeutics,170000000.0,USA
402, ğŸ’Š Pharmaceuticals,Zevra Therapeutics,170000000.0,USA
403, ğŸ’Š Pharmaceuticals,AlloVir,170000000.0,USA
404, ğŸ’Š Pharmaceuticals,Bliss GVS Pharma,170000000.0,India
405, ğŸ’Š Pharmaceuticals,DBV Technologies,170000000.0,France
406, ğŸ’Š Pharmaceuticals,Rigel Pharmaceuticals,160000000.0,USA
407, ğŸ’Š Pharmaceuticals,Zomedica Pharmaceuticals,160000000.0,USA
408, ğŸ’Š Pharmaceuticals,Invivyd,160000000.0,USA
409, ğŸ’Š Pharmaceuticals,Gossamer Bio,160000000.0,USA
410, ğŸ’Š Pharmaceuticals,Verastem Oncology,160000000.0,USA
411, ğŸ’Š Pharmaceuticals,Lyra Therapeutics,160000000.0,USA
412, ğŸ’Š Pharmaceuticals,Opthea,160000000.0,Australia
413, ğŸ’Š Pharmaceuticals,Hester Biosciences,150000000.0,India
414, ğŸ’Š Pharmaceuticals,Sutro Biopharma,150000000.0,USA
415, ğŸ’Š Pharmaceuticals,Regencell Bioscience,150000000.0,Hong Kong
416, ğŸ’Š Pharmaceuticals,Verrica Pharmaceuticals,150000000.0,USA
417, ğŸ’Š Pharmaceuticals,Theseus Pharmaceuticals,150000000.0,USA
418, ğŸ’Š Pharmaceuticals,Allakos,150000000.0,USA
419, ğŸ’Š Pharmaceuticals,Monte Rosa Therapeutics,140000000.0,USA
420, ğŸ’Š Pharmaceuticals,Aldeyra Therapeutics,140000000.0,USA
421, ğŸ’Š Pharmaceuticals,Greenwich LifeSciences,140000000.0,USA
422, ğŸ’Š Pharmaceuticals,Larimar Therapeutics,140000000.0,USA
423, ğŸ’Š Pharmaceuticals,Praxis Precision Medicines,140000000.0,USA
424, ğŸ’Š Pharmaceuticals,Molecular Partners,140000000.0,Switzerland
425, ğŸ’Š Pharmaceuticals,Seres Therapeutics,140000000.0,USA
426, ğŸ’Š Pharmaceuticals,Nuvectis Pharma,140000000.0,USA
427, ğŸ’Š Pharmaceuticals,Ventyx Biosciences,130000000.0,USA
428, ğŸ’Š Pharmaceuticals,Esperion Therapeutics,130000000.0,USA
429, ğŸ’Š Pharmaceuticals,OptiNose,130000000.0,USA
430, ğŸ’Š Pharmaceuticals,Altimmune,130000000.0,USA
431, ğŸ’Š Pharmaceuticals,Codexis,130000000.0,USA
432, ğŸ’Š Pharmaceuticals,Acumen Pharmaceuticals,130000000.0,USA
433, ğŸ’Š Pharmaceuticals,Aquestive Therapeutics,130000000.0,USA
434, ğŸ’Š Pharmaceuticals,Selecta Biosciences,130000000.0,USA
435, ğŸ’Š Pharmaceuticals,Graphite Bio,130000000.0,USA
436, ğŸ’Š Pharmaceuticals,Annexon,130000000.0,USA
437, ğŸ’Š Pharmaceuticals,Absci,130000000.0,USA
438, ğŸ’Š Pharmaceuticals,X4 Pharmaceuticals,120000000.0,USA
439, ğŸ’Š Pharmaceuticals,Nkarta,120000000.0,USA
440, ğŸ’Š Pharmaceuticals,Vaxxinity,120000000.0,USA
441, ğŸ’Š Pharmaceuticals,Kodiak Sciences,120000000.0,USA
442, ğŸ’Š Pharmaceuticals,Gritstone bio,120000000.0,USA
443, ğŸ’Š Pharmaceuticals,Galectin Therapeutics,120000000.0,USA
444, ğŸ’Š Pharmaceuticals,I-Mab Biopharma,120000000.0,China
445, ğŸ’Š Pharmaceuticals,Design Therapeutics,120000000.0,USA
446, ğŸ’Š Pharmaceuticals,Citius Pharmaceuticals,120000000.0,USA
447, ğŸ’Š Pharmaceuticals,Actinium Pharmaceuticals,120000000.0,USA
448, ğŸ’Š Pharmaceuticals,Tenaya Therapeutics,120000000.0,USA
449, ğŸ’Š Pharmaceuticals,Vor Biopharma,120000000.0,USA
450, ğŸ’Š Pharmaceuticals,Talaris Therapeutics,110000000.0,USA
451, ğŸ’Š Pharmaceuticals,Oncolytics Biotech,110000000.0,Canada
452, ğŸ’Š Pharmaceuticals,Cel-Sci,110000000.0,USA
453, ğŸ’Š Pharmaceuticals,Assertio Therapeutics,110000000.0,USA
454, ğŸ’Š Pharmaceuticals,Outlook Therapeutics,110000000.0,USA
455, ğŸ’Š Pharmaceuticals,Eagle Pharmaceuticals,110000000.0,USA
456, ğŸ’Š Pharmaceuticals,ProQR,110000000.0,Netherlands
457, ğŸ’Š Pharmaceuticals,Aadi Bioscience,110000000.0,USA
458, ğŸ’Š Pharmaceuticals,PMV Pharmaceuticals,110000000.0,USA
459, ğŸ’Š Pharmaceuticals,Omeros Corporation,110000000.0,USA
460, ğŸ’Š Pharmaceuticals,BioXcel Therapeutics,110000000.0,USA
461, ğŸ’Š Pharmaceuticals,Inovio Pharmaceuticals,110000000.0,USA
462, ğŸ’Š Pharmaceuticals,PepGen,110000000.0,USA
463, ğŸ’Š Pharmaceuticals,Mind Medicine,110000000.0,USA
464, ğŸ’Š Pharmaceuticals,Vaxart,100000000.0,USA
465, ğŸ’Š Pharmaceuticals,Achieve Life Sciences,100000000.0,Canada
466, ğŸ’Š Pharmaceuticals,XBiotech,100000000.0,USA
467, ğŸ’Š Pharmaceuticals,ChromaDex,100000000.0,USA
468, ğŸ’Š Pharmaceuticals,Emergent BioSolutions,100000000.0,USA
469, ğŸ’Š Pharmaceuticals,Vigil Neuroscience,100000000.0,USA
470, ğŸ’Š Pharmaceuticals,Kinnate Biopharma,100000000.0,USA
471, ğŸ’Š Pharmaceuticals,Carisma Therapeutics,100000000.0,USA
472, ğŸ’Š Pharmaceuticals,Rani Therapeutics,100000000.0,USA
473, ğŸ’Š Pharmaceuticals,Protalix BioTherapeutics,100000000.0,Israel
474, ğŸ’Š Pharmaceuticals,Abeona Therapeutics,100000000.0,USA
475, ğŸ’Š Pharmaceuticals,Adaptimmune Therapeutics,100000000.0,UK
476, ğŸ’Š Pharmaceuticals,Omega Therapeutics,100000000.0,USA
477, ğŸ’Š Pharmaceuticals,Ocugen,99700000.0,USA
478, ğŸ’Š Pharmaceuticals,Shattuck Labs,98990000.0,USA
479, ğŸ’Š Pharmaceuticals,GlycoMimetics,97870000.0,USA
480, ğŸ’Š Pharmaceuticals,Longboard Pharmaceuticals,97810000.0,USA
481, ğŸ’Š Pharmaceuticals,Scilex Holding,96830000.0,USA
482, ğŸ’Š Pharmaceuticals,Atossa Therapeutics,96320000.0,USA
483, ğŸ’Š Pharmaceuticals,Nektar Therapeutics,94240000.0,USA
484, ğŸ’Š Pharmaceuticals,MediciNova,93180000.0,USA
485, ğŸ’Š Pharmaceuticals,Capricor Therapeutics,91760000.0,USA
486, ğŸ’Š Pharmaceuticals,Genenta Science,91530000.0,Italy
487, ğŸ’Š Pharmaceuticals,VistaGen Therapeutics,90520000.0,USA
488, ğŸ’Š Pharmaceuticals,Anixa Biosciences,88860000.0,USA
489, ğŸ’Š Pharmaceuticals,Milestone Pharmaceuticals,88730000.0,Canada
490, ğŸ’Š Pharmaceuticals,Veru,88140000.0,USA
491, ğŸ’Š Pharmaceuticals,2seventy bio,88080000.0,USA
492, ğŸ’Š Pharmaceuticals,CytomX Therapeutics,86410000.0,USA
493, ğŸ’Š Pharmaceuticals,Werewolf Therapeutics,86130000.0,USA
494, ğŸ’Š Pharmaceuticals,G1 Therapeutics,86060000.0,USA
495, ğŸ’Š Pharmaceuticals,Oramed Pharmaceuticals,85920000.0,USA
496, ğŸ’Š Pharmaceuticals,Relmada Therapeutics,85780000.0,USA
497, ğŸ’Š Pharmaceuticals,Chimerix,85390000.0,USA
498, ğŸ’Š Pharmaceuticals,Adverum Biotechnologies,84850000.0,USA
499, ğŸ’Š Pharmaceuticals,InflaRx,84200000.0,Germany
500, ğŸ’Š Pharmaceuticals,Sagimet Biosciences,84180000.0,USA
501, ğŸ’Š Pharmaceuticals,Nectar Lifesciences,83340000.0,India
502, ğŸ’Š Pharmaceuticals,MediWound,82420000.0,Israel
503, ğŸ’Š Pharmaceuticals,Karyopharm Therapeutics,81380000.0,USA
504, ğŸ’Š Pharmaceuticals,Acrivon Therapeutics,81000000.0,USA
505, ğŸ’Š Pharmaceuticals,Tempest Therapeutics,80640000.0,USA
506, ğŸ’Š Pharmaceuticals,Journey Medical,79210000.0,USA
507, ğŸ’Š Pharmaceuticals,Ikena Oncology,78660000.0,USA
508, ğŸ’Š Pharmaceuticals,BioAtla,77170000.0,USA
509, ğŸ’Š Pharmaceuticals,Generation Bio,75980000.0,USA
510, ğŸ’Š Pharmaceuticals,Armata Pharmaceuticals,75900000.0,USA
511, ğŸ’Š Pharmaceuticals,C4 Therapeutics,74900000.0,USA
512, ğŸ’Š Pharmaceuticals,CASI Pharmaceuticals,74600000.0,USA
513, ğŸ’Š Pharmaceuticals,Affimed,74520000.0,Germany
514, ğŸ’Š Pharmaceuticals,Leap Therapeutics,73110000.0,USA
515, ğŸ’Š Pharmaceuticals,Trevi Therapeutics,72780000.0,USA
516, ğŸ’Š Pharmaceuticals,Kronos Bio,72310000.0,USA
517, ğŸ’Š Pharmaceuticals,Perspective Therapeutics,71540000.0,USA
518, ğŸ’Š Pharmaceuticals,Zynerba Pharmaceuticals,70120000.0,USA
519, ğŸ’Š Pharmaceuticals,Jasper Therapeutics,69460000.0,USA
520, ğŸ’Š Pharmaceuticals,IO Biotech,69170000.0,Denmark
521, ğŸ’Š Pharmaceuticals,Corvus Pharmaceuticals,69140000.0,USA
522, ğŸ’Š Pharmaceuticals,Theratechnologies,68730000.0,Canada
523, ğŸ’Š Pharmaceuticals,aTyr Pharma,68510000.0,USA
524, ğŸ’Š Pharmaceuticals,Kezar Life Sciences,66290000.00000001,USA
525, ğŸ’Š Pharmaceuticals,Spero Therapeutics,64120000.00000001,USA
526, ğŸ’Š Pharmaceuticals,Ocuphire Pharma,63610000.0,USA
527, ğŸ’Š Pharmaceuticals,Sangamo Therapeutics,63540000.0,USA
528, ğŸ’Š Pharmaceuticals,Adagene,62680000.0,China
529, ğŸ’Š Pharmaceuticals,Clearside Biomedical,62400000.0,USA
530, ğŸ’Š Pharmaceuticals,Pyxis Oncology,62050000.0,USA
531, ğŸ’Š Pharmaceuticals,SCYNEXIS,60270000.0,USA
532, ğŸ’Š Pharmaceuticals,Inotiv,60070000.0,USA
533, ğŸ’Š Pharmaceuticals,Eyenovia,59560000.0,USA
534, ğŸ’Š Pharmaceuticals,Incannex Healthcare,58400000.0,Australia
535, ğŸ’Š Pharmaceuticals,NGM Biopharmaceuticals,58310000.0,USA
536, ğŸ’Š Pharmaceuticals,Atara Biotherapeutics,58290000.0,USA
537, ğŸ’Š Pharmaceuticals,Aclaris Therapeutics,57680000.0,USA
538, ğŸ’Š Pharmaceuticals,Turnstone Biologics,57500000.0,USA
539, ğŸ’Š Pharmaceuticals,ADC Therapeutics,57250000.0,Switzerland
540, ğŸ’Š Pharmaceuticals,Athira Pharma,57080000.0,USA
541, ğŸ’Š Pharmaceuticals,Syros Pharmaceuticals,56880000.0,USA
542, ğŸ’Š Pharmaceuticals,Tiziana Life Sciences,56830000.0,UK
543, ğŸ’Š Pharmaceuticals,AVROBIO,56600000.0,USA
544, ğŸ’Š Pharmaceuticals,CervoMed,56570000.0,USA
545, ğŸ’Š Pharmaceuticals,Okyo Pharma,55570000.0,UK
546, ğŸ’Š Pharmaceuticals,Spruce Biosciences,55360000.0,USA
547, ğŸ’Š Pharmaceuticals,Cytosorbents,55100000.0,USA
548, ğŸ’Š Pharmaceuticals,VYNE Therapeutics,54430000.0,USA
549, ğŸ’Š Pharmaceuticals,Solid Biosciences,52860000.0,USA
550, ğŸ’Š Pharmaceuticals,Cara Therapeutics,52420000.0,USA
551, ğŸ’Š Pharmaceuticals,Rockwell Medical,52420000.0,USA
552, ğŸ’Š Pharmaceuticals,InterCure,51040000.0,Israel
553, ğŸ’Š Pharmaceuticals,Coya Therapeutics,50550000.0,USA
554, ğŸ’Š Pharmaceuticals,Precision BioSciences,50400000.0,USA
555, ğŸ’Š Pharmaceuticals,Adicet Bio,49630000.0,USA
556, ğŸ’Š Pharmaceuticals,Curis,49300000.0,USA
557, ğŸ’Š Pharmaceuticals,Vivani Medical,48710000.0,USA
558, ğŸ’Š Pharmaceuticals,Instil Bio,48310000.0,USA
559, ğŸ’Š Pharmaceuticals,Immunic,47400000.0,USA
560, ğŸ’Š Pharmaceuticals,FibroGen,47030000.0,USA
561, ğŸ’Š Pharmaceuticals,Matinas BioPharma,47010000.0,USA
562, ğŸ’Š Pharmaceuticals,Longeveron,45120000.0,USA
563, ğŸ’Š Pharmaceuticals,Rafael Holdings,44110000.0,USA
564, ğŸ’Š Pharmaceuticals,Lantern Pharma,43360000.0,USA
565, ğŸ’Š Pharmaceuticals,CytoMed Therapeutics,42650000.0,Singapore
566, ğŸ’Š Pharmaceuticals,eFFECTOR Therapeutics,42390000.0,USA
567, ğŸ’Š Pharmaceuticals,Gamida Cell,40170000.0,Israel
568, ğŸ’Š Pharmaceuticals,Celularity,39330000.0,USA
569, ğŸ’Š Pharmaceuticals,Rain Therapeutics,38920000.0,USA
570, ğŸ’Š Pharmaceuticals,Sol-Gel Technologies,38820000.0,Israel
571, ğŸ’Š Pharmaceuticals,Quince Therapeutics,38610000.0,USA
572, ğŸ’Š Pharmaceuticals,Societal CDMO,37270000.0,USA
573, ğŸ’Š Pharmaceuticals,Rite Aid,36750000.0,USA
574, ğŸ’Š Pharmaceuticals,MiNK Therapeutics,36230000.0,USA
575, ğŸ’Š Pharmaceuticals,Ocean Biomedical,35790000.0,USA
576, ğŸ’Š Pharmaceuticals,BeyondSpring,35420000.0,USA
577, ğŸ’Š Pharmaceuticals,Minerva Neurosciences,35100000.0,USA
578, ğŸ’Š Pharmaceuticals,iCAD,34250000.0,USA
579, ğŸ’Š Pharmaceuticals,ImmunoPrecise Antibodies,33060000.000000004,USA
580, ğŸ’Š Pharmaceuticals,electroCore,33009999.999999996,USA
581, ğŸ’Š Pharmaceuticals,Dare Bioscience,32710000.0,USA
582, ğŸ’Š Pharmaceuticals,Fortress Biotech,32619999.999999996,USA
583, ğŸ’Š Pharmaceuticals,Sellas Life Sciences,32380000.000000004,USA
584, ğŸ’Š Pharmaceuticals,Biora Therapeutics,31950000.0,USA
585, ğŸ’Š Pharmaceuticals,Intensity Therapeutics,31530000.0,USA
586, ğŸ’Š Pharmaceuticals,Xilio Therapeutics,30550000.0,USA
587, ğŸ’Š Pharmaceuticals,Unity Biotechnology,29530000.0,USA
588, ğŸ’Š Pharmaceuticals,TherapeuticsMD,29390000.0,USA
589, ğŸ’Š Pharmaceuticals,Sio Gene Therapies,28680000.0,USA
590, ğŸ’Š Pharmaceuticals,Portage Biotech,28070000.0,British Virgin Islands
591, ğŸ’Š Pharmaceuticals,Seelos Therapeutics,27410000.0,USA
592, ğŸ’Š Pharmaceuticals,Palatin Technologies,27330000.0,USA
593, ğŸ’Š Pharmaceuticals,Iterum Therapeutics,27010000.0,Ireland
594, ğŸ’Š Pharmaceuticals,Sorrento Therapeutics,26460000.0,USA
595, ğŸ’Š Pharmaceuticals,Regulus Therapeutics,26280000.0,USA
596, ğŸ’Š Pharmaceuticals,NRx Pharmaceuticals,25030000.0,USA
597, ğŸ’Š Pharmaceuticals,Lumos Pharma,24370000.0,USA
598, ğŸ’Š Pharmaceuticals,NuCana,23890000.0,UK
599, ğŸ’Š Pharmaceuticals,vTv Therapeutics,21890000.0,USA
600, ğŸ’Š Pharmaceuticals,AIM ImmunoTech,20750000.0,USA
601, ğŸ’Š Pharmaceuticals,Pieris Pharmaceuticals,20160000.0,USA
602, ğŸ’Š Pharmaceuticals,Viracta Therapeutics,20120000.0,USA
603, ğŸ’Š Pharmaceuticals,MAIA Biotechnology,19840000.0,USA
604, ğŸ’Š Pharmaceuticals,Acasti Pharma,19640000.0,Canada
605, ğŸ’Š Pharmaceuticals,Aptose Biosciences,19390000.0,Canada
606, ğŸ’Š Pharmaceuticals,Synlogic,19200000.0,USA
607, ğŸ’Š Pharmaceuticals,Corbus Pharmaceuticals,19020000.0,USA
608, ğŸ’Š Pharmaceuticals,Bullfrog AI,18580000.0,USA
609, ğŸ’Š Pharmaceuticals,Nymox Pharmaceutical,18250000.0,Bahamas
610, ğŸ’Š Pharmaceuticals,Jaguar Health,17400000.0,USA
611, ğŸ’Š Pharmaceuticals,Kala Pharmaceuticals,16770000.0,USA
612, ğŸ’Š Pharmaceuticals,Azitra,16079999.999999998,USA
613, ğŸ’Š Pharmaceuticals,Bionomics,15580000.0,Australia
614, ğŸ’Š Pharmaceuticals,Senti Biosciences,15570000.0,USA
615, ğŸ’Š Pharmaceuticals,Genprex,15350000.0,USA
616, ğŸ’Š Pharmaceuticals,Alaunos Therapeutics,15200000.0,USA
617, ğŸ’Š Pharmaceuticals,AgeX Therapeutics,15180000.0,USA
618, ğŸ’Š Pharmaceuticals,Cocrystal Pharma,15150000.0,USA
619, ğŸ’Š Pharmaceuticals,ASLAN Pharmaceuticals,15000000.0,Singapore
620, ğŸ’Š Pharmaceuticals,Vincerx Pharma,14850000.0,USA
621, ğŸ’Š Pharmaceuticals,Aytu BioScience,13880000.0,USA
622, ğŸ’Š Pharmaceuticals,Onconova Therapeutics,13750000.0,USA
623, ğŸ’Š Pharmaceuticals,Aprea Therapeutics,13750000.0,USA
624, ğŸ’Š Pharmaceuticals,Context Therapeutics,13580000.0,USA
625, ğŸ’Š Pharmaceuticals,Lipocine,13130000.0,USA
626, ğŸ’Š Pharmaceuticals,bioAffinity Technologies,13110000.0,USA
627, ğŸ’Š Pharmaceuticals,MyMD Pharmaceuticals,13070000.0,USA
628, ğŸ’Š Pharmaceuticals,NanoViricides,12740000.0,USA
629, ğŸ’Š Pharmaceuticals,Talis Biomedical,12710000.0,USA
630, ğŸ’Š Pharmaceuticals,Hepion Pharmaceuticals,12670000.0,USA
631, ğŸ’Š Pharmaceuticals,VBI Vaccines,12570000.0,USA
632, ğŸ’Š Pharmaceuticals,BrainStorm Cell Therapeutics,12540000.0,USA
633, ğŸ’Š Pharmaceuticals,Acorda Therapeutics,12370000.0,USA
634, ğŸ’Š Pharmaceuticals,Tonix Pharmaceuticals,11490000.0,USA
635, ğŸ’Š Pharmaceuticals,Vaccinex,11300000.0,USA
636, ğŸ’Š Pharmaceuticals,Frequency Therapeutics,10940000.0,USA
637, ğŸ’Š Pharmaceuticals,AcelRx Pharmaceuticals,10840000.0,USA
638, ğŸ’Š Pharmaceuticals,Organovo,10780000.0,USA
639, ğŸ’Š Pharmaceuticals,IMV,9800000.0,Canada
640, ğŸ’Š Pharmaceuticals,Aileron Therapeutics,9080000.0,USA
641, ğŸ’Š Pharmaceuticals,Oragenics,8940000.0,USA
642, ğŸ’Š Pharmaceuticals,Can Fite Biopharma,8890000.0,Israel
643, ğŸ’Š Pharmaceuticals,Trevena,8700000.0,USA
644, ğŸ’Š Pharmaceuticals,Benitec Biopharma,8540000.0,USA
645, ğŸ’Š Pharmaceuticals,Imunon,8359999.999999999,USA
646, ğŸ’Š Pharmaceuticals,Aptorum Group,8289999.999999999,Hong Kong
647, ğŸ’Š Pharmaceuticals,Mangoceuticals,8250000.0,USA
648, ğŸ’Š Pharmaceuticals,iBio,7440000.0,USA
649, ğŸ’Š Pharmaceuticals,Adamis Pharmaceuticals,7250000.0,USA
650, ğŸ’Š Pharmaceuticals,Cadrenal Therapeutics,6770000.0,USA
651, ğŸ’Š Pharmaceuticals,Pulmatrix,6750000.0,USA
652, ğŸ’Š Pharmaceuticals,Cingulate,6690000.0,USA
653, ğŸ’Š Pharmaceuticals,Lipella Pharmaceuticals,6380000.0,USA
654, ğŸ’Š Pharmaceuticals,Titan Pharmaceuticals,5580000.0,USA
655, ğŸ’Š Pharmaceuticals,Eterna Therapeutics,5350000.0,USA
656, ğŸ’Š Pharmaceuticals,Cyclerion Therapeutics,5180000.0,USA
657, ğŸ’Š Pharmaceuticals,Agile Therapeutics,5170000.0,USA
658, ğŸ’Š Pharmaceuticals,Avalon GloboCare,5010000.0,USA
659, ğŸ’Š Pharmaceuticals,BiondVax,4960000.0,Israel
660, ğŸ’Š Pharmaceuticals,Biofrontera,4890000.0,USA
661, ğŸ’Š Pharmaceuticals,Xenetic Biosciences,4820000.0,USA
662, ğŸ’Š Pharmaceuticals,Hoth Therapeutics,4690000.0,USA
663, ğŸ’Š Pharmaceuticals,Monopar Therapeutics,4590000.0,USA
664, ğŸ’Š Pharmaceuticals,Mallinckrodt Pharmaceuticals,4520000.0,UK
665, ğŸ’Š Pharmaceuticals,Aptinyx,4400000.0,USA
666, ğŸ’Š Pharmaceuticals,Soligenix,4350000.0,USA
667, ğŸ’Š Pharmaceuticals,Quoin Pharmaceuticals,4240000.0,USA
668, ğŸ’Š Pharmaceuticals,Evoke Pharma,4190000.0000000005,USA
669, ğŸ’Š Pharmaceuticals,Hillstream BioPharma,4170000.0,USA
670, ğŸ’Š Pharmaceuticals,Lucy Scientific Discovery,3880000.0,Canada
671, ğŸ’Š Pharmaceuticals,Advaxis,3870000.0,USA
672, ğŸ’Š Pharmaceuticals,Redhill Biopharma,3440000.0,Israel
673, ğŸ’Š Pharmaceuticals,PainReform,3350000.0,Israel
674, ğŸ’Š Pharmaceuticals,RVL Pharmaceuticals,3140000.0,USA
675, ğŸ’Š Pharmaceuticals,Baudax Bio,2810000.0,USA
676, ğŸ’Š Pharmaceuticals,Petros Pharmaceuticals,2790000.0,USA
677, ğŸ’Š Pharmaceuticals,Ensysce Biosciences,2740000.0,USA
678, ğŸ’Š Pharmaceuticals,Adial Pharmaceuticals,2600000.0,USA
679, ğŸ’Š Pharmaceuticals,180 Life Sciences,2530000.0,USA
680, ğŸ’Š Pharmaceuticals,Sonoma Pharmaceuticals,2390000.0,USA
681, ğŸ’Š Pharmaceuticals,Altamira Therapeutics,2370000.0,Bermuda
682, ğŸ’Š Pharmaceuticals,PaxMedica,2330000.0,USA
683, ğŸ’Š Pharmaceuticals,Phio Pharmaceuticals,2270000.0,USA
684, ğŸ’Š Pharmaceuticals,JanOne,1970000.0,USA
685, ğŸ’Š Pharmaceuticals,Ampio Pharmaceuticals,1590000.0,USA
686, ğŸ’Š Pharmaceuticals,Athersys,1230000.0,USA
687, ğŸ’Š Pharmaceuticals,Galmed Pharmaceuticals,1170000.0,Israel
688, ğŸ’Š Pharmaceuticals,Endo International,1170000.0,Ireland
689, ğŸ’Š Pharmaceuticals,Evofem Biosciences,690000.0,USA
690, ğŸ’Š Pharmaceuticals,Bellerophon Therapeutics,400000.0,USA
691, ğŸ’Š Pharmaceuticals,ContraFect,350000.0,USA
692, ğŸ’Š Pharmaceuticals,Calithera Biosciences,140000.0,USA
693, ğŸ’Š Pharmaceuticals,Humanigen,90000.0,USA
694, ğŸ’Š Pharmaceuticals,Genocea Biosciences,0.0,USA
695, ğŸ’Š Pharmaceuticals,Allena Pharmaceuticals,0.0,USA
1, ğŸ´ Food,NestlÃ©,302910000000.0,Switzerland
2, ğŸ´ Food,McDonald,204350000000.0,USA
3, ğŸ´ Food,Unilever,119410000000.0,UK
4, ğŸ´ Food,Mondelez,97420000000.0,USA
5, ğŸ´ Food,Hindustan Unilever,70930000000.0,India
6, ğŸ´ Food,Chipotle Mexican Grill,60670000000.0,USA
7, ğŸ´ Food,Compass Group,44610000000.0,UK
8, ğŸ´ Food,Kraft Heinz,42770000000.0,USA
9, ğŸ´ Food,Danone,41310000000.0,France
10, ğŸ´ Food,Archer Daniels Midland (ADM),40150000000.0,USA
11, ğŸ´ Food,The Hershey Company,38940000000.0,USA
12, ğŸ´ Food,General Mills,37590000000.0,USA
13, ğŸ´ Food,DoorDash,37320000000.0,USA
14, ğŸ´ Food,Sysco,36380000000.0,USA
15, ğŸ´ Food,Restaurant Brands International,30660000000.0,Canada
16, ğŸ´ Food,Muyuan Foods,29750000000.0,China
17, ğŸ´ Food,Foshan Haitian Flavouring and Food,29520000000.0,China
18, ğŸ´ Food,Chocoladefabriken Lindt & SprÃ¼ngli,28860000000.0,Switzerland
19, ğŸ´ Food,Ahold Delhaize,27950000000.0,Netherlands
20, ğŸ´ Food,NestlÃ© India,27920000000.0,India
21, ğŸ´ Food,DSM-Firmenich,26550000000.0,Switzerland
22, ğŸ´ Food,Associated British Foods,22760000000.0,UK
23, ğŸ´ Food,Grupo Bimbo,21880000000.0,Mexico
24, ğŸ´ Food,Ajinomoto,19330000000.0,Japan
25, ğŸ´ Food,Darden Restaurants,18720000000.0,USA
26, ğŸ´ Food,Yum China,18520000000.0,China
27, ğŸ´ Food,Kellogg's,18190000000.0,USA
28, ğŸ´ Food,Hormel Foods,17850000000.0,USA
29, ğŸ´ Food,McCormick & Company,17790000000.0,USA
30, ğŸ´ Food,Wilmar International,17180000000.0,Singapore
31, ğŸ´ Food,Tyson Foods,16950000000.0,USA
32, ğŸ´ Food,George Weston,16530000000.000002,Canada
33, ğŸ´ Food,Sodexo,16210000000.0,France
34, ğŸ´ Food,Bunge,15910000000.0,USA
35, ğŸ´ Food,Almarai,14760000000.0,S. Arabia
36, ğŸ´ Food,Lamb Weston,14370000000.0,USA
37, ğŸ´ Food,Kerry Group,14190000000.0,Ireland
38, ğŸ´ Food,Conagra Brands,13520000000.0,USA
39, ğŸ´ Food,Uni-President Enterprises,13030000000.0,Taiwan
40, ğŸ´ Food,Mengniu Dairy,12890000000.0,China
41, ğŸ´ Food,Domino's Pizza,12830000000.0,USA
42, ğŸ´ Food,Campbell Soup,12220000000.0,USA
43, ğŸ´ Food,Grab Holdings,12140000000.0,Singapore
44, ğŸ´ Food,J.M. Smucker Company,11890000000.0,USA
45, ğŸ´ Food,Hai Di Lao Hot Pot,11870000000.0,China
46, ğŸ´ Food,Zomato,11830000000.0,India
47, ğŸ´ Food,Kirin Holdings,11710000000.0,Japan
48, ğŸ´ Food,Kikkoman,11710000000.0,Japan
49, ğŸ´ Food,Chr. Hansen,10620000000.0,Denmark
50, ğŸ´ Food,US Foods,10600000000.0,USA
51, ğŸ´ Food,JBS,10200000000.0,Brazil
52, ğŸ´ Food,Nissin Foods,10040000000.0,Japan
53, ğŸ´ Food,Performance Food Group,9870000000.0,USA
54, ğŸ´ Food,Mowi,9170000000.0,Norway
55, ğŸ´ Food,Barry Callebaut,9150000000.0,Switzerland
56, ğŸ´ Food,Delivery Hero,8920000000.0,Germany
57, ğŸ´ Food,Unilever Indonesia,8650000000.0,Indonesia
58, ğŸ´ Food,Saputo,8270000000.0,Canada
59, ğŸ´ Food,SalMar ASA,7940000000.0,Norway
60, ğŸ´ Food,WH Group,7900000000.0,Hong Kong
61, ğŸ´ Food,Americana Restaurants International,7890000000.0,UAE
62, ğŸ´ Food,Indofood CBP,7810000000.0,Indonesia
63, ğŸ´ Food,Texas Roadhouse,7440000000.0,USA
64, ğŸ´ Food,Bid Corp,7370000000.0,South Africa
65, ğŸ´ Food,Tingyi (master kang),7330000000.0,China
66, ğŸ´ Food,Aramark,7300000000.0,USA
67, ğŸ´ Food,Lotus Bakeries,7160000000.0,Belgium
68, ğŸ´ Food,Gruma (Maseca),7110000000.0,Mexico
69, ğŸ´ Food,Want Want China,7100000000.0,Hong Kong
70, ğŸ´ Food,Wingstop Restaurants,6880000000.0,USA
71, ğŸ´ Food,Empire Company,6840000000.0,Canada
72, ğŸ´ Food,Darling Ingredients,6820000000.0,USA
73, ğŸ´ Food,Ingredion,6780000000.0,USA
74, ğŸ´ Food,Dali Foods Group,6520000000.0,China
75, ğŸ´ Food,Meiji Holdings,6460000000.0,Japan
76, ğŸ´ Food,Ocado,6240000000.0,UK
77, ğŸ´ Food,Pilgrim's Pride,6130000000.0,USA
78, ğŸ´ Food,Nestle Malaysia,6080000000.0,Malaysia
79, ğŸ´ Food,Patanjali Foods,5770000000.0,India
80, ğŸ´ Food,Kobe Bussan,5660000000.0,Japan
81, ğŸ´ Food,McDonald's Japan,5630000000.0,Japan
82, ğŸ´ Food,Charoen Pokphand Indonesia,5550000000.0,Indonesia
83, ğŸ´ Food,AAK,5460000000.0,Sweden
84, ğŸ´ Food,Emmi AG,5370000000.0,Switzerland
85, ğŸ´ Food,Toyo Suisan,5370000000.0,Japan
86, ğŸ´ Food,Savola Group,5300000000.0,S. Arabia
87, ğŸ´ Food,Post Holdings,5130000000.0,USA
88, ğŸ´ Food,Adani Wilmar,4940000000.0,India
89, ğŸ´ Food,BRF,4830000000.0,Brazil
90, ğŸ´ Food,Jollibee,4820000000.0,Philippines
91, ğŸ´ Food,Lancaster Colony Corporation,4680000000.0,USA
92, ğŸ´ Food,Flowers Foods,4500000000.0,USA
93, ğŸ´ Food,Glanbia plc,4480000000.0,Ireland
94, ğŸ´ Food,Hostess Brands,4420000000.0,USA
95, ğŸ´ Food,Jubilant FoodWorks,4310000000.0,India
96, ğŸ´ Food,PPB Group Berhad,4310000000.0,Malaysia
97, ğŸ´ Food,Sprouts Farmers Market,4269999999.9999995,USA
98, ğŸ´ Food,Charoen Pokphand Foods,4139999999.9999995,Thailand
99, ğŸ´ Food,HelloFresh,4070000000.0000005,Germany
100, ğŸ´ Food,Wendyâ€™s Company,3980000000.0,USA
101, ğŸ´ Food,Simply Good Foods,3950000000.0,USA
102, ğŸ´ Food,Balchem,3890000000.0,USA
103, ğŸ´ Food,CAVA Group,3750000000.0,USA
104, ğŸ´ Food,Indofood,3620000000.0,Indonesia
105, ğŸ´ Food,Mayora,3600000000.0,Indonesia
106, ğŸ´ Food,ORION,3590000000.0,S. Korea
107, ğŸ´ Food,Just Eat Takeaway,3420000000.0,Netherlands
108, ğŸ´ Food,Freshpet,3390000000.0,USA
109, ğŸ´ Food,Greggs,3360000000.0,UK
110, ğŸ´ Food,J&J Snack Foods,3260000000.0,USA
111, ğŸ´ Food,Tate & Lyle,3230000000.0,UK
112, ğŸ´ Food,SÃ¼dzucker,3210000000.0,Germany
113, ğŸ´ Food,SATS,3010000000.0,Singapore
114, ğŸ´ Food,Premium Brands,2990000000.0,Canada
115, ğŸ´ Food,Olam,2930000000.0,Singapore
116, ğŸ´ Food,Hatsun Agro Products,2910000000.0,India
117, ğŸ´ Food,Bakkafrost,2860000000.0,Denmark
118, ğŸ´ Food,Nomad Foods,2720000000.0,UK
119, ğŸ´ Food,Shake Shack,2640000000.0,USA
120, ğŸ´ Food,Ebro Foods,2630000000.0,Spain
121, ğŸ´ Food,Devyani International,2630000000.0,India
122, ğŸ´ Food,Cranswick,2620000000.0,UK
123, ğŸ´ Food,Bachoco,2540000000.0,Mexico
124, ğŸ´ Food,Fonterra,2530000000.0,New Zealand
125, ğŸ´ Food,Arcos Dorados Holdings,2400000000.0,Uruguay
126, ğŸ´ Food,Leroy Seafood,2350000000.0,Norway
127, ğŸ´ Food,Cal-Maine Foods,2340000000.0,USA
128, ğŸ´ Food,Marel,2320000000.0,Iceland
129, ğŸ´ Food,Strauss Group,2310000000.0,Israel
130, ğŸ´ Food,Migros Ticaret A.S.,2290000000.0,Turkey
131, ğŸ´ Food,Tootsie Roll Industries,2290000000.0,USA
132, ğŸ´ Food,TreeHouse Foods,2280000000.0,USA
133, ğŸ´ Food,Maple Leaf Foods,2240000000.0,Canada
134, ğŸ´ Food,Sovos Brands,2210000000.0,USA
135, ğŸ´ Food,Krispy Kreme,2190000000.0,USA
136, ğŸ´ Food,Papa John's Pizza,2180000000.0,USA
137, ğŸ´ Food,SSP Group,2080000000.0,UK
138, ğŸ´ Food,Bloomin' Brands,2069999999.9999998,USA
139, ğŸ´ Food,Nongshim,1880000000.0,S. Korea
140, ğŸ´ Food,The a2 Milk Company,1860000000.0,New Zealand
141, ğŸ´ Food,Thai Union Group,1780000000.0,Thailand
142, ğŸ´ Food,The Cheesecake Factory,1650000000.0,USA
143, ğŸ´ Food,Tiger Brands,1620000000.0,South Africa
144, ğŸ´ Food,Brinker International,1560000000.0,USA
145, ğŸ´ Food,Fine Organics,1550000000.0,India
146, ğŸ´ Food,Austevoll Seafood,1400000000.0,Norway
147, ğŸ´ Food,Jack in the Box,1390000000.0,USA
148, ğŸ´ Food,AVI Limited,1380000000.0,South Africa
149, ğŸ´ Food,AmRest,1360000000.0,Spain
150, ğŸ´ Food,Samyang Foods,1230000000.0,S. Korea
151, ğŸ´ Food,Italmobiliare,1160000000.0,Italy
152, ğŸ´ Food,East India Distilleries Parry,1140000000.0,India
153, ğŸ´ Food,Fresh Del Monte Produce,1130000000.0,Cayman Islands
154, ğŸ´ Food,Corbion,1100000000.0,Netherlands
155, ğŸ´ Food,Dole PLC,1100000000.0,Ireland
156, ğŸ´ Food,Utz Brands,1080000000.0,USA
157, ğŸ´ Food,Brim hf.,1070000000.0000001,Iceland
158, ğŸ´ Food,Sweetgreen,1070000000.0000001,USA
159, ğŸ´ Food,PAR Technology,1060000000.0,USA
160, ğŸ´ Food,First Watch Restaurant,1060000000.0,USA
161, ğŸ´ Food,The Chefs' Warehouse,1050000000.0,USA
162, ğŸ´ Food,Ottogi,1040000000.0,S. Korea
163, ğŸ´ Food,Zad Holding Company,1020000000.0,Qatar
164, ğŸ´ Food,Hain Celestial,980000000.0,USA
165, ğŸ´ Food,Agrana,940000000.0,Austria
166, ğŸ´ Food,MTY Food Group,910000000.0,Canada
167, ğŸ´ Food,Olo,830000000.0,USA
168, ğŸ´ Food,Portillo's,820000000.0,USA
169, ğŸ´ Food,Alamar Foods Company,800000000.0,S. Arabia
170, ğŸ´ Food,Savencia Fromage & Dairy,790000000.0,France
171, ğŸ´ Food,(DIA) Distribuidora Internacional de AlimentaciÃ³n,770000000.0,Spain
172, ğŸ´ Food,SpartanNash,770000000.0,USA
173, ğŸ´ Food,Sligro Food,760000000.0,Netherlands
174, ğŸ´ Food,CafÃ© de Coral,740000000.0,Hong Kong
175, ğŸ´ Food,B&G Foods,740000000.0,USA
176, ğŸ´ Food,BJ's Restaurants,710000000.0,USA
177, ğŸ´ Food,Grieg Seafood,700000000.0,Norway
178, ğŸ´ Food,Kura Sushi USA,690000000.0,USA
179, ğŸ´ Food,Dine Brands Global,690000000.0,USA
180, ğŸ´ Food,Baladna,640000000.0,Qatar
181, ğŸ´ Food,Mission Produce,630000000.0,USA
182, ğŸ´ Food,The Restaurant Group plc,630000000.0,UK
183, ğŸ´ Food,Chuy's,600000000.0,USA
184, ğŸ´ Food,SunOpta,570000000.0,Canada
185, ğŸ´ Food,Vital Farms,520000000.0,USA
186, ğŸ´ Food,Denny's,510000000.0,USA
187, ğŸ´ Food,Cloetta,490000000.0,Sweden
188, ğŸ´ Food,Dingdong Maicai,450000000.0,China
189, ğŸ´ Food,Biglari,450000000.0,USA
190, ğŸ´ Food,Oatly,440000000.0,Sweden
191, ğŸ´ Food,Beyond Meat,430000000.0,USA
192, ğŸ´ Food,Arnarlax (Icelandic Salmon),420000000.0,Iceland
193, ğŸ´ Food,Calavo Growers,420000000.0,USA
194, ğŸ´ Food,Carrols Restaurant Group,410000000.0,USA
195, ğŸ´ Food,Bafang Yunji,360000000.0,Taiwan
196, ğŸ´ Food,Seneca Foods,340000000.0,USA
197, ğŸ´ Food,Pizza Pizza,330000000.0,Canada
198, ğŸ´ Food,Parag Milk Foods,300000000.0,India
199, ğŸ´ Food,Barbeque Nation Hospitality,280000000.0,India
200, ğŸ´ Food,El Pollo Loco,280000000.0,USA
201, ğŸ´ Food,Restaurant Brands New Zealand,270000000.0,New Zealand
202, ğŸ´ Food,TH International (Tims China),270000000.0,China
203, ğŸ´ Food,Potbelly Corporation,270000000.0,USA
204, ğŸ´ Food,Nathan's Famous,270000000.0,USA
205, ğŸ´ Food,Kyokuyo,270000000.0,Japan
206, ğŸ´ Food,Vidhi Specialty Food,260000000.0,India
207, ğŸ´ Food,HF Foods Group,240000000.0,USA
208, ğŸ´ Food,Lifeway Foods,220000000.0,USA
209, ğŸ´ Food,Fiesta Restaurant Group,220000000.0,USA
210, ğŸ´ Food,Dhampur Sugar Mills,210000000.0,India
211, ğŸ´ Food,GEN Restaurant Group,210000000.0,USA
212, ğŸ´ Food,Vadilal Industries,210000000.0,India
213, ğŸ´ Food,Alto Ingredients,180000000.0,USA
214, ğŸ´ Food,Fairwood Holdings,170000000.0,Hong Kong
215, ğŸ´ Food,The ONE Group Hospitality,140000000.0,USA
216, ğŸ´ Food,Whole Earth Brands,140000000.0,USA
217, ğŸ´ Food,Red Robin,140000000.0,USA
218, ğŸ´ Food,Noodles & Company,130000000.0,USA
219, ğŸ´ Food,Moolec Science,110000000.0,Luxembourg
220, ğŸ´ Food,Blue Apron Holdings,99970000.0,USA
221, ğŸ´ Food,Atlantic Sapphire,97430000.0,Norway
222, ğŸ´ Food,FAT Brands,97310000.0,USA
223, ğŸ´ Food,YanGuFang International Group,96320000.0,China
224, ğŸ´ Food,Village Farms International,92320000.0,Canada
225, ğŸ´ Food,Apex Frozen Foods,81170000.0,India
226, ğŸ´ Food,Real Good Food plc,61760000.0,UK
227, ğŸ´ Food,Milkfood Limited,36330000.0,India
228, ğŸ´ Food,Rave Restaurant Group,35590000.0,USA
229, ğŸ´ Food,Local Bounti,31960000.0,USA
230, ğŸ´ Food,Davis Commodities,26520000.0,Singapore
231, ğŸ´ Food,AquaBounty,8300000.000000001,USA
232, ğŸ´ Food,Missfresh,8140000.000000001,China
233, ğŸ´ Food,Stryve Foods,7700000.0,USA
234, ğŸ´ Food,Farmmi,7470000.0,China
235, ğŸ´ Food,BranchOut Food,5700000.0,USA
236, ğŸ´ Food,Edible Garden,2620000.0,USA
1,ğŸš— Automakers,Tesla,755720000000.0,USA
2,ğŸš— Automakers,Toyota,253750000000.0,Japan
3,ğŸš— Automakers,BYD,87300000000.0,China
4,ğŸš— Automakers,Porsche,85950000000.0,Germany
5,ğŸš— Automakers,Mercedes-Benz,68530000000.0,Germany
6,ğŸš— Automakers,BMW,67620000000.00001,Germany
7,ğŸš— Automakers,Ferrari,66680000000.00001,Italy
8,ğŸš— Automakers,Stellantis,63060000000.0,Netherlands
9,ğŸš— Automakers,Volkswagen,62240000000.0,Germany
10,ğŸš— Automakers,Honda,51400000000.0,Japan
11,ğŸš— Automakers,Li Auto,42730000000.0,China
12,ğŸš— Automakers,Ford,41950000000.0,USA
13,ğŸš— Automakers,General Motors,38700000000.0,USA
14,ğŸš— Automakers,Maruti Suzuki India,38120000000.0,India
15,ğŸš— Automakers,Hyundai,34200000000.000004,S. Korea
16,ğŸš— Automakers,Tata Motors,29650000000.0,India
17,ğŸš— Automakers,Great Wall Motors,27080000000.0,China
18,ğŸš— Automakers,Kia,25510000000.0,S. Korea
19,ğŸš— Automakers,SAIC Motor,23830000000.0,China
20,ğŸš— Automakers,Mahindra & Mahindra,23180000000.0,India
21,ğŸš— Automakers,Chongqing Changan,21400000000.0,China
22,ğŸš— Automakers,Suzuki Motor,19470000000.0,Japan
23,ğŸš— Automakers,XPeng,17890000000.0,China
24,ğŸš— Automakers,Seres Group,16020000000.0,China
25,ğŸš— Automakers,Nissan,15620000000.0,Japan
26,ğŸš— Automakers,Rivian,15580000000.0,USA
27,ğŸš— Automakers,VinFast Auto,14840000000.0,Vietnam
28,ğŸš— Automakers,NIO,13890000000.0,China
29,ğŸš— Automakers,Subaru,13600000000.0,Japan
30,ğŸš— Automakers,Hotai Motor,12220000000.0,Taiwan
31,ğŸš— Automakers,Volvo Car,12060000000.0,Sweden
32,ğŸš— Automakers,Geely,11840000000.0,China
33,ğŸš— Automakers,GAC (Guangzhou Automobile Group),11590000000.0,China
34,ğŸš— Automakers,Renault,11040000000.0,France
35,ğŸš— Automakers,Isuzu,9970000000.0,Japan
36,ğŸš— Automakers,Ford Otosan,9960000000.0,Turkey
37,ğŸš— Automakers,Lucid Motors,9820000000.0,USA
38,ğŸš— Automakers,Mazda,7040000000.0,Japan
39,ğŸš— Automakers,FAW Car,6020000000.0,China
40,ğŸš— Automakers,Leapmotor,5840000000.0,China
41,ğŸš— Automakers,Polaris,5120000000.0,USA
42,ğŸš— Automakers,Mitsubishi Motors,4940000000.0,Japan
43,ğŸš— Automakers,Polestar,4450000000.0,Sweden
44,ğŸš— Automakers,TofaÅŸ TÃ¼rk Otomobil FabrikasÄ±,4150000000.0000005,Turkey
45,ğŸš— Automakers,Dongfeng Motor,3930000000.0,China
46,ğŸš— Automakers,Aston Martin,2440000000.0,UK
47,ğŸš— Automakers,NWTN Inc.,2069999999.9999998,UAE
48,ğŸš— Automakers,Nikola,1010000000.0,USA
49,ğŸš— Automakers,Fisker,760000000.0,USA
50,ğŸš— Automakers,Force Motors,630000000.0,India
51,ğŸš— Automakers,Kandi Technologies Group,240000000.0,China
52,ğŸš— Automakers,Canoo,230000000.0,USA
53,ğŸš— Automakers,Mullen Automotive,71830000.0,USA
54,ğŸš— Automakers,Cenntro Electric Group,69740000.0,USA
55,ğŸš— Automakers,Electra Meccanica,49380000.0,Canada
56,ğŸš— Automakers,REE Automotive,36910000.0,Israel
57,ğŸš— Automakers,Phoenix Motor,26820000.0,USA
58,ğŸš— Automakers,Arrival,22410000.0,UK
59,ğŸš— Automakers,Faraday Future,9260000.0,USA
60,ğŸš— Automakers,Arcimoto,6160000.0,USA
1,ğŸ›’ E-Commerce,Amazon,1518000000000.0,USA
2,ğŸ›’ E-Commerce,Alibaba,200460000000.0,China
3,ğŸ›’ E-Commerce,Pinduoduo,159270000000.0,China
4,ğŸ›’ E-Commerce,Shopify,90700000000.0,Canada
5,ğŸ›’ E-Commerce,Meituan,87390000000.0,China
6,ğŸ›’ E-Commerce,MercadoLibre,77820000000.0,Argentina
7,ğŸ›’ E-Commerce,Copart,48590000000.0,USA
8,ğŸ›’ E-Commerce,Jingdong Mall,46330000000.0,China
9,ğŸ›’ E-Commerce,Coupang,29120000000.0,S. Korea
10,ğŸ›’ E-Commerce,eBay,21530000000.0,USA
11,ğŸ›’ E-Commerce,Sea (Garena),20690000000.0,Singapore
12,ğŸ›’ E-Commerce,JD Health,15990000000.0,China
13,ğŸ›’ E-Commerce,Adevinta,12650000000.0,Norway
14,ğŸ›’ E-Commerce,Vipshop,8880000000.0,China
15,ğŸ›’ E-Commerce,Chewy,8780000000.0,USA
16,ğŸ›’ E-Commerce,Etsy,8620000000.0,USA
17,ğŸ›’ E-Commerce,Rakuten,8270000000.0,Japan
18,ğŸ›’ E-Commerce,Alibaba Health Information Technology,7930000000.0,Hong Kong
19,ğŸ›’ E-Commerce,Allegro.eu,7840000000.0,Poland
20,ğŸ›’ E-Commerce,Instacart (Maplebear Inc.),7070000000.0,USA
21,ğŸ›’ E-Commerce,GoTo,6520000000.0,Indonesia
22,ğŸ›’ E-Commerce,ZOZO,6470000000.0,Japan
23,ğŸ›’ E-Commerce,Zalando,6460000000.0,Germany
24,ğŸ›’ E-Commerce,Ocado,6350000000.0,UK
25,ğŸ›’ E-Commerce,Nykaa,5880000000.0,India
26,ğŸ›’ E-Commerce,Wayfair,5780000000.0,USA
27,ğŸ›’ E-Commerce,Carvana,5560000000.0,USA
28,ğŸ›’ E-Commerce,Schibsted,5430000000.0,Norway
29,ğŸ›’ E-Commerce,Global-e,5180000000.0,Israel
30,ğŸ›’ E-Commerce,Monotaro,4930000000.0,Japan
31,ğŸ›’ E-Commerce,momo.com Inc.,3810000000.0,Taiwan
32,ğŸ›’ E-Commerce,Mercari,3250000000.0,Japan
33,ğŸ›’ E-Commerce,Lightspeed POS,2510000000.0,Canada
34,ğŸ›’ E-Commerce,Redcare Pharmacy,2490000000.0,Netherlands
35,ğŸ›’ E-Commerce,Cimpress,1900000000.0,Ireland
36,ğŸ›’ E-Commerce,IndiaMART,1870000000.0,India
37,ğŸ›’ E-Commerce,Vivid Seats,1700000000.0,USA
38,ğŸ›’ E-Commerce,Bukalapak.com,1390000000.0,Indonesia
39,ğŸ›’ E-Commerce,VTEX,1300000000.0,UK
40,ğŸ›’ E-Commerce,THG (The Hut Group),1290000000.0,UK
41,ğŸ›’ E-Commerce,Revolve,1060000000.0,USA
42,ğŸ›’ E-Commerce,Dada Nexus,980000000.0,China
43,ğŸ›’ E-Commerce,About You,920000000.0,Germany
44,ğŸ›’ E-Commerce,Wirtualna Polska (WP Holding),810000000.0,Poland
45,ğŸ›’ E-Commerce,Overstock.com,760000000.0,USA
46,ğŸ›’ E-Commerce,CEWE,740000000.0,Germany
47,ğŸ›’ E-Commerce,Infibeam Avenues,690000000.0,India
48,ğŸ›’ E-Commerce,BigCommerce,660000000.0,USA
49,ğŸ›’ E-Commerce,Liquidity Services,630000000.0,USA
50,ğŸ›’ E-Commerce,ASOS,570000000.0,UK
51,ğŸ›’ E-Commerce,Boohoo Group,550000000.0,UK
52,ğŸ›’ E-Commerce,Dingdong Maicai,460000000.0,China
53,ğŸ›’ E-Commerce,Zur Rose Group,450000000.0,Switzerland
54,ğŸ›’ E-Commerce,MSTC Limited,360000000.0,India
55,ğŸ›’ E-Commerce,Newegg,360000000.0,USA
56,ğŸ›’ E-Commerce,Groupon,330000000.0,USA
57,ğŸ›’ E-Commerce,Webuy Global,320000000.0,Singapore
58,ğŸ›’ E-Commerce,Jumia,310000000.0,Germany
59,ğŸ›’ E-Commerce,Hong Kong Technology Venture Company (HKTV),300000000.0,Hong Kong
60,ğŸ›’ E-Commerce,MYT Netherlands Parent (Mytheresa),250000000.0,Germany
61,ğŸ›’ E-Commerce,The RealReal,230000000.0,USA
62,ğŸ›’ E-Commerce,ThredUp,210000000.0,USA
63,ğŸ›’ E-Commerce,Americanas,200000000.0,Brazil
64,ğŸ›’ E-Commerce,CarParts.com,180000000.0,USA
65,ğŸ›’ E-Commerce,Baozun,180000000.0,China
66,ğŸ›’ E-Commerce,1stdibs.Com,170000000.0,USA
67,ğŸ›’ E-Commerce,PFSweb,170000000.0,USA
68,ğŸ›’ E-Commerce,1-800-PetMeds,150000000.0,USA
69,ğŸ›’ E-Commerce,LightInTheBox Holding,140000000.0,Singapore
70,ğŸ›’ E-Commerce,The Original BARK Company,140000000.0,USA
71,ğŸ›’ E-Commerce,Allied Tecnologia,110000000.0,Brazil
72,ğŸ›’ E-Commerce,ContextLogic (wish.com),110000000.0,USA
73,ğŸ›’ E-Commerce,Mister Spex,100000000.0,Germany
74,ğŸ›’ E-Commerce,a.k.a. Brands,100000000.0,USA
75,ğŸ›’ E-Commerce,Lulu's Fashion Lounge,93080000.0,USA
76,ğŸ›’ E-Commerce,Grove Collaborative,86500000.0,USA
77,ğŸ›’ E-Commerce,Natural Health Trends,61380000.0,USA
78,ğŸ›’ E-Commerce,Global Fashion Group,58490000.0,Luxembourg
79,ğŸ›’ E-Commerce,Uxin Limited,52670000.0,China
80,ğŸ›’ E-Commerce,Hour Loop,48410000.0,USA
81,ğŸ›’ E-Commerce,Katapult Holdings,40240000.0,USA
82,ğŸ›’ E-Commerce,Rent the Runway,39610000.0,USA
83,ğŸ›’ E-Commerce,SIGNA Sports United,36310000.0,Germany
84,ğŸ›’ E-Commerce,Upexi,19290000.0,USA
85,ğŸ›’ E-Commerce,Yunji,16590000.0,China
86,ğŸ›’ E-Commerce,Missfresh,8140000.000000001,China
87,ğŸ›’ E-Commerce,Treasure Global,5800000.0,Malaysia
88,ğŸ›’ E-Commerce,Kidpik,4040000.0,USA
89,ğŸ›’ E-Commerce,Nogin,3320000.0,USA
90,ğŸ›’ E-Commerce,Shift Technologies,2890000.0,USA
91,ğŸ›’ E-Commerce,Jeffs' Brands,2860000.0,Israel
92,ğŸ›’ E-Commerce,Polished.com,2570000.0,USA
93,ğŸ›’ E-Commerce,Onion Global,1050000.0,China
94,ğŸ›’ E-Commerce,Kaspien,750000.0,USA
1,ğŸ” Restaurant chains,McDonald,204400000000.0,USA
2,ğŸ” Restaurant chains,Chipotle Mexican Grill,60850000000.0,USA
3,ğŸ” Restaurant chains,Yum! Brands,36010000000.0,USA
4,ğŸ” Restaurant chains,Restaurant Brands International,30760000000.0,Canada
5,ğŸ” Restaurant chains,Darden Restaurants,18790000000.0,USA
6,ğŸ” Restaurant chains,Yum China,18480000000.0,China
7,ğŸ” Restaurant chains,Domino's Pizza,12890000000.0,USA
8,ğŸ” Restaurant chains,Hai Di Lao Hot Pot,11870000000.0,China
9,ğŸ” Restaurant chains,Americana Restaurants International,7890000000.0,UAE
10,ğŸ” Restaurant chains,Texas Roadhouse,7500000000.0,USA
11,ğŸ” Restaurant chains,Wingstop Restaurants,6920000000.0,USA
12,ğŸ” Restaurant chains,McDonald's Japan,5630000000.0,Japan
13,ğŸ” Restaurant chains,Jollibee,4820000000.0,Philippines
14,ğŸ” Restaurant chains,Wendyâ€™s Company,3970000000.0,USA
15,ğŸ” Restaurant chains,CAVA Group,3900000000.0,USA
16,ğŸ” Restaurant chains,Devyani International,2630000000.0,India
17,ğŸ” Restaurant chains,Shake Shack,2620000000.0,USA
18,ğŸ” Restaurant chains,Arcos Dorados Holdings,2430000000.0,Uruguay
19,ğŸ” Restaurant chains,Papa John's Pizza,2190000000.0,USA
20,ğŸ” Restaurant chains,SSP Group,2109999999.9999998,UK
21,ğŸ” Restaurant chains,Bloomin' Brands,2069999999.9999998,USA
22,ğŸ” Restaurant chains,Dave & Buster's,1670000000.0,USA
23,ğŸ” Restaurant chains,The Cheesecake Factory,1640000000.0,USA
24,ğŸ” Restaurant chains,Brinker International,1560000000.0,USA
25,ğŸ” Restaurant chains,Jack in the Box,1370000000.0,USA
26,ğŸ” Restaurant chains,AmRest,1370000000.0,Spain
27,ğŸ” Restaurant chains,Sweetgreen,1060000000.0,USA
28,ğŸ” Restaurant chains,First Watch Restaurant,1050000000.0,USA
29,ğŸ” Restaurant chains,MTY Food Group,920000000.0,Canada
30,ğŸ” Restaurant chains,Portillo's,820000000.0,USA
31,ğŸ” Restaurant chains,CafÃ© de Coral,740000000.0,Hong Kong
32,ğŸ” Restaurant chains,BJ's Restaurants,700000000.0,USA
33,ğŸ” Restaurant chains,Dine Brands Global,680000000.0,USA
34,ğŸ” Restaurant chains,Kura Sushi USA,680000000.0,USA
35,ğŸ” Restaurant chains,The Restaurant Group plc,630000000.0,UK
36,ğŸ” Restaurant chains,Chuy's,600000000.0,USA
37,ğŸ” Restaurant chains,Denny's,510000000.0,USA
38,ğŸ” Restaurant chains,Biglari,450000000.0,USA
39,ğŸ” Restaurant chains,Carrols Restaurant Group,410000000.0,USA
40,ğŸ” Restaurant chains,Bafang Yunji,360000000.0,Taiwan
41,ğŸ” Restaurant chains,Pizza Pizza,340000000.0,Canada
42,ğŸ” Restaurant chains,Barbeque Nation Hospitality,280000000.0,India
43,ğŸ” Restaurant chains,El Pollo Loco,280000000.0,USA
44,ğŸ” Restaurant chains,TH International (Tims China),270000000.0,China
45,ğŸ” Restaurant chains,Restaurant Brands New Zealand,270000000.0,New Zealand
46,ğŸ” Restaurant chains,Potbelly Corporation,270000000.0,USA
47,ğŸ” Restaurant chains,Nathan's Famous,270000000.0,USA
48,ğŸ” Restaurant chains,Fiesta Restaurant Group,220000000.0,USA
49,ğŸ” Restaurant chains,GEN Restaurant Group,210000000.0,USA
50,ğŸ” Restaurant chains,Fairwood Holdings,170000000.0,Hong Kong
51,ğŸ” Restaurant chains,The ONE Group Hospitality,140000000.0,USA
52,ğŸ” Restaurant chains,Red Robin,140000000.0,USA
53,ğŸ” Restaurant chains,Noodles & Company,130000000.0,USA
54,ğŸ” Restaurant chains,FAT Brands,96320000.0,USA
55,ğŸ” Restaurant chains,Rave Restaurant Group,35000000.0,USA
